id,code,name,region
52000,52004092,龙港市人民医院,浙江
52001,52004108,辽宁省健康产业集团抚矿总医院,辽宁
52002,52004086,北京市中西医结合医院,北京
52003,52001119,白水县医院,陕西
52004,52004248,上海中医药大学附属岳阳中西医结合医院,上海
52005,52004118,首都医科大学附属北京儿童医院黑龙江医院江南院区,黑龙江
52006,52001350,康定县人民医院,四川
52007,52004098,大连市妇女儿童医疗中心(集团)希望广场儿童院区,辽宁
52008,52000313,双鸭山矿业集团有限公司第二医院,黑龙江
52009,52001351,甘洛县人民医院,四川
52010,52001407,石柱土家族自治县妇幼保健所,重庆
52011,52001352,德格县人民医院,四川
52012,52004089,长春市儿童医院,吉林
52013,52004223,天津石化医院,天津
52014,52004287,攸县人民医院,湖南
52015,52001412,酉阳县中医院,重庆
52016,52004158,中国人民解放军东部战区总医院,江苏
52017,52004260,漳州市中医院,福建
52018,52004222,天津市南开医院,天津
52019,52004230,廊坊市人民医院,河北
52020,52000314,吉林新华医院,吉林
52021,623745,罗氏诊断产品（苏州）有限公司,江苏
52022,52004074,安康市中心医院,陕西
52023,52004320,常州市第一人民医院,江苏
52024,52004285,龙岩人民医院,福建
52025,52004346,浙江省义乌市中医院,浙江
52026,52004331,浙江大学医学院附属第一医院城站分院,浙江
52027,52004335,济南市中心医院,山东
52028,52004337,上海市第六人民医院金山分院,上海
52029,52004341,苏北人民医院,江苏
52030,52004349,丽水市人民医院,浙江
52031,52004103,大连大学附属中山医院,辽宁
52032,52004264,复星诊断科技(上海)有限公司,上海
52033,52004267,宁波博泰生物技术有限公司,浙江
52034,52004263,中生北控生物科技股份有限公司,北京
52035,52004113,林州市人民医院,河南
52036,52004312,蚌埠市第二人民医院,安徽
52037,52004127,中国人民解放军第九六四医院,吉林
52038,52004355,宁波市妇女儿童医院,浙江
52039,52004328,杭州市萧山区第一人民医院,浙江
52040,52004347,浙江省人民医院,浙江
52041,52001012,甘南州妇幼保健院,甘肃
52042,52004155,中国人民解放军联勤保障部队第九四〇医院,甘肃
52043,52004315,上海市胸科医院,上海
52044,52004292,中国人民解放军中部战区总医院汉口院区,湖北
52045,52004344,新昌县人民医院,浙江
52046,52004376,上海中医药大学附属龙华医院,上海
52047,52004340,江苏省省级机关医院,江苏
52048,52004348,上海市普陀区利群医院,上海
52049,52004290,昆明市第三人民医院,云南
52050,52004321,上海市东方医院,上海
52051,52004332,上海市静安区中心医院,上海
52052,52004156,兰州大学第一医院,甘肃
52053,52004301,杭州迪安医疗控股有限公司,浙江
52054,52004316,安徽医科大学第四附属医院,安徽
52055,52004311,滁州市第一人民医院,安徽
52056,52004291,深圳市人民医院,广东
52057,52004327,上海市宝山区仁和医院,上海
52058,52004342,中国科学院大学附属肿瘤医院,浙江
52059,52004317,苍南县人民医院,浙江
52060,52004356,浦东新区公利医院,上海
52061,52004359,青岛市市立医院(康复大学青岛医院、青岛市医学影像学中心、青岛市临床医学研究所),山东
52062,52004362,浙江省衢州市人民医院,浙江
52063,52004391,浦东新区浦南医院,上海
52064,52004351,宁波市镇海区龙赛医院,浙江
52065,52004357,上海中医药大学附属普陀区中心医院,上海
52066,52004360,青岛大学附属医院市南院区,山东
52067,52004368,海军军医大学第一附属医院,上海
52068,52004371,山东中医药大学附属医院,山东
52069,52004294,厦门大学附属中山医院厦禾分部,福建
52070,52004276,广东卫健医疗器械有限公司,广东
52071,52004297,四川省亚中医疗仪器有限责任公司,四川
52072,52004333,浙江金华广福医院,浙江
52073,52004353,中国人民解放军东部战区总医院秦淮医疗区,江苏
52074,52004295,厦门大学附属中山医院,福建
52075,52004314,上海交通大学医学院附属第九人民医院北部院区,上海
52076,52004318,常州市第二人民医院,江苏
52077,52004319,常州市儿童医院,江苏
52078,52004322,宁波市奉化区中医医院,浙江
52079,52004338,南京医科大学附属口腔医院,江苏
52080,52004329,杭州师范大学附属医院,浙江
52081,52004394,上海海港医院,上海
52082,52004387,复旦大学附属金山医院,上海
52083,52004410,烟台毓璜顶医院,山东
52084,52004358,上海交通大学医学院附属仁济医院(东院),上海
52085,52004379,上海市第六人民医院,上海
52086,52004381,上海市第八人民医院,上海
52087,52004386,上海市松江区中心医院,上海
52088,52004389,上海市杨浦区控江医院,上海
52089,52004395,上海市第一妇婴保健院,上海
52090,52004400,上海交通大学医学院附属同仁医院,上海
52091,52004289,福建医科大学附属协和医院,福建
52092,52004367,苏州大学附属儿童医院,江苏
52093,52004385,中国福利会国际和平妇幼保健院,上海
52094,52004388,上海市虹口区江湾医院,上海
52095,52004397,绍兴市上虞人民医院,浙江
52096,52004408,徐州医科大学附属医院,江苏
52097,52004404,江南大学附属医院北院区,江苏
52098,52004419,舟山市妇女儿童医院,浙江
52099,52004460,中国中医科学院西苑医院,北京
52100,52004326,中国人民解放军海军特色医学中心,上海
52101,52004382,上海交通大学医学院附属仁济医院(西院),上海
52102,52004485,辽宁省金秋医院,辽宁
52103,52004486,辽宁省人民医院,辽宁
52104,52004496,山西医科大学第一医院,山西
52105,52004373,上海中医药大学附属曙光医院西院,上海
52106,52004493,宁夏医科大学总医院,宁夏
52107,52004392,江苏省人民医院,江苏
52108,52004497,石嘴山市第二人民医院,宁夏
52109,52004396,上海交通大学医学院附属新华医院,上海
52110,52004352,南京市第一医院,江苏
52111,52004398,苏州大学附属第一医院十梓街院区,江苏
52112,52004364,上海交通大学医学院附属瑞金医院,上海
52113,52004401,温岭市第一人民医院,浙江
52114,52004421,台州市立医院,浙江
52115,52004422,台州市中心医院,浙江
52116,52004450,首都医科大学附属北京儿童医院,北京
52117,52004453,北京市海淀医院,北京
52118,52004411,宜兴市人民医院,江苏
52119,52004437,昆皓睿诚医药研发(北京)有限公司,北京
52120,52004409,永康市第一人民医院,浙江
52121,52004417,丽水市中心医院,浙江
52122,52004471,大庆市人民医院,黑龙江
52123,52004403,江南大学附属医院南院区,江苏
52124,52004426,美莱普（北京）医药研究有限公司,北京
52125,52004374,复旦大学附属华东医院,上海
52126,52004383,上海市长宁区天山中医医院,上海
52127,52004384,上海市徐汇区枫林街道社区卫生服务中心,上海
52128,52004390,上海市闵行区中心医院,上海
52129,52004393,上海市第十人民医院,上海
52130,52004406,温州医科大学附属第二医院,浙江
52131,52004415,富阳市妇幼保健院,浙江
52132,52004510,西安交通大学第一附属医院,陕西
52133,52004451,北京友谊医院,北京
52134,52004416,镇江市第一人民医院,江苏
52135,52009354,诸暨市中心医院（诸暨市中心医院医共体、诸暨市暨阳街道社区卫生服务中心）,浙江
52136,52004560,中国人民武装警察部队上海市总队医院,上海
52137,52004454,北京医院,北京
52138,52004523,延安大学附属医院,陕西
52139,52004526,航空总医院,北京
52140,52004534,中国人民解放军第二六零医院,河北
52141,52009458,张掖市人民医院,甘肃
52142,52009345,北京华信医院(清华大学第一附属医院),北京
52143,52009459,青海红十字医院,青海
52144,52004420,复旦大学附属中山医院,上海
52145,52004521,洛阳东方医院,河南
52146,52004461,民航总医院,北京
52147,52004457,北京市仁和医院,北京
52148,52004481,新疆医科大学第二附属医院,新疆
52149,52004517,济宁市第一人民医院,山东
52150,52004528,遵化市人民医院,河北
52151,52004507,大同市第三人民医院,山西
52152,52004508,太原市第二人民医院,山西
52153,52004525,峰峰集团有限公司第二医院,河北
52154,52004455,北京怀柔医院,北京
52155,52004559,上海市静安区市北医院,上海
52156,52004402,上海市宝山区吴淞中心医院,上海
52157,52004413,余姚市人民医院,浙江
52158,52004501,天津市第一中心医院,天津
52159,52004366,长宁区北新泾街道社区卫生服务中心,上海
52160,52004369,上海交通大学医学院附属上海儿童医学中心,上海
52161,52004380,上海市第七人民医院,上海
52162,52004407,徐汇区中心医院,上海
52163,52004483,开封市中心医院,河南
52164,52004478,哈尔滨红十字中心医院,黑龙江
52165,52009357,随州市中心医院,湖北
52166,52004539,北京市放射免疫检测中心,北京
52167,52004532,河南科技大学第一附属医院（景华院区）,河南
52168,52004499,天津市胸科医院,天津
52169,52004563,杭州艾迪康医学检验中心有限公司,浙江
52170,52009368,莒县人民医院（古城院区）,山东
52171,52004378,上海市第五人民医院,上海
52172,52004538,北京大学人民医院,北京
52173,52004375,上海海员医院,上海
52174,52004519,河北中石油中心医院,河北
52175,52004537,北京肿瘤医院,北京
52176,52004442,罗氏诊断产品(上海)有限公司-上海办,上海
52177,52004452,北京大学第三医院,北京
52178,52004449,中国中医科学研究院广安门医院,北京
52179,52009396,江门市新会区人民医院,广东
52180,52004553,深圳市龙岗区第二人民医院,广东
52181,52009371,中国人民解放军西部战区空军医院,四川
52182,52009512,华中科技大学同济医学院附属同济医院,湖北
52183,52009515,喀什兵团农三师医院,新疆
52184,52009428,中国人民解放军总医院第七医学中心,北京
52185,52009517,绍兴市妇幼保健院,浙江
52186,52009534,武汉亚洲心脏病医院,湖北
52187,52009532,福建省福州结核病防治院,福建
52188,52009571,汕头市中心医院,广东
52189,52009569,厦门市中医院,福建
52190,52009514,晋城大医院,山西
52191,52009608,梧州市工人医院,广西
52192,52004506,天津市肿瘤医院,天津
52193,52004512,中国人民解放军空军军医大学第一附属医院,陕西
52194,52004511,新疆维吾尔自治区中医医院,新疆
52195,52009361,什邡市人民医院,四川
52196,52009374,四川省人民医院,四川
52197,52004468,大连市第四人民医院,辽宁
52198,52009426,牡丹江市肿瘤医院,黑龙江
52199,52004558,北京市公安医院,北京
52200,52004561,徐汇区天平街道社区卫生服务中心,上海
52201,52009615,湖州市妇幼保健院,浙江
52202,52009617,河南省肿瘤医院,河南
52203,52009641,湖州市中心医院,浙江
52204,52009565,上海市肺科医院,上海
52205,52009263,嘉兴鸿福电子医疗器械有限公司,浙江
52206,52009460,中国人民解放军第三零五医院,北京
52207,52009518,上海市浦东新区中医医院,上海
52208,52009520,四川大学华西医院,四川
52209,52004466,大连市友谊医院,辽宁
52210,52009451,天津市静海县医院,天津
52211,52009998,吉林省肿瘤医院,吉林
52212,52009425,北京新景安太医院,北京
52213,52009683,广州市胸科医院,广东
52214,52009840,上海交通大学医学院附属瑞金医院卢湾分院,上海
52215,52010132,浙江大学医学院附属邵逸夫医院,浙江
52216,52009661,辽宁省肿瘤医院,辽宁
52217,52009777,唐山市中医医院,河北
52218,52009448,北京燕化医院,北京
52219,52009500,青田县人民医院,浙江
52220,52010017,湖北省中山医院,湖北
52221,52010091,武汉儿童医院,湖北
52222,52009530,湖南省人民医院,湖南
52223,52004557,复旦大学附属华山医院,上海
52224,52009550,东莞市东部中心医院,广东
52225,52004490,兰州大学第二医院,甘肃
52226,52009564,诸暨市人民医院,浙江
52227,52009568,龙游县人民医院,浙江
52228,52009809,新疆维吾尔自治区喀什地区第二人民医院,新疆
52229,52009478,北京利德曼生化股份有限公司,北京
52230,52004473,河北省儿童医院,河北
52231,52009359,上海市第一人民医院,上海
52232,52009501,杨浦区控江社区卫生服务中心,上海
52233,52009839,北京美兆健康体检中心有限公司,北京
52234,52009429,广东省中医院,广东
52235,52009457,新疆医科大学附属肿瘤医院,新疆
52236,52009461,河南省人民医院,河南
52237,52009535,上海交通大学医学院附属第九人民医院黄浦分院,上海
52238,52009536,上海市瑞金康复医院,上海
52239,52009605,上海市第一康复医院,上海
52240,52009537,威海市立医院（总院）,山东
52241,52009570,福建中医药大学附属人民医院,福建
52242,52009883,广西中医药大学附属瑞康医院,广西
52243,52010018,上海市公共卫生临床中心,上海
52244,52009401,上海市公共卫生临床中心(市区分部),上海
52245,52010098,常州市妇幼保健院,江苏
52246,52010039,天津市第二人民医院,天津
52247,52009567,上海中医药大学附属上海市中医医院,上海
52248,52009551,十堰市人民医院,湖北
52249,52009631,宁德师范学院附属宁德市医院,福建
52250,52009614,嘉定区中心医院,上海
52251,52009793,温州市中西医结合医院,浙江
52252,52009750,承德医学院附属医院,河北
52253,52009751,泰州市人民医院,江苏
52254,52009792,北京航天总医院,北京
52255,52009577,首都医科大学附属北京朝阳医院,北京
52256,52009609,福建省立医院,福建
52257,52009619,杨浦区中心医院安图分部,上海
52258,52009851,瓦房店市中心医院,辽宁
52259,52009811,平顶山市第一人民医院,河南
52260,52009572,大连市金州区第一人民医院,辽宁
52261,52009659,张家界市人民医院,湖南
52262,52009886,哈尔滨医科大学附属第二医院,黑龙江
52263,52009911,河北医科大学第二医院,河北
52264,52010001,福建医科大学附属第二医院,福建
52265,52009842,北京协和医院,北京
52266,52009606,湖南省妇幼保健院,湖南
52267,52009884,解放军总医院第五医学中心(南院),北京
52268,52010040,中国人民解放军联勤保障部队第907医院,福建
52269,52010002,青浦区中医医院,上海
52270,52009891,上海市嘉定区南翔医院,上海
52271,52010140,开平市中心医院,广东
52272,52010073,中日友好医院,北京
52273,52010175,中南大学湘雅医院,湖南
52274,52010075,北京通顺赛马场有限公司,北京
52275,52004467,大连市中心医院,辽宁
52276,52010083,青岛思达心脏医院,山东
52277,52010440,深圳市儿童医院,广东
52278,52009855,昆山市第二人民医院,江苏
52279,52009856,中国医科大学附属第一医院,辽宁
52280,52009910,上海市监狱总医院,上海
52281,52009857,东莞市石碣医院,广东
52282,52010076,黑龙江省医院,黑龙江
52283,52010038,陕西省核工业二一五医院,陕西
52284,52009918,天水市第一人民医院,甘肃
52285,52010074,福建省龙岩市第一医院,福建
52286,52010133,新乡市中心医院,河南
52287,52009885,上海市闵行区中西医结合医院,上海
52288,52010340,重庆医科大学附属第二医院,重庆
52289,52010342,成都中医药大学附属医院,四川
52290,52010341,重庆大学附属三峡医院百安分院,重庆
52291,52010176,嘉兴市第二医院,浙江
52292,52010338,徐州市妇幼保健院,江苏
52293,52010367,大连医科大学附属第二医院,辽宁
52294,52010357,襄阳市中心医院,湖北
52295,52010446,西电集团医院,陕西
52296,52010585,重庆大学附属三峡医院,重庆
52297,52010638,株洲市第三医院,湖南
52298,52010548,安阳市人民医院,河南
52299,52010580,深圳市龙华区人民医院,广东
52300,52010757,海宁市人民医院,浙江
52301,52010553,黄浦区老西门街道社区卫生服务中心,上海
52302,52014748,南昌市劳动医院,江西
52303,52010579,丰城市人民医院,江西
52304,52010591,东阳市人民医院,浙江
52305,52010754,晋中市第一人民医院,山西
52306,52010547,承德市中心医院,河北
52307,52010551,象山县中医医院,浙江
52308,52022050,安徽省生物医学研究所安庆研究中心,安徽
52309,52009806,上海市浦东新区人民医院,上海
52310,52022067,新疆生产建设兵团农七师医院,新疆
52311,52022069,陆军军医大学第二附属医院,重庆
52312,52022131,北京市丰台区铁营医院,北京
52313,52022184,中国人民解放军总医院第八医学中心,北京
52314,52022217,辽宁省健康产业集团本钢总医院,辽宁
52315,52009611,巴州人民医院,新疆
52316,52022215,北京瑞妍茗医门诊部有限公司,北京
52317,52022137,北京市体育大学,北京
52318,52022171,北京口腔医院,北京
52319,52022191,北京大学首钢医院,北京
52320,52022213,北京普仁医院,北京
52321,52022198,北京大学第一医院,北京
52322,52010000,常熟市第五人民医院,江苏
52323,52010134,上海市杨浦区市东医院,上海
52324,52010542,威海市中心医院,山东
52325,52022117,北京老年医院,北京
52326,52022157,北京市隆福医院（北京市东城区老年病医院）,北京
52327,52009999,中南大学职工医院铁道分院,湖南
52328,52010552,奉贤区中心医院,上海
52329,52010544,广东医科大学附属东莞第一医院,广东
52330,52010439,首都医科大学附属北京同仁医院亦庄分院,北京
52331,52010543,青岛市妇女儿童医院,山东
52332,52010402,深圳市慢性病防治中心,广东
52333,52010084,莱西市人民医院,山东
52334,52010355,苏州市动物实验研究中心,江苏
52335,52010447,中国海员广州疗养院,广东
52336,52014000,湖北省人民医院,湖北
52337,52022243,吉林省一汽总医院,吉林
52338,52010119,上海科华生物工程股份有限公司,上海
52339,52010515,漯河市中心医院,河南
52340,52013999,宝山区泗塘街道社区卫生服务中心,上海
52341,52010443,深圳市宝安区人民医院,广东
52342,52010549,江西省妇幼保健院,江西
52343,52010581,玉林市第二人民医院,广西
52344,52022018,南丰县人民医院,江西
52345,52010590,和田地区人民医院,新疆
52346,52010635,广东省中医院二沙岛分院,广东
52347,52010545,博奥生物集团有限公司,北京
52348,52010445,天津市武清区人民医院,天津
52349,52010554,无锡市第二人民医院,江苏
52350,52010752,青岛市城阳区人民医院,山东
52351,52010766,金华市中医院,浙江
52352,52022028,无锡市中医医院,江苏
52353,52022247,吉林省人民医院,吉林
52354,52022248,长春市第二医院,吉林
52355,52010541,广东省妇幼保健院,广东
52356,52010584,河南省疾病预防控制中心,河南
52357,52022315,重庆大学附属三峡医院平湖分院,重庆
52358,52022120,北京市大兴区人民医院,北京
52359,52022268,常州市中医医院,江苏
52360,52022078,保定市第一中心医院,河北
52361,52022313,重庆医科大学附属第一医院,重庆
52362,52022127,北京中医药大学东方医院,北京
52363,52022255,北京市昌平区妇幼保健院,北京
52364,52022325,锦州铁路分局大虎山医院,辽宁
52365,52022312,鄂钢医院,湖北
52366,52022218,滨州市中心医院,山东
52367,52022335,大连港医院,辽宁
52368,52022342,庄河市中心医院,辽宁
52369,52022190,北京市石景山医院,北京
52370,52022241,长治市第三人民医院,山西
52371,52022371,东莞市妇幼保健院,广东
52372,52022384,东莞市妇幼保健院南城院区,广东
52373,52022355,大同市第五人民医院,山西
52374,52022380,东莞市大朗医院,广东
52375,52022387,东莞市黄江医院,广东
52376,52022398,东莞三局医院,广东
52377,52022352,让胡路区人民医院,黑龙江
52378,52022203,首都医科大学附属北京康复医院（北京工人疗养院）,北京
52379,52022230,北京市神经外科研究所,北京
52380,52022319,重庆钢铁（集团）有限责任公司,重庆
52381,52022399,东莞市清溪医院,广东
52382,52022420,广州市番禺区妇幼保健院,广东
52383,52022431,富春江水电设备总厂职工医院,浙江
52384,52022376,洞庭氮肥厂职工医院,湖南
52385,52022393,东莞市第八人民医院,广东
52386,52022429,中国人民解放军空军军医大学,陕西
52387,52022434,福建省老年医院,福建
52388,52022439,晋江市安海医院,福建
52389,52022421,肥城矿业中心医院,山东
52390,52022446,福建省肿瘤医院,福建
52391,52022448,福建省临床检验中心,福建
52392,52022468,福州市第二医院,福建
52393,52022482,高尔宝生物技术有限公司,广东
52394,52022459,福建省福清市医院,福建
52395,52022454,佛山市第二人民医院,广东
52396,52010339,高桥社区卫生服务中心,上海
52397,52022504,广东省第二中医院,广东
52398,52022583,广州市红十字会医院,广东
52399,52014366,中国医学科学院实验动物研究所,北京
52400,52014603,上海申德医院,上海
52401,52015321,中国人民解放军陆军第九五八医院,重庆
52402,52015322,北京大学口腔医院,北京
52403,52022023,上海国际旅行卫生保健中心,上海
52404,52022499,佛山市第五人民医院,广东
52405,52022586,桂林医学院附属医院,广西
52406,52022514,岑溪市人民医院,广西
52407,52022582,海珠区瑞宝街社区卫生服务中心,广东
52408,52022589,桂林市生之源干细胞专科公司,广西
52409,52022609,贵阳市第四人民医院,贵州
52410,52013995,湖南师范大学附属湘东医院,湖南
52411,52022588,桂林市人民医院,广西
52412,52022602,赤水市人民医院,贵州
52413,52014001,江苏省中西医结合医院,江苏
52414,52010639,广州爱康国宾健康检查有限公司,广东
52415,52022619,哈尔滨医科大学附属第一医院,黑龙江
52416,52010583,上海市光华中西医结合医院,上海
52417,52010755,广东省中医院珠海医院,广东
52418,52013994,南华大学附属第一医院,湖南
52419,52022612,遵义医科大学附属医院,贵州
52420,52022620,哈尔滨医科大学附属肿瘤医院,黑龙江
52421,52022623,哈尔滨市第五医院,黑龙江
52422,52010765,龙岩市博爱医院,福建
52423,52022494,茂名市电白区人民医院,广东
52424,52022635,广州海珠区中医院,广东
52425,52022630,海口市妇幼保健院,海南
52426,52022648,郑州市第一人民医院,河南
52427,52022670,河北省人民医院,河北
52428,52022659,监利县卫生防疫站,湖北
52429,52022567,广州市皮肤病防治所,广东
52430,52022580,增城市荔城医院,广东
52431,52022561,中山大学附属第六医院,广东
52432,52022684,中铁四局集团中心医院,安徽
52433,52022690,黑龙江省体育科学研究所,黑龙江
52434,52022693,黑龙江省中医药大学附属第一医院,黑龙江
52435,52022656,安徽省胸科医院,安徽
52436,52022633,唐山市唐海县人民医院,河北
52437,52022674,邯郸市馆陶县人民医院,河北
52438,52022302,中国医学科学院皮肤病医院,江苏
52439,52022358,上海市浦东新区六团镇卫生院,上海
52440,52022033,无锡市太湖医院,江苏
52441,52022038,中国人民解放军海军第九七一医院,山东
52442,52022668,焦作市第三人民医院,河南
52443,52022338,大连市第二人民医院,辽宁
52444,52022339,大连市第五人民医院,辽宁
52445,52022386,东莞广济医院,广东
52446,52014002,陆军军医大学第一附属医院,重庆
52447,52014604,国家卫生健康委临床检验中心,北京
52448,52022053,铜陵市人民医院701分院,安徽
52449,52022060,安徽省立医院,安徽
52450,52022084,秦皇岛市北戴河医院,河北
52451,52022411,百色市人民医院,广西
52452,52022490,广东医科大学附属医院,广东
52453,52022451,佛山复星禅诚医院,广东
52454,52022466,福州东方男子医院,福建
52455,52022687,邯郸市中心医院东院区,河北
52456,52022707,中国人民解放军联勤保障部队第九八九医院,河南
52457,52022041,中国人民解放军第八六医院,安徽
52458,52022470,甘肃省人民医院西院区,甘肃
52459,52022475,甘肃省人民医院,甘肃
52460,52022061,西安市中心医院,陕西
52461,52022730,湘潭市第一人民医院,湖南
52462,52022076,深圳市龙华新区慢病中心,广东
52463,52022086,北海市妇幼保健院,广西
52464,52022710,南阳市中心医院,河南
52465,52013998,郴州市第一人民医院,湖南
52466,52022058,泰安八十八医院,山东
52467,52022048,安徽医科大学第一附属医院,安徽
52468,52022027,无锡市第五人民医院,江苏
52469,52022649,杭州市第一人民医院,浙江
52470,52022662,保定市第一医院,河北
52471,52022074,白银市第二人民医院,甘肃
52472,52022075,广州市白云区妇幼保健院,广东
52473,52022037,中国人民解放军总医院第五医学中心,北京
52474,52022103,北京军区63920部队门诊,北京
52475,52022113,北京市昌平区中医医院,北京
52476,52022122,北京电力医院,北京
52477,52022144,北京市职业病防治院,北京
52478,52022146,北京市回民医院,北京
52479,52022081,宝鸡市中心医院,陕西
52480,52022153,北京京煤集团总医院,北京
52481,52022154,首都医科大学附属北京积水潭医院,北京
52482,52022150,北京市健宫医院,北京
52483,52022701,黄河三门峡医院,河南
52484,52022022,南京医科大学第二附属医院,江苏
52485,52022024,上海市食品药品检验研究院,上海
52486,52022082,宝应县人民医院,江苏
52487,52022115,北京朝阳糖尿病医院,北京
52488,52022139,北京和睦家医院有限公司,北京
52489,52022147,北京市佳境体检中心,北京
52490,52022072,自贡市第一人民医院,四川
52491,52022712,商丘市第一人民医院,河南
52492,52022166,北京市第二医院,北京
52493,52022168,北京核工业医院四〇一院区,北京
52494,52022160,应急总医院,北京
52495,52022717,浦东新区合庆镇社区卫生服务中心,上海
52496,52022206,首都医科大学宣武医院,北京
52497,52022192,北京水利医院,北京
52498,52022229,北京航空制造工程研究所,北京
52499,52022252,常德肿瘤医院,湖南
52500,52022260,长沙市第四医院,湖南
52501,52022216,蚌埠市妇幼保健院,安徽
52502,52022304,中国石油大学校医院,北京
52503,52022285,成都市计划生育技术指导所,四川
52504,52022287,成都市公共卫生临床医疗中心(航天院区),四川
52505,52022246,长春市传染病医院,吉林
52506,52022274,常州市第三人民医院,江苏
52507,52004480,佳木斯市中心医院,黑龙江
52508,52004492,宁夏回族自治区人民医院,宁夏
52509,52004494,青海大学附属医院,青海
52510,52004491,中国人民解放军总医院第六医学中心,北京
52511,52022311,贵州省黔南州人民医院,贵州
52512,52022301,中国医科大学附属第四医院,辽宁
52513,52022317,重庆三峡医药高等专科学校附属人民医院,重庆
52514,52022724,淮安市中医院,江苏
52515,52022085,北海市人民医院,广西
52516,52022292,新疆医科大学第八附属医院（原新疆维吾尔自治区胸科医院）,新疆
52517,52022087,解放军总医院第三医学中心,北京
52518,52022093,北京协和医院西院,北京
52519,52022098,中国人民解放军总医院第四医学中心,北京
52520,52022107,首都医科大学附属北京安贞医院,北京
52521,52022116,北京市第一中西医结合医院（CBD院区）,北京
52522,52022124,首都医科大学附属北京地坛医院,北京
52523,52022111,北京市密云区医院,北京
52524,52022175,首都医科大学附属北京友谊医院平谷分院,北京
52525,52022802,惠州出入境检验检疫局,广东
52526,52022210,重庆市大渡口区人民医院,重庆
52527,52022174,北京市体检中心,北京
52528,52022812,胜利油田管理局机关医院,山东
52529,52022847,上海市静安区江宁路街道社区卫生服务中心,上海
52530,52022732,黄石市中心医院,湖北
52531,52022757,襄阳市中西医结合医院(襄阳市东风人民医院),湖北
52532,52022189,北京朝阳三环肿瘤医院,北京
52533,52022195,首都医科大学附属天坛医院,北京
52534,52022750,天门市第一人民医院,湖北
52535,52022034,中国人民解放军联勤保障部队第九二一医院,湖南
52536,52022226,北京市新世纪国际儿童医院,北京
52537,52022753,武汉大学中南医院,湖北
52538,52022250,长春市中心医院,吉林
52539,52022817,河南省胸科医院,河南
52540,52022036,中国人民解放军联勤保障部队第九六九医院,内蒙古
52541,52022077,淮安市第一人民医院,江苏
52542,52022838,佳木斯中心医院二部,黑龙江
52543,52022759,湖北省地质矿产局职工医院,湖北
52544,52022768,仙桃市第一人民医院,湖北
52545,52022809,中山大学附属第八医院,广东
52546,52022857,江苏省肿瘤医院,江苏
52547,52022866,江西省胸科医院(江西省第三人民医院),江西
52548,52022723,哈尔滨二四二医院,黑龙江
52549,52022105,北京市房山区良乡医院,北京
52550,52022129,北京市房山区第一医院分院老年病医院,北京
52551,52022106,北京安定医院,北京
52552,52022114,首都医科大学附属北京朝阳医院石景山院区,北京
52553,52022239,首都医科大学附属首都儿童医学中心,北京
52554,52022135,首都医科大学附属复兴医院,北京
52555,52022869,赣州市人民医院北院区,江西
52556,52022873,南昌市人民医院抚河院区,江西
52557,52022849,汉寿县人民医院,湖南
52558,52022265,长兴县中医院,浙江
52559,52022125,北京中医药大学东直门医院,北京
52560,52022141,首都医科大学附属北京中医医院,北京
52561,52022920,吉林大学中日联谊医院,吉林
52562,52022921,吉林大学第二医院自强院区,吉林
52563,52022140,北京市和平里医院,北京
52564,52022167,北京市第六医院,北京
52565,52022348,丹阳市中医院,江苏
52566,52022196,首都医科大学附属北京同仁医院,北京
52567,52022349,大庆市第二医院,黑龙江
52568,52022350,大庆市第四医院,黑龙江
52569,52022267,沧州市中心医院,河北
52570,52004470,大连市妇女儿童医疗中心(集团),辽宁
52571,52022324,太原钢铁（集团）有限公司总医院尖草坪医院,山西
52572,52022346,十堰市铁路医院,湖北
52573,52004529,山西省人民医院,山西
52574,52022366,电白县电城中心卫生院(电白县第二人民医院),广东
52575,52022340,大连市公共卫生临床中心,辽宁
52576,52022412,广州市干部健康管理中心,广东
52577,52022423,丰城市中医院,江西
52578,52004502,天津市天津医院,天津
52579,52022289,岑溪市妇幼保健院,广西
52580,52022320,佛山市顺德区勒流镇医院,广东
52581,52022428,空军军医大学第三附属医院,陕西
52582,52022476,甘肃医学院附属医院,甘肃
52583,52022402,东莞市厚街医院,广东
52584,52022410,中国人民武装警察部队广西壮族自治区总队医院,广西
52585,52022390,东莞市桥头宏达门诊部,广东
52586,52022391,东莞沙田医院,广东
52587,52022397,东莞市莞城人民医院,广东
52588,52022400,东莞市中堂镇东泊村卫生站,广东
52589,52022415,粤北第二人民医院,广东
52590,52022419,房县人民医院,湖北
52591,52022282,西部战区总医院,四川
52592,52022308,泰州市中西医结合医院,江苏
52593,52022405,东营鸿港医院有限公司,山东
52594,52022417,鄂州二医院,湖北
52595,52022374,北京市东城区第一妇幼保健院,北京
52596,52022427,湖北省中西医结合医院,湖北
52597,52022316,重庆医科大学附属儿童医院,重庆
52598,52022438,晋江市医院,福建
52599,52022445,三明市沙县区总医院,福建
52600,52022452,佛山市中医院,广东
52601,52022442,福建省级机关医院,福建
52602,52022493,博罗县人民医院,广东
52603,52022465,阜阳市人民医院（北区）,安徽
52604,52022457,佛山市皮肤病防治所,广东
52605,52022500,佛山市第一人民医院,广东
52606,52022437,南平市建阳第一医院,福建
52607,52022351,大庆市油田总医院,黑龙江
52608,52022435,福建省长乐市医院,福建
52609,52022310,重庆医科大学附属永川医院,重庆
52610,52022303,中国人民解放军联勤保障部队第九八O医院,河北
52611,52022414,恩施市中心医院,湖北
52612,52022200,中国中医科学院望京医院,北京
52613,52022263,重庆长寿化工园区医院,重庆
52614,52022875,江西省人民医院,江西
52615,52022236,博乐市人民医院,新疆
52616,52022883,河源市人民医院,广东
52617,52022880,樟树市人民医院,江西
52618,52022885,江苏省人民医院龙江院区（江苏省妇幼保健院）,江苏
52619,52022898,揭阳市人民医院,广东
52620,52022925,中国人民解放军联勤保障部队第九六〇医院（南院）,山东
52621,52022974,昆明市中医院,云南
52622,52022950,湘西土家族苗族自治州人民医院,湖南
52623,52022951,九江市第三人民医院,江西
52624,52022924,济南艾迪康医学检验实验室有限公司,山东
52625,52022937,金华文荣医院,浙江
52626,52022321,江油宝石花医院,四川
52627,52022492,广东三九脑科医院,广东
52628,52022982,昆明市延安医院,云南
52629,52022327,大理市第一人民医院,云南
52630,52022362,内蒙古大兴安岭农场管理局中心医院,内蒙古
52631,52022363,德阳市人民医院,四川
52632,52022461,抚顺市矿务局老虎台矿职工医院,辽宁
52633,52022464,抚顺市第四医院,辽宁
52634,52022488,巩义市人民医院,河南
52635,52022336,大连市中医医院,辽宁
52636,52022337,大连市金州区传染病医院,辽宁
52637,52022345,丹东市中心医院,辽宁
52638,52023042,莒南县人民医院,山东
52639,52023044,临沂市中心医院,山东
52640,52022994,潍坊市妇幼保健院,山东
52641,52022986,冶金部第三冶金建设公司职工医院,辽宁
52642,52022999,甘肃宝石花医院（兰州石化总医院）,甘肃
52643,52023065,娄底市中心医院,湖南
52644,52023069,浏阳市妇幼保健计划生育服务中心,湖南
52645,52023012,东阿县人民医院,山东
52646,52023070,庐江县人民医院,安徽
52647,52022440,福建医科大学附属第一医院,福建
52648,52022486,高邮市人民医院,江苏
52649,52022433,复旦大学中美联合临床与分子医学研究中心,上海
52650,52023049,吉林省柳河医院,吉林
52651,52022975,昆明医科大学第一附属医院,云南
52652,52022977,昆明医科大学第二附属医院,云南
52653,52022995,上海市蓝十字健康体检中心,上海
52654,52023062,龙口市人民医院,山东
52655,52022498,广东省足球运动管理中心,广东
52656,52023087,内蒙古医科大学附属医院,内蒙古
52657,52022422,泗水县人民医院,山东
52658,52022523,广西中医药大学第一附属医院,广西
52659,52022503,广州市第一人民医院鹤洞分院,广东
52660,52022506,广东省精神卫生研究所,广东
52661,52022425,宁波市奉化区妇幼保健院,浙江
52662,52022509,兴宁市人民医院,广东
52663,52022510,广东省肇庆中心医院,广东
52664,52022478,酒钢医院,甘肃
52665,52022481,甘肃省武威肿瘤医院,甘肃
52666,52022531,中国人民解放军中部战区总医院,湖北
52667,52022441,宁化县总医院,福建
52668,52022444,福建中医药大学附属第二人民医院(福建省第二人民医院),福建
52669,52022538,广州市妇女儿童医疗中心（儿童医院院区）,广东
52670,52022535,广州市惠爱医院,广东
52671,52022455,佛山市第三人民医院,广东
52672,52022483,高密市人民医院,山东
52673,52022528,广元市中心医院,四川
52674,52022520,罗城仫佬族自治县人民医院,广西
52675,52022495,韶关市粤北人民医院,广东
52676,52022532,广州市白云区人民医院,广东
52677,52022536,广州市结核病防治所二分所,广东
52678,52022497,广东省金融学院,广东
52679,52022530,中国人民解放军南部战区总医院,广东
52680,52022576,新市街萧岗社区卫生站,广东
52681,52022593,贵阳市公共卫生救治中心（花果园院区）,贵州
52682,52022553,暨南大学附属第一医院,广东
52683,52022570,广州市天河区妇幼保健院,广东
52684,52022579,广州市越秀区儿童医院,广东
52685,52022596,广东省中医药贵州医院,贵州
52686,52022603,毕节市大方县中医院,贵州
52687,52022605,贵州省黔东南州人民医院,贵州
52688,52022592,中国人民解放军联勤保障部队第九二五医院,贵州
52689,52022598,贵阳市妇幼保健院,贵州
52690,52022572,广州医科大学附属肿瘤医院,广东
52691,52022575,广州市喜康有限公司,广东
52692,52022516,贵港市妇幼保健院,广西
52693,52022606,邵武市立医院,福建
52694,52022587,广西壮族自治区南溪山医院,广西
52695,52022590,桂林市妇女儿童医院,广西
52696,52022600,中国贵航集团三O二医院,贵州
52697,52022518,横州市人民医院,广西
52698,52022543,广州开发区医院,广东
52699,52022550,广州中医药大学,广东
52700,52022563,广东省人民医院,广东
52701,52022988,济南市第八人民医院,山东
52702,52022449,昌吉州宝石花医院,新疆
52703,52022930,山东省公共卫生临床中心历山院区,山东
52704,52022931,济南市第七人民医院,山东
52705,52022935,金湖县人民医院,江苏
52706,52022512,长沙老年病医院,湖南
52707,52023071,吕梁市第一人民医院,山西
52708,52023092,梅州市中医医院,广东
52709,52023099,中国人民解放军总医院第八医学中心香山路门诊部,北京
52710,52022971,昆明市儿童医院,云南
52711,52023095,四川省科学城医院,四川
52712,52022939,靖江市第二人民医院,江苏
52713,52023104,牡丹江机车车辆厂职工医院,黑龙江
52714,52023107,牡丹江市康安医院,黑龙江
52715,52023110,牡丹江市第二人民医院,黑龙江
52716,52023088,上海美年健康体检中心投资管理有限公司,上海
52717,52023020,辽宁省出入境检验检疫局,辽宁
52718,52023118,佛山市南海区第六人民医院,广东
52719,52023094,北京市门头沟区医院,北京
52720,52023141,南宁市第四人民医院,广西
52721,52023119,广东省人民医院南海医院,广东
52722,52023146,南通大学附属医院,江苏
52723,52023148,南通市肿瘤医院,江苏
52724,52023125,中国人民解放军东部战区空军医院,江苏
52725,52023021,辽宁国际旅行卫生保健中心,辽宁
52726,52023184,鄂尔多斯市人民医院,内蒙古
52727,52023149,北京市丰台区中医医院,北京
52728,52023166,国家(成都)中药安全性评价中心,四川
52729,52023212,蓬莱市人民医院,山东
52730,52023214,平度市第三人民医院,山东
52731,52023168,国家体育总局体育科学研究所,北京
52732,52023227,山东省青岛市劳动教养管理所,山东
52733,52023153,北京市朝阳区桓兴肿瘤医院,北京
52734,52023219,中国人民解放军第三七一医院,河南
52735,52023230,湖北江汉油田总医院广华院区,湖北
52736,52022472,甘肃省中医院,甘肃
52737,52023225,普宁市妇幼保健医院,广东
52738,52023199,宁夏回族自治区中西医结合医院(宁夏回族自治区第三人民医院),宁夏
52739,52023228,迁安市首钢矿山医院,河北
52740,52023277,清华大学校医院,北京
52741,52022607,贵阳市第二人民医院,贵州
52742,52023273,青海省交通医院,青海
52743,52023275,中国人民解放军联勤保障部队第941医院,青海
52744,52022628,海口市人民医院,海南
52745,52023191,中国人民解放军联勤保障部队第九〇六医院,浙江
52746,52022638,韩城市人民医院,陕西
52747,52022660,嘉鱼县鱼岳镇卫生院,湖北
52748,52022610,贵州省人民医院,贵州
52749,52023302,瑞安市中医院,浙江
52750,52022558,广州市第一人民医院,广东
52751,52022548,广州中医药大学第一附属医院,广东
52752,52023377,淄博市中心医院,山东
52753,52023249,山东省青岛体育训练中心,山东
52754,52023299,日照市妇幼保健院,山东
52755,52023305,乳山市人民医院,山东
52756,52023316,上海市宝山区传染病医院,上海
52757,52023329,南汇区精神卫生中心,上海
52758,52023373,福建省龙岩市第二医院(东院区),福建
52759,52023278,河北港口集团有限公司秦皇岛中西医结合医院,河北
52760,52023366,山西省汾阳医院,山西
52761,52023410,上海市临床检验中心,上海
52762,52023323,嘉定区江桥镇卫生院封浜分部,上海
52763,52023422,复旦大学附属中山医院青浦分院,上海
52764,52023308,广饶县人民医院,山东
52765,52023379,上海市嘉定区安亭医院,上海
52766,52023310,济宁医学院附属医院,山东
52767,52023340,中国人民武装警察部队山东省总队医院,山东
52768,52023390,静安区曹家渡街道社区卫生服务中心,上海
52769,52023391,上海市第十人民医院崇明分院,上海
52770,52022549,广州医科大学附属中医医院,广东
52771,52023101,中国人民解放军第八二医院,江苏
52772,52023427,上海中医药大学附属龙华医院浦东分院,上海
52773,52004524,唐山市工人医院,河北
52774,52004550,南京市儿童医院,江苏
52775,52023100,中国人民解放军第五一五医院,江苏
52776,52023122,江苏省电力公司南京健康服务中心,江苏
52777,52022546,广州市体育科学研究所,广东
52778,52022552,华南理工大学医院,广东
52779,52022571,广东省结核病防治研究所,广东
52780,52004540,深圳市第三人民医院,广东
52781,52022640,邯郸市荣耀心血管医院,河北
52782,52022665,承德市第五医院,河北
52783,52022613,遵义市播州区人民医院,贵州
52784,52022726,湖南医药学院总医院,湖南
52785,52022678,菏泽白癜风医院,山东
52786,52022682,安徽中医学院针灸经络研究所,安徽
52787,52022624,哈尔滨市公安医院,黑龙江
52788,52022621,哈尔滨医科大学附属第四医院,黑龙江
52789,52009372,成都市第一人民医院,四川
52790,52022634,海盐县人民医院,浙江
52791,52022728,北京市怀柔区第二医院,北京
52792,52022627,海南医学院第一附属医院,海南
52793,52022735,湖北省直属机关医院(湖北省康复医院),湖北
52794,52009262,中国科学技术大学,安徽
52795,52009370,重庆市沙坪坝区人民医院,重庆
52796,52022672,平顶山市第二人民医院,河南
52797,52023165,中华人民共和国国家统计局,北京
52798,52009356,中国人民解放军海军安庆医院,安徽
52799,52023261,康复大学青岛中心医院,山东
52800,52023262,青岛市老年病医院,山东
52801,52009373,云南省第一人民医院,云南
52802,52009355,滨州医学院附属医院,山东
52803,52022615,中国人民解放军联勤保障部队第九六二医院,黑龙江
52804,52022643,中国人民武装警察部队浙江省总队医院,浙江
52805,52022591,江西铜业公司贵溪冶炼厂职工医院,江西
52806,52022597,贵阳市第六医院,贵州
52807,52022617,哈尔滨市胸科医院,黑龙江
52808,52022653,杭州市红十字会医院,浙江
52809,52023360,烟台市烟台山医院（北院区）,山东
52810,52022611,织金县人民医院,贵州
52811,52023346,东营市人民医院,山东
52812,52023382,杨浦区殷行社区卫生服务中心,上海
52813,52023374,山东省侨联医院,山东
52814,52023396,上海市疾病预防控制中心(上海市预防医学科学院),上海
52815,52023401,复旦大学附属眼耳鼻喉科医院,上海
52816,52023460,汕头大学医学院第二附属医院,广东
52817,52023458,三明市第一医院,福建
52818,52022688,北大荒集团宝泉岭医院,黑龙江
52819,52022655,杭州致远医学检验所有限公司,浙江
52820,52023462,惠来县慈云中医院,广东
52821,52023415,上海市南汇县结核病防治院,上海
52822,52023545,深圳市福田区第二人民医院,广东
52823,52023433,虹口区新港路街道社区卫生服务中心,上海
52824,52023547,深圳市龙岗区第三人民医院,广东
52825,52023490,神木市医院,陕西
52826,52023472,大同市第四人民医院,山西
52827,52023553,深圳市龙岗区第六人民医院,广东
52828,52022879,江西省永平铜矿职工医院,江西
52829,52022780,宜昌卫校附属医院,湖北
52830,52022781,郧西县人民医院,湖北
52831,52022896,川北医学院附属医院,四川
52832,52023574,深圳市药品检验研究院（深圳市医疗器械检测中心）,广东
52833,52022903,吉林市化工医院,吉林
52834,52022944,荆州市第一人民医院,湖北
52835,52022805,中国人民解放军虎门海军医院,广东
52836,52022801,惠州市中心人民医院,广东
52837,52022836,青岛市黄岛区出入境检验检疫局,山东
52838,52022882,江油市人民医院,四川
52839,52022865,武警江苏总队医院,江苏
52840,52022700,安阳市肿瘤医院,河南
52841,52023477,韩城市妇幼保健院,陕西
52842,52022755,中南大学湘雅二医院,湖南
52843,52022843,江门市中心医院,广东
52844,52022804,渤海造船厂职工医院,辽宁
52845,52022844,江门市人民医院,广东
52846,52022845,江门市妇幼保健院,广东
52847,52022814,宁乡市人民医院,湖南
52848,52022908,白城中心医院,吉林
52849,52022922,榆树市人民医院,吉林
52850,52022863,张家港市第一人民医院,江苏
52851,52022943,金乡县人民医院,山东
52852,52023524,沈阳市儿童医院,辽宁
52853,52022826,湖南省湘潭中保人寿分公司,湖南
52854,52023539,沈阳市苏家屯区中心医院,辽宁
52855,52023546,深圳伟光医院,广东
52856,52022736,安陆市普爱医院,湖北
52857,52023567,深圳市宝安区松岗人民医院,广东
52858,52023596,长岭县人民医院,吉林
52859,52023597,松原市中心医院,吉林
52860,52022650,杭州市第三人民医院,浙江
52861,52023604,遂昌县人民医院,浙江
52862,52009369,遂宁市中心医院,四川
52863,52009276,成都佳士实业进出口贸易有限公司,四川
52864,52009456,青岛市中医医院(青岛市海慈医院、青岛市康复医学研究所),山东
52865,52009498,烟台市莱阳中心医院,山东
52866,52023515,中国石化集团胜利石油管理局胜利医院,山东
52867,52009519,徐汇区长桥街道社区卫生服务中心,上海
52868,52022637,哈密市第二人民医院,新疆
52869,52004531,中国人民解放军陆军第八十二集团军医院,河北
52870,52022671,中国人民解放军联勤保障部队第九八九医院（平顶山院区）,河南
52871,52022704,解放军联勤保障部队第988医院（开封院区）,河南
52872,52022713,河南大学淮河医院,河南
52873,52023656,太原钢铁(集团)有限公司总医院曙光医院,山西
52874,52023619,四川省建筑医院,四川
52875,52023601,北京市朝阳区双井社区卫生服务中心,北京
52876,52023642,山西省一O九医院,山西
52877,52023650,平原县第一人民医院,山东
52878,52023670,唐山市妇幼保健院,河北
52879,52009381,祁阳县中医医院,湖南
52880,52009427,株洲市三三一医院,湖南
52881,52009450,苏州市中西医结合医院（苏州市木渎人民医院）,江苏
52882,52022669,河北医科大学第一医院,河北
52883,52022795,呼和浩特市第一医院,内蒙古
52884,52022744,汉川市人民医院,湖北
52885,52022657,国药汉江医院,湖北
52886,52022666,中国人民解放军第二八五医院,河北
52887,52022786,鄂州市中医院,湖北
52888,52022808,中国人民武装警察部队湖南省总队医院,湖南
52889,52022742,洪湖市人民医院,湖北
52890,52022743,广水市第一人民医院,湖北
52891,52023517,嵊泗县人民医院,浙江
52892,52022694,北大荒集团红兴隆医院,黑龙江
52893,52023595,上海市第五康复医院,上海
52894,52023561,深圳市宝安区福永卫生监督所（预防保健所）,广东
52895,52023704,通化市人民医院,吉林
52896,52023735,中国人民解放军第一一八医院,浙江
52897,52022856,扬州友好医院油田总院,江苏
52898,52023760,武汉市中心医院,湖北
52899,52023793,浙江省武义县第一人民医院,浙江
52900,52023608,佛山市顺德区第三人民医院,广东
52901,52023630,深圳市罗湖区妇幼保健院,广东
52902,52023649,太原市第七人民医院,山西
52903,52023801,厦门市仙岳医院,福建
52904,52022796,呼和浩特市妇幼保健院（呼和浩特市妇女儿童医院）,内蒙古
52905,52023612,南方医科大学第八附属医院（佛山市顺德区第一人民医院）,广东
52906,52023710,北京通州妇幼保健院,北京
52907,52023633,泰安市中心医院,山东
52908,52023740,温州医科大学附属第一医院公园路院区,浙江
52909,52023866,荆门市中心医院北院,湖北
52910,52022958,句容市人民医院,江苏
52911,52023863,新疆生产建设兵团总医院,新疆
52912,52023731,威海骨科医院,山东
52913,52023872,新乡医学院第一附属医院,河南
52914,52023874,兴义市人民医院,贵州
52915,52023712,哈密市宝石花吐哈医院,新疆
52916,52023885,石河子大学医学院第一附属医院,新疆
52917,52023768,武汉市第六医院,湖北
52918,52023824,西安铁路分局西安医院,陕西
52919,52023676,天津中医药大学第一附属医院,天津
52920,52023677,天津铁厂职工医院,河北
52921,52023792,无锡市锡山人民医院,江苏
52922,52022961,凯里市第一人民医院,贵州
52923,52023784,新疆宝石花医院,新疆
52924,52023787,武威市第二人民医院,甘肃
52925,52023052,柳州市柳江区人民医院,广西
52926,52023816,西安市第一医院,陕西
52927,52009405,中国人民解放军联勤保障部队第909医院,福建
52928,52023829,广州市天河区冼村街社区服务中心,广东
52929,52023846,江门市新会区第二人民医院,广东
52930,52023935,运城市中心医院,山西
52931,52023954,玉林市卫生学校附属医院,广西
52932,52023822,西安市第九医院,陕西
52933,52023902,盐城市妇幼保健院,江苏
52934,52022969,中国人民解放军联勤保障部队九二〇医院,云南
52935,52023930,广东省英德市人民医院,广东
52936,52009613,青岛市胶州中心医院,山东
52937,52023880,西宁市第一人民医院,青海
52938,52009627,武汉市中西医结合医院（武汉市第一医院）,湖北
52939,52023893,徐州矿务集团总医院,江苏
52940,52023983,枣庄市市中区人民医院,山东
52941,52009573,大连医科大学附属第一医院（长春路院区）,辽宁
52942,52009630,南方医科大学珠江医院,广东
52943,52023016,鞍山市肿瘤医院,辽宁
52944,52023046,凌源市中心医院,辽宁
52945,52023048,淄博市第一医院,山东
52946,52022953,酒泉市人民医院,甘肃
52947,52023067,陆川县人民医院,广西
52948,52023023,辽阳市中心医院,辽宁
52949,52023028,辽阳辽化医院,辽宁
52950,52022992,中国人民解放军32298部队,山东
52951,52023039,临朐县人民医院,山东
52952,52023081,宝山区罗泾镇社区卫生服务中心,上海
52953,52023127,南京市中医院,江苏
52954,52023105,牡丹江市妇幼保健院,黑龙江
52955,52023059,广州市荔湾区妇幼保健院,广东
52956,52023136,南京市第二医院,江苏
52957,52023151,南雄市人民医院,广东
52958,52023113,福建省南平市第一医院,福建
52959,52023159,国家体育总局,北京
52960,52009797,台山市妇幼保健院,广东
52961,52009681,绍兴市人民医院,浙江
52962,52023618,苏州市立医院北区,江苏
52963,52023000,兰州连城铝厂职工医院,甘肃
52964,52023001,兰州市肺科医院,甘肃
52965,52023035,临汾市人民医院,山西
52966,52023138,天津市南开区中医医院,天津
52967,52009892,上海国宾医疗中心有限公司,上海
52968,52022966,中国人民解放军第二七三医院,新疆
52969,52023675,天津市滨海新区大港医院,天津
52970,52023684,天津市宝坻区人民医院,天津
52971,52023698,天津市水阁医院,天津
52972,52023653,太原西山医院,山西
52973,52023934,新疆生产建设兵团农四师医院,新疆
52974,52023699,天津市血液中心,天津
52975,52024023,浙江省台州医院,浙江
52976,52023950,玉环市人民医院(玉环市人民医院健共体集团),浙江
52977,52023956,云浮市人民医院,广东
52978,52023957,新兴县人民医院,广东
52979,52023992,高要市人民医院,广东
52980,52024046,重庆市忠县人民医院,重庆
52981,52023139,中国人民解放军联勤保障部队第九二三医院,广西
52982,52024002,乐清市第二人民医院,浙江
52983,52009626,青岛市第八人民医院,山东
52984,52024056,中山市古镇曹步社区卫生服务站,广东
52985,52023936,义乌復元私立医院,浙江
52986,52024012,嘉兴市第一医院,浙江
52987,52022762,华中科技大学同济医学院附属协和医院,湖北
52988,52023232,齐齐哈尔市第七医院,黑龙江
52989,52023234,齐齐哈尔医学院附属第三医院,黑龙江
52990,52023281,青神县人民医院,四川
52991,52022764,湖北省妇幼保健院,湖北
52992,52024076,周口市中心医院,河南
52993,52023713,吐哈石油医院鄯善分院,新疆
52994,52024024,桐乡市第一人民医院,浙江
52995,52024037,安顺市镇宁县人民医院,贵州
52996,52031344,重庆市第九人民医院,重庆
52997,52023205,中国人民解放军联勤保障部队第九四二医院,宁夏
52998,52023276,青海省第五人民医院,青海
52999,52022848,江山市人民医院,浙江
53000,52022763,通山县人民医院,湖北
53001,52022769,咸丰县人民医院,湖北
53002,52022825,江南医院,湖南
53003,52022835,湖州市第三人民医院,浙江
53004,52024036,镇江市第四人民医院,江苏
53005,52023193,宁波市第六医院,浙江
53006,52024086,中国人民解放军联勤保障部队第990医院,河南
53007,52022818,湖南省儿童医院,湖南
53008,52022820,湖南省人民政府机关医院,湖南
53009,52022830,岳阳市中心医院,湖南
53010,52022870,景德镇市妇幼保健院,江西
53011,52023903,阳江市人民医院,广东
53012,52023961,云南省丽江市人民医院,云南
53013,52032918,武汉市第四医院,湖北
53014,52023124,模范西路社区卫生服务中心,江苏
53015,52023858,昌吉回族自治州人民医院,新疆
53016,52032916,沈阳市第一人民医院,辽宁
53017,52022891,胶州市人民医院北院区,山东
53018,52023849,新疆阿克苏地区第一人民医院,新疆
53019,52033117,桂林市中西医结合医院,广西
53020,52022855,南通市妇幼保健院,江苏
53021,52032927,上海爱康国宾名门门诊部有限公司,上海
53022,52022893,焦作市妇幼保健院,河南
53023,52022858,江苏大学附属医院,江苏
53024,52022867,江西铜业公司德兴铜矿职工医院,江西
53025,52009662,上海交通大学医学院附属第九人民医院,上海
53026,52009804,首都医科大学附属北京佑安医院,北京
53027,52022895,嘉兴市妇幼保健院,浙江
53028,52023177,内蒙古医科大学第二附属医院,内蒙古
53029,52009716,天津市福莱特生物工程有限公司,天津
53030,52009794,新疆维吾尔自治区人民医院,新疆
53031,52009908,上海计生所医院,上海
53032,52009805,天津市宁河区医院,天津
53033,52023182,内蒙古自治区妇幼保健院,内蒙古
53034,52033184,上海航道医院,上海
53035,52023185,阿荣旗人民医院,内蒙古
53036,52023207,广州市番禺区中医院,广东
53037,52033274,四川省药品检验研究院,四川
53038,52033171,青浦区精神卫生中心,上海
53039,52033852,重庆市开州区人民医院,重庆
53040,52033430,北京大学肿瘤医院内蒙古医院,内蒙古
53041,52033267,中国人民解放军第二二二医院,吉林
53042,52033273,普洱市人民医院,云南
53043,52033088,北京化工大学校医院,北京
53044,52033167,中华人民共和国农业部门诊部,北京
53045,52033121,鹤山市慢性病防治站,广东
53046,52033170,青岛大学附属医院-崂山院区,山东
53047,52033263,上海交通大学附属儿童医院,上海
53048,52023239,青岛心血管病医院有限公司,山东
53049,52023290,曲阜市人民医院,山东
53050,52023303,瑞安市人民医院,浙江
53051,52023322,上海市黄浦区中西医结合医院,上海
53052,52023350,山东大学齐鲁第二医院,山东
53053,52024022,绍兴市上虞区中医医院,浙江
53054,52033289,滨州市第二人民医院,山东
53055,52033996,连云港市第二人民医院,江苏
53056,52024087,长宁区遵义社区卫生服务中心,上海
53057,52022926,济南市儿童医院,山东
53058,52033553,中山市港口医院,广东
53059,52033781,郑州人民医院,河南
53060,52024099,舟山市第二人民医院,浙江
53061,52022973,昆明市东川区第二人民医院,云南
53062,52022909,白山市中心医院,吉林
53063,52022911,吉林市中心医院,吉林
53064,52022914,桦甸市人民医院,吉林
53065,52022916,吉林出入境检验检疫局,吉林
53066,52022917,吉林大学第一医院梅河医院,吉林
53067,52022853,江苏省江原医院,江苏
53068,52022949,吉首市人民医院,湖南
53069,52022996,兰溪市人民医院,浙江
53070,52022886,赣南医科大学第一附属医院章贡院区,江西
53071,52010135,上海市杨浦区中医医院,上海
53072,52022923,青岛市即墨区中医医院,山东
53465,52023640,台山市中医院,广东
53073,52022889,青岛市黄岛区第二中医医院,山东
53074,52010160,中山市人民医院,广东
53075,52010356,东莞东华医院有限公司,广东
53076,52033995,南通市第三人民医院,江苏
53077,52034852,福建农林大学医院,福建
53078,52022956,鸡西市矿业集团总医院,黑龙江
53079,52033998,锦州市中心医院,辽宁
53080,52034855,中国人民解放军第九五医院,福建
53081,52034115,南京同仁医院,江苏
53082,52034317,衢州市柯城区妇幼保健院,浙江
53083,52035188,营口市中心医院,辽宁
53084,52032844,南京梅山医院,江苏
53085,52032902,武冈市人民医院,湖南
53086,52022954,九台市人民医院,吉林
53087,52032841,大连慈铭体检中心,辽宁
53088,52022928,中国人民解放军联勤保障部队第九六〇医院,山东
53089,52032915,天津市第四中心医院,天津
53090,52035573,迁安市中医医院,河北
53091,52035223,宝鸡市金台医院,陕西
53092,52039462,松江区泗泾医院,上海
53093,52038464,广东省职业病防治院,广东
53094,52034036,广州大学体育学院,广东
53095,52034040,西安金域医学检验所有限公司,陕西
53096,52038466,罗湖区人民医院春风院区,广东
53097,52039104,山西省眼科医院,山西
53098,52035003,金川集团有限公司职工医院,甘肃
53099,52039628,湖南省天衡司法鉴定所,湖南
53100,52038572,核工业总医院（苏州大学附属第二医院）,江苏
53101,52038923,达州市中心医院,四川
53102,52039665,广州市白云区第二人民医院,广东
53103,52039662,广州市荔湾中心医院,广东
53104,52039751,保定市妇幼保健院东院区,河北
53105,52040265,黄山市人民医院,安徽
53106,52040041,延安大学咸阳医院,陕西
53107,52039752,邯郸市魏县人民医院,河北
53108,52040293,十堰市太和医院,湖北
53109,52035185,梅里埃诊断产品(上海)有限公司,上海
53110,52039138,汝南县人民医院,河南
53111,52039715,淄博化建老年病医院,山东
53112,52039134,大连辽渔医院,辽宁
53113,52040520,舟山市中医骨伤联合医院,浙江
53114,52033014,上海交通大学附属第一人民医院南部,上海
53115,52039750,朝阳市第二医院,辽宁
53116,52040117,本溪市中心医院,辽宁
53117,52040157,桓台县人民医院,山东
53118,52039141,中国人民解放军火箭军特色医学中心,北京
53119,52040245,上海锦测医学检验所有限公司,上海
53120,52033123,复旦大学附属华山医院浦东分院,上海
53121,52040190,曲靖市第二人民医院,云南
53122,52040669,乌鲁木齐经济技术开发区（头屯河区）第二人民医院,新疆
53123,52033264,浦东新区金杨社区卫生服务中心,上海
53124,52033265,上海健康医学院,上海
53125,52033276,泰达国际心血管病医院,天津
53126,52033849,内蒙古林业总医院,内蒙古
53127,52033083,苏州市立医院（东区）,江苏
53128,52022978,昆明市第一人民医院,云南
53129,52023328,上海市闵行区精神卫生中心,上海
53130,52023010,聊城市人民医院,山东
53131,52023002,兰州市第一人民医院,甘肃
53132,52022957,鸡西市妇幼保健院,黑龙江
53133,52023009,连州市人民医院,广东
53134,52023372,临邑县人民医院,山东
53135,52023011,聊城市第二人民医院,山东
53136,52023285,齐齐哈尔市第一机床厂职工医院,黑龙江
53137,52023037,林口县中医院,黑龙江
53138,52023375,山东省肿瘤医院,山东
53139,52023378,潍坊市人民医院,山东
53140,52023288,中国人民解放军联勤保障部队第910医院,福建
53141,52023053,柳州市人民医院,广西
53142,52023389,海军军医大学第二附属医院,上海
53143,52023421,闵行区七宝社区卫生服务中心,上海
53144,52023304,瑞安市红十字医院,浙江
53145,52023057,柳州市妇幼保健院,广西
53146,52023060,澧县第二人民医院,湖南
53147,52023058,柳州市工人医院,广西
53148,52023061,鞍钢集团公司总医院千山温泉康复医院(鞍钢集团公司总医院千山温泉疗养院),辽宁
53149,52034853,翔鹭（厦门）国际健康管理公司,福建
53150,52023208,攀钢集团总医院,四川
53151,52023210,攀枝花市第二人民医院,四川
53152,52023084,马鞍山市人民医院,安徽
53153,52023076,洛阳市铜加工厂职工医院,河南
53154,52023082,台州医院路桥院区,浙江
53155,52039858,重庆市永川区儿童医院(重庆市永川区集嫒医院),重庆
53156,52041195,湖北省公安县中医医院,湖北
53157,52040246,云南省第三人民医院,云南
53158,52023112,南阳医专附属医院,河南
53159,52038567,库车县人民医院,新疆
53160,52040973,南阳市南石医院,河南
53161,52010437,中国医科大学附属生殖医院,辽宁
53162,52010438,冀中能源峰峰集团有限公司总医院,河北
53163,52010582,莆田学院附属医院,福建
53164,52010378,柳州市中医院,广西
53165,52010540,济南市第四人民医院,山东
53166,52023416,上海市第二康复医院,上海
53167,52023455,凤县人民医院,陕西
53168,52023468,宝鸡市人民医院,陕西
53169,52023496,西北妇女儿童医院（陕西省妇幼保健院）（陕西省计划生育研究所）,陕西
53170,52023482,晋城市职业病医院,山西
53171,52040589,石家庄市藁城人民医院,河北
53172,52040590,成都市第五人民医院,四川
53173,52041203,武汉大学口腔医院,湖北
53174,52041289,东阳市中医院,浙江
53175,52041424,肇庆市端州区人民医院,广东
53176,52023464,汕头市迈科有限公司,广东
53177,52023459,汕头大学医学院第一附属医院,广东
53178,52023435,复旦大学附属肿瘤医院,上海
53179,52023463,汕头龙湖人民医院,广东
53180,52041338,淄博市临淄区人民医院(淄博市市立医院),山东
53181,52041067,东莞市南城医院,广东
53182,52041425,九江学院附属医院,江西
53183,52023466,安康市中医医院,陕西
53184,52041476,上饶市立医院,江西
53185,52023471,山西省煤炭中心医院,山西
53186,52023504,大同市第一人民医院,山西
53187,52023493,陕西省肿瘤医院,陕西
53188,52010546,乌鲁木齐市中医院,新疆
53189,52041078,东港市中心医院,辽宁
53190,52023005,乐清市第三人民医院,浙江
53191,52023038,临清市人民医院,山东
53192,52023162,海关总署物资装备采购中心,北京
53193,52023106,牡丹江市心血管病医院,黑龙江
53194,52023108,牡丹江医科大学附属红旗医院,黑龙江
53195,52023109,牡丹江市第一人民医院,黑龙江
53196,52023115,南昌市第九医院,江西
53197,52023123,南京医科大学附属南京市妇幼保健院,江苏
53198,52023133,南京市中心医院,江苏
53199,52023513,胜利石油管理局孤岛医院,山东
53200,52023557,深圳市人民医院龙华分院,广东
53201,52023142,南宁市第八人民医院,广西
53202,52023556,深圳市南山区妇幼保健院,广东
53203,52023040,灵山县人民医院,广西
53204,52023575,深圳市福田区慢性病防治院,广东
53205,52023600,双江拉祜族佤族布朗族傣族自治县人民医院,云南
53206,52023073,漯河市第二人民医院,河南
53207,52023192,宁波大学附属第一医院,浙江
53208,52023592,张湾区花果街办花果社区卫生服务中心,湖北
53209,52023605,山西省水利职工医院,山西
53210,52023621,南部县人民医院,四川
53211,52023663,台州市第一人民医院,浙江
53212,52023733,温岭市中医院,浙江
53213,52023535,沈阳市第九人民医院(沈阳市劳动卫生职业病研究所、沈阳市劳动卫生职业病研究所附属职,辽宁
53214,52023674,广州市天河区中医院,广东
53215,52023680,中国人民解放军联勤保障部队第九八三医院,天津
53216,52023528,沈阳市第六人民医院,辽宁
53217,52023560,深圳市盐田区人民医院,广东
53218,52023724,山西省经纬纺织机械厂职工医院,山西
53219,52023563,深圳市中医院,广东
53220,52023734,云南省文山壮族苗族自治州人民医院,云南
53221,52023599,北京首都经贸大学校医院,北京
53222,52023685,天津北大医疗海洋石油医院,天津
53223,52023732,渭南市中心医院,陕西
53224,52023569,嵊州市人民医院,浙江
53225,52023745,温州市中心医院,浙江
53226,52041878,吉林金域医学检验所有限公司,吉林
53227,52041426,中山市民众医院,广东
53228,52042004,鸡西市中医院,黑龙江
53229,52042023,商洛市中心医院,陕西
53230,52041945,广州中医药大学祈福医院,广东
53231,52042144,昆明金域医学检验所有限公司,云南
53232,52041630,航材院职工医院,北京
53233,52041746,枞阳县人民医院,安徽
53234,52041933,雅安市人民医院,四川
53235,52041765,安庆市立医院,安徽
53236,52023145,海安市人民医院,江苏
53237,52023211,攀枝花市妇幼保健医院,四川
53238,52010753,内蒙古科技大学包头医学院第一附属医院,内蒙古
53239,52042232,黑龙江省农垦总局北安分局中心医院,黑龙江
53240,52042153,上海铭源数康生物芯片有限公司,上海
53241,52023204,沈阳市第四人民医院,辽宁
53242,52023215,平湖市第一人民医院,浙江
53243,52023217,平阳县人民医院,浙江
53244,52023218,平阳县中医院,浙江
53245,52042626,三明市妇幼保健院,福建
53246,52042634,四川大家医学检测有限公司,四川
53247,52023213,甘肃煤炭第一工程公司职工医院,甘肃
53248,52023282,清远市人民医院,广东
53249,52010077,上海市化工职业病防治院,上海
53250,52023267,武警青海省总队医院,青海
53251,52041505,长治医学院附属和济医院,山西
53252,52023487,西山矿务局杜儿坪矿职工总医院,山西
53253,52023439,杨浦区五角场街道社区卫生服务中心,上海
53254,52023180,内蒙古自治区精神卫生中心,内蒙古
53255,52023137,天津市临床检验试剂中心,天津
53256,52010550,上海邮电医院,上海
53257,52023245,青岛市胸科医院,山东
53258,52023247,青岛市妇女儿童医院（原青岛市商业职工医院）海泊路院区,山东
53259,52023236,七台河七煤医院,黑龙江
53260,52023295,通用环球中铁华州医院,陕西
53261,52023300,容县人民医院,广西
53262,52023293,衢州市中医医院,浙江
53263,52023209,攀枝花市中心医院,四川
53264,52023173,包头市中心医院,内蒙古
53265,52023301,荣成市中医院,山东
53266,52023186,内蒙古自治区中医医院,内蒙古
53267,52022047,鞍钢眼前山铁矿职工医院,辽宁
53268,52010758,无锡市妇幼保健医院,江苏
53269,52014500,广州达安临床检验中心有限公司,广东
53270,52022054,皖南医学院弋矶山医院,安徽
53271,52014876,艾康生物技术(杭州)有限公司,浙江
53272,52022042,中国人民解放军联勤保障部队第908医院,江西
53273,52023795,西安交通大学第二附属医院,陕西
53274,52023189,宁波市第二医院北院区,浙江
53275,52023542,深圳市宝安区计划生育服务中心,广东
53276,52023555,深圳市南山区人民医院,广东
53277,52023616,苏州新区东渚镇卫生院,江苏
53278,52023678,天津市第五中心医院,天津
53279,52023613,北京市顺义区医院,北京
53280,52023578,深圳市宝安区妇幼保健院,广东
53281,52042630,泸溪县人民医院,湖南
53282,52023761,武汉钢铁（集团）公司第二职工医院,湖北
53283,52023779,中国人民解放军新疆军区总医院,新疆
53284,52023774,华东师范大学附属芜湖医院,安徽
53285,52023767,武汉市第五医院,湖北
53286,52042665,秦皇岛市卢龙县人民医院,河北
53287,52023856,伊犁哈萨克自治州友谊医院,新疆
53288,52023848,新余市人民医院,江西
53289,52023889,沂水县人民医院,山东
53290,52042629,江门市职业病防治所,广东
53291,52023871,山东国欣颐养集团公司新汶中心医院,山东
53292,52023923,龙口市南山医院,山东
53293,52023898,延安市人民医院,陕西
53294,52043157,广宁县中医院,广东
53295,52043025,邯郸市第四医院,河北
53296,52023932,鹰潭市人民医院,江西
53297,52023940,永安市立医院,福建
53298,52023818,西安市第五医院,陕西
53299,52023820,空军第九八六医院（南院）,陕西
53300,52042861,四会万隆医院有限公司,广东
53301,52042477,郯城县第一人民医院,山东
53302,52023910,扬州市第一人民医院,江苏
53303,52023917,阳江市妇幼保健院,广东
53304,52023919,沧州市盐山县人民医院,河北
53305,52023946,岳池县人民医院,四川
53306,52023978,福建省漳平市医院,福建
53307,52023996,浙江大学医学院附属第一医院,浙江
53308,52023836,湘乡市人民医院,湖南
53309,52023931,北京银建门诊部有限公司,北京
53310,52023952,玉林市第一人民医院,广西
53311,52023960,安宁市第一人民医院金方院区,云南
53312,52023951,玉环县红十字医院,浙江
53313,52042855,漯河市第三人民医院,河南
53314,52023887,西平县人民医院,河南
53315,52023965,云南省肿瘤医院（昆明医科大学第三附属医院）,云南
53316,52023875,信阳市中医院（老院区）,河南
53317,52024006,宁波慈溪市人民医院,浙江
53318,52024026,舟山医院,浙江
53319,52042943,泰州市人民医院南院,江苏
53320,52023201,陆军特色医学中心,重庆
53321,52023220,港中旅（珠海）海洋温泉有限公司,广东
53322,52023248,青岛市黄岛区中心医院,山东
53323,52023319,浦东新区高东社区卫生服务中心,上海
53324,52023335,浦东新区唐镇卫生院,上海
53325,52023284,钦州市第一人民医院,广西
53326,52043215,上海市养志康复医院,上海
53327,52022057,鞍山市中心医院,辽宁
53328,52022088,北京市垂杨柳医院,北京
53329,52022090,北京莱佛士诊所有限公司,北京
53330,52022045,空军特色医学中心,北京
53331,52022049,武警安徽省总队医院,安徽
53332,52022062,中国人民解放军军事医学科学院,北京
53333,52022142,北京中医药大学,北京
53334,52022163,空军第九八六医院（北院）,陕西
53335,52022177,中国人民解放军联勤保障部队第九八四医院,北京
53336,52022059,泰安市中医医院,山东
53337,52022071,白城医学高等专科学校附属医院,吉林
53338,52022181,解放军总医院京东医疗区,北京
53339,52022188,北京市上地医院,北京
53340,52022109,武警北京市总队医院,北京
53341,52023825,中国人民解放军空军军医大学第二附属医院,陕西
53342,52022016,湖北省中医院,湖北
53343,52022012,北京市疾病预防控制中心,北京
53344,52022031,中山大学附属第三医院,广东
53345,52022015,贵州医科大学附属医院,贵州
53346,52022030,扬州市医学检验中心,江苏
53347,52042860,广西壮族自治区妇幼保健院,广西
53348,52023306,宁津县人民医院,山东
53349,52042996,中国人民解放军西藏军区总医院,西藏
53350,52043227,桂平市妇幼保健院,广西
53351,52023352,平度市人民医院,山东
53352,52023355,荣成市人民医院,山东
53353,52043542,甘孜藏族自治州人民医院,四川
53354,52043651,武警福建总队医院,福建
53355,52023380,上海市宝山区中西医结合医院,上海
53356,52023313,诸城市人民医院,山东
53357,52023369,莒县中医医院,山东
53358,52043414,上海建工医院,上海
53359,52023367,冠县人民医院,山东
53360,52023381,宝山区罗店医院,上海
53361,52023393,宝山区大场医院,上海
53362,52023431,上海市松江区方塔中医医院,上海
53363,52043330,浦江县人民医院,浙江
53364,52023884,新疆医科大学第五附属医院,新疆
53365,52043270,辽宁省健康产业集团阜新矿总医院,辽宁
53366,52023363,淄博岜山万杰医院,山东
53367,52043413,北京三博脑科医院,北京
53368,52043649,石首市人民医院,湖北
53369,52023944,右江民族医学院附属医院,广西
53370,52023990,中山市广济医院,广东
53371,52023995,枣庄市妇幼保健院,山东
53372,52023364,山东颐养健康集团淄博医院,山东
53373,52023454,上饶市第二人民医院,江西
53374,52024027,诸暨市中医院,浙江
53375,52023497,兴平市妇幼保健院,陕西
53376,52043220,枣阳市第一人民医院东院,湖北
53377,52043660,成都医学院第一附属医院,四川
53378,52023298,河南省风湿病医院,河南
53379,52044021,上海达安医学检验所有限公司,上海
53380,52023467,宝鸡市中医医院,陕西
53381,52023501,商洛市镇安县人民医院,陕西
53382,52043845,黑龙江国际旅行卫生保健中心（哈尔滨口岸医院）,黑龙江
53383,52043221,上海市公惠医院,上海
53384,52043481,潮州市妇幼保健院,广东
53385,52043779,通辽市科尔沁区第一人民医院,内蒙古
53386,52043942,山东国欣颐养集团枣庄医院,山东
53387,52044109,枣庄市薛城区人民医院,山东
53388,52043271,焦作市人民医院,河南
53389,52044273,中国人民解放军陆军第七十二集团军医院,浙江
53390,52044120,温州医科大学附属第二医院南浦院区,浙江
53391,52044592,齐齐哈尔市中医医院,黑龙江
53392,52044429,安吉县中医院,浙江
53393,52044448,广州市海珠区妇幼保健院,广东
53394,52044789,广东集爱生殖中心,广东
53395,52044795,惠东县第二人民医院,广东
53396,52044703,内蒙古民族大学附属医院,内蒙古
53397,52044119,温州迪安医学检验所有限公司,浙江
53398,52043943,上海望族国宾医疗中心,上海
53399,52043208,徐汇区虹梅街道社区卫生服务中心,上海
53400,52043216,浦东新区肺科医院,上海
53401,52044559,灵石县医疗集团（灵石县人民医院、灵石县医疗集团人民医院）,山西
53402,52022091,北京世纪坛医院,北京
53403,52023434,上海市同济医院,上海
53404,52023447,上海市静安区闸北中心医院,上海
53405,52032828,中信湘雅生殖与遗传专科医院开福分院,湖南
53406,52022169,北京市老年病医院,北京
53407,52022202,首都医科大学附属北京妇产医院,北京
53408,52022204,北京市宣武中医医院,北京
53409,52043403,葫芦岛市中心医院,辽宁
53410,52023523,沈阳市胸科医院,辽宁
53411,52023507,韶关学院医学院,广东
53412,52023473,大同机车厂医院,山西
53413,52023478,汉阴县人民医院,陕西
53414,52023485,西安医学高等专科学校附属医院,陕西
53415,52023514,东营胜利胜采医院,山东
53416,52023550,深圳国际旅行卫生保健中心,广东
53417,52023564,深圳六联医院,广东
53418,52023532,沈阳市第五人民医院,辽宁
53419,52023538,沈阳市肛肠医院,辽宁
53420,52024066,中山市沙溪隆都医院,广东
53421,52044787,西安市红会医院,陕西
53422,52045106,泉州市儿童医院,福建
53423,52044792,广州新海医院,广东
53424,52045215,重庆金域医学检验所有限公司,重庆
53425,52045225,内蒙古德康体检中心,内蒙古
53426,52045320,长沙金域医学检验实验室有限公司,湖南
53427,52023570,沈阳市沈河区人民医院,辽宁
53428,52023573,沈阳市第七人民医院,辽宁
53429,52023394,徐汇区大华医院,上海
53430,52044188,安岳县中医医院,四川
53431,52023587,石家庄市人民医院,河北
53432,52023397,上海市浦东新区东沟镇中心卫生院,上海
53433,52044798,四川省出入境检验检疫局,四川
53434,52023426,浦东新区三林社区卫生服务中心,上海
53435,52023442,上海市徐汇区康健街道社区卫生服务中心,上海
53436,52023451,上海市浦东新区曹路社区卫生服务中心,上海
53437,52023428,上海市黄浦区华东医院市府大厦门诊部,上海
53438,52044974,沙湾市人民医院,新疆
53439,52045028,汨罗市妇幼保健院,湖南
53440,52045287,广州市番禺区钟村医院,广东
53441,52045226,辽阳县中心医院,辽宁
53442,52022225,北京市华兆益生体检中心,北京
53443,52022242,郑州市第十五人民医院（南院区）,河南
53444,52022249,长春市人民医院,吉林
53445,52022275,常州市武进人民医院,江苏
53446,52043724,苏州九龙医院,江苏
53447,52045410,南宁市中医医院,广西
53448,52023476,古交西山医院有限责任公司,山西
53449,52044000,佛山市禅城区中心医院城南分院,广东
53450,52045588,焦作煤业集团有限责任公司中央医院,河南
53451,52044683,茂名市人民医院,广东
53452,52043849,江苏省农业科学院,江苏
53453,52023594,四平市中心人民医院,吉林
53454,52023623,航天中心医院,北京
53455,52045877,中国科学院武汉病毒研究所,湖北
53456,52023586,河北省老年病医院,河北
53457,52032914,天津市人民医院,天津
53458,52032923,云南省滇南中心医院（红河州第一人民医院）,云南
53459,52033023,咸阳市第一人民医院,陕西
53460,52033092,东莞市常平医院第一门诊部,广东
53461,52023631,深圳市职业技术学院,广东
53462,52023645,北京大学第一医院太原医院,山西
53463,52023647,山西医科大学第二医院,山西
53464,52023654,山西省中医院,山西
53466,52023626,沈阳市红十字会医院,辽宁
53467,52023552,深圳市龙岗中心医院,广东
53468,52023725,山东第二医科大学附属医院生殖医学中心,山东
53469,52023581,绵阳市第一人民医院(四川绵阳404医院),四川
53470,52023609,顺德东华骨伤科医院,广东
53471,52023610,佛山市顺德区乐从医院,广东
53472,52023667,唐山市人民医院,河北
53473,52023673,滕州市中心人民医院,山东
53474,52045896,运城同德医院,山西
53475,52046213,郴州市中医医院,湖南
53476,52045894,北大医疗淄博医院,山东
53477,52045900,鄂尔多斯市东胜区人民医院,内蒙古
53478,52022221,北京市八一体工队科研所,北京
53479,52022231,北京市通州区台湖镇次渠社区卫生服务中心,北京
53480,52023579,成都市第三人民医院,四川
53481,52045975,中华人民共和国九江出入境检验检疫局,江西
53482,52044958,上海市长宁区妇幼保健院,上海
53483,52023780,新疆维吾尔自治区妇幼保健院,新疆
53484,52022254,北京市昌平区精神卫生保健院,北京
53485,52022238,昌乐县人民医院,山东
53486,52044938,无锡市梅村镇社区卫生服务中心,江苏
53487,52023708,铜陵市立医院,安徽
53488,52023737,温州市中医院,浙江
53489,52023703,铜川市妇幼保健医院,陕西
53490,52023726,中国人民解放军联勤保障部队第九七〇医院威海院区,山东
53491,52022293,赤峰市第二医院,内蒙古
53492,52022237,博兴县人民医院,山东
53493,52023754,无棣县人民医院,山东
53494,52044975,丹东市第一医院,辽宁
53495,52022278,大连医科大学附属第二医院北院,辽宁
53496,52022367,定州市人民医院,河北
53497,52022383,东莞市东坑医院,广东
53498,52023855,克拉玛依市独山子人民医院,新疆
53499,52022375,东台市人民医院,江苏
53500,52023862,新疆医科大学第六附属医院,新疆
53501,52023864,石河子市人民医院,新疆
53502,52023782,乌鲁木齐市第一人民医院,新疆
53503,52023803,西安市人民医院（西安市第四医院）大差市院区,陕西
53504,52023806,中国航空工业第618研究所职工医院,陕西
53505,52023809,西安市电力中心医院,陕西
53506,52023812,西安市中医医院,陕西
53507,52023814,民航西安医院,陕西
53508,52023819,西安市第八医院,陕西
53509,52023847,江门市新会区中医院,广东
53510,52023867,荆门市人民医院,湖北
53511,52023757,江岸区百步亭花园社区卫生服务中心,湖北
53512,52023886,忻州市人民医院,山西
53513,52023831,襄阳市第一人民医院,湖北
53514,52023828,西安三桥精诚医院,陕西
53515,52046485,厦门市中医院南院,福建
53516,52022291,湘南学院附属医院,湖南
53517,52045878,南方医科大学,广东
53518,52022262,长沙市第一医院,湖南
53519,52023925,宜城市人民医院,湖北
53520,52023938,益阳市人民医院,湖南
53521,52023977,张家口市肺科医院,河北
53522,52023901,盐城市第三人民医院,江苏
53523,52023894,徐州市儿童医院,江苏
53524,52023897,徐州市中心医院,江苏
53525,52023974,中国人民解放军陆军第八十一集团军医院,河北
53526,52024005,慈溪市中西医结合医疗健康集团中医院院区(慈溪市中医医院),浙江
53527,52033090,杭州市临安区第四人民医院,浙江
53528,52024000,浙江省长湖监狱医院,浙江
53529,52024007,宁波慈溪市妇幼保健院,浙江
53530,52024017,漳州市第二医院,福建
53531,52023927,伊春市林业中心医院,黑龙江
53532,52023982,福建省漳州市医院芗城院区,福建
53533,52024001,苍南县中医院,浙江
53534,52024038,郑州市中心医院,河南
53535,52045889,宁波市镇海区人民医院,浙江
53536,52024021,浙江省医疗健康集团衢州医院（浙江衢化医院）,浙江
53537,52024042,郑州大学第二附属医院,河南
53538,52023617,苏州市立医院,江苏
53539,52023688,天津市河北区建昌医院,天津
53540,52023695,天津市第三中心医院,天津
53541,52045885,广安门医院济南医院,山东
53542,52023788,江苏省太湖康复医院,江苏
53543,52024055,中山市计划生育服务中心,广东
53544,52045909,宁波国际旅行卫生保健中心,浙江
53545,52045941,攀钢集团成都医院,四川
53546,52033432,泉州晋江市中医院,福建
53547,52024082,珠海市卫生防疫站,广东
53548,52032904,中国人民解放军联勤保障部队第九二六医院,云南
53549,52046620,费县人民医院,山东
53550,52033419,荆州市中心医院,湖北
53551,52032898,合肥市第一人民医院,安徽
53552,52046833,绵阳市中心医院,四川
53553,52046322,长沙艾迪康医学检验实验室有限公司,湖南
53554,52046622,宁国市人民医院,安徽
53555,52033283,益阳市中心医院,湖南
53556,52033284,永州市职业技术学院附属医院,湖南
53557,52046133,秦皇岛市第三医院,河北
53558,52046359,扬州市中医院,江苏
53559,52046217,武汉大学,湖北
53560,52046360,河北兴隆县中医院,河北
53561,52046342,胜利石油管理局建翔医院,山东
53562,52047122,东营市妇幼保健计划生育服务中心,山东
53563,52033258,新华人寿保险公司,北京
53958,52051686,厦门大学医院,福建
53564,52033260,中国解放军医院32397部队,吉林
53565,52047044,巴中市中心医院,四川
53566,52033279,延边朝鲜族自治州妇幼保健医院,吉林
53567,52022295,中国人民解放军92493部队医院,辽宁
53568,52033286,保山市人民医院,云南
53569,52022378,东莞市长安医院,广东
53570,52022385,东莞市凤岗医院,广东
53571,52022389,东莞市人民医院,广东
53572,52033424,合肥艾迪康医学检验实验室有限公司,安徽
53573,52033843,北京德易临床检验所,北京
53574,52033846,北大医疗潞安医院,山西
53575,52022280,郴州中保人寿分公司,湖南
53576,52022392,东莞市松山湖中心医院(东莞市第三人民医院),广东
53577,52022436,福建医科大学孟超肝胆医院,福建
53578,52022447,安溪县医院,福建
53579,52022347,丹阳市人民医院,江苏
53580,52022413,永济电机医院,山西
53581,52033850,合肥金域医学检验实验室有限公司,安徽
53582,52024053,中山市博爱医院(中山市妇幼保健院),广东
53583,52033994,深圳市妇幼保健院(红荔院区）,广东
53584,52023958,楚雄彝族自治州人民医院,云南
53585,52024043,郑州市妇幼保健院,河南
53586,52023975,张家港市妇幼保健院,江苏
53587,52023850,新疆生产建设兵团第一师医院,新疆
53588,52023970,兖州矿物局兴隆庄煤矿医院,山东
53589,52046432,武警内蒙古总队医院,内蒙古
53590,52033145,江苏省中医院（钟山院区）,江苏
53591,52033180,山东省内分泌与代谢病医院,山东
53592,52033181,山东省荣军医院,山东
53593,52024011,浙江医院,浙江
53594,52023979,济南市章丘区人民医院,山东
53595,52034321,湘潭县妇幼保健院,湖南
53596,52034323,中南大学湘雅二医院桂林医院（叠彩院区）,广西
53597,52022416,北京市丰台区二七北社区卫生服务中心,北京
53598,52047647,天水市第二人民医院,甘肃
53599,52047654,永康市妇幼保健院,浙江
53600,52047141,上海市闵行区莘庄社区卫生服务中心,上海
53601,52024015,金华市人民医院,浙江
53602,52024025,象山县第一人民医院,浙江
53603,52047763,威海市立第三医院,山东
53604,52024058,中山市中医院,广东
53605,52047898,龙岩市中医院,福建
53606,52048145,重庆市垫江县中医院,重庆
53607,52047897,柳州市柳铁中心医院,广西
53608,52048279,惠东县妇幼保健计划生育服务中心,广东
53609,52048363,平顶山市中医医院,河南
53610,52047653,乌鲁木齐市中医医院南门医院,新疆
53611,52024020,平阳县第二人民医院,浙江
53612,52024052,中山市板芙医院,广东
53613,52047747,清原满族自治县人民医院,辽宁
53614,52024059,中山市黄圃人民医院,广东
53615,52024065,中山市三乡医院,广东
53616,52024067,中山市神湾医院,广东
53617,52048020,北京市昌平区医院,北京
53618,52024073,中山市小榄人民医院,广东
53619,52031345,中国医学科学院阜外医院,北京
53620,52048146,哈尔滨市香坊区人民医院,黑龙江
53621,52048048,延吉市第二人民医院,吉林
53622,52024089,杭州迪安医学检验中心有限公司,浙江
53623,52024083,珠海市妇幼保健院北院区,广东
53624,52047234,苏州高新区人民医院,江苏
53625,52047241,枣庄市山亭区人民医院,山东
53626,52047491,广东同江医院,广东
53627,52032900,伊犁哈萨克自治州奎屯医院,新疆
53628,52024084,珠海市斗门区计划生育服务站,广东
53629,52022407,胜利油田中心医院,山东
53630,52033020,晋城汇杰健康体检站,山西
53631,52032157,广州金域医学检验中心有限公司,广东
53632,52033291,中国中医科学院眼科医院,北京
53633,52032901,云南国际旅行卫生保健中心,云南
53634,52033824,营山县人民医院,四川
53635,52024098,浙江萧山医院,浙江
53636,52032892,许昌市中心医院华佗路院区,河南
53637,52033421,菏泽市立医院,山东
53638,52034888,北京赛泰克生物科技有限公司,北京
53639,52034330,铜陵市人民医院,安徽
53640,52035454,北京市总参测绘局门诊部,北京
53641,52033851,柳州市第四人民医院,广西
53642,52035018,浙江省荣军医院,浙江
53643,52024049,中海壳牌石油化工有限公司,广东
53644,52024054,中山陈星海中西医结合医院,广东
53645,52033290,中国人民解放军联勤保障部队第九七〇医院,山东
53646,52035020,北京艾迪康医学检验实验室有限公司,北京
53647,52034854,莆田滨海医院,福建
53648,52035574,包头市肿瘤医院,内蒙古
53649,52033415,慈溪市中西医结合医疗健康集团六院院区,浙江
53650,52033113,东莞康华医院有限公司,广东
53651,52032917,内蒙古包钢医院,内蒙古
53652,52032924,西双版纳州人民医院,云南
53653,52033022,秦皇岛市妇幼保健院,河北
53654,52033119,海宁康华医院,浙江
53655,52033091,东莞市常平医院白石岗门诊部,广东
53656,52033143,海军青岛特勤疗养中心,山东
53657,52033262,复旦大学附属儿科医院,上海
53658,52033417,宁海县妇保医院,浙江
53659,52033169,平遥县中医院,山西
53660,52038910,深圳市宝安区松岗卫生监督所,广东
53661,52038922,中山大学附属口腔医院,广东
53662,52033242,南京金域医学检验所有限公司,江苏
53663,52039661,深圳爱康国宾普济门诊部,广东
53664,52039664,北京市昌平区结核病防治所,北京
53665,52039855,安庆市第二人民医院,安徽
53666,52039266,江门市新会区妇幼保健院,广东
53667,52033220,南宁市妇幼保健院,广西
53668,52040286,中华人民共和国江西出入境检验检疫局,江西
53669,52038836,宁波市李惠利医院,浙江
53670,52039153,建水县人民医院,云南
53671,52038539,上海兰卫医学检验所股份有限公司,上海
53672,52039133,延边大学附属医院,吉林
53673,52039467,辽河油田勘探局妇婴医院,辽宁
53674,52039469,濮阳市妇幼保健院,河南
53675,52039937,瓦房店市中医医院,辽宁
53676,52033813,北京小汤山医院,北京
53677,52038838,东莞市中医院,广东
53678,52039666,惠安县中医院,福建
53679,52033552,广东省人民医院平洲分院,广东
53680,52034315,兖矿鲁南化肥厂职工医院,山东
53681,52034325,广东省中医院芳村分院,广东
53682,52034851,广东省中医院大学城医院,广东
53683,52048153,北京家恩德运医院,北京
53684,52048351,梧州市第三人民医院,广西
53685,52034862,武警江苏总队南京医院,江苏
53686,52048339,湖南家辉生物技术有限公司,湖南
53687,52048295,海南省安宁医院,海南
53688,52048829,四川大学华西口腔医院,四川
53689,52048830,青川县人民医院,四川
53690,52048998,上海市精神卫生中心,上海
53691,52035019,高州市中医院,广东
53692,52049063,合肥市第一人民医院南区,安徽
53693,52024060,中山大学附属第一医院,广东
53694,52024061,中山大学孙逸仙纪念医院,广东
53695,52048897,唐山市传染病医院,河北
53696,52049021,湖州市德清县中医院,浙江
53697,52049066,淮南市新华医疗集团北方医院,安徽
53698,52024079,珠海惠爱医院,广东
53699,52048367,山东大学附属生殖医院,山东
53700,52048931,黑龙江省武警总队医院,黑龙江
53701,52035187,大连英特尔SOS医务室,辽宁
53702,52024094,浙江大学医学院附属妇产科医院,浙江
53703,52040267,建平县医院,辽宁
53704,52032171,北京大学深圳医院,广东
53705,52040089,九江市第一人民医院,江西
53706,52040090,玉山县中医院,江西
53707,52049248,惠州市第三人民医院,广东
53708,52049251,三明市第一医院三钢分院,福建
53709,52048994,临海市第一人民医院医疗卫生服务共同体,浙江
53710,52049262,河源市源城区人民医院,广东
53711,52049089,天台县人民医院,浙江
53712,52049087,汕尾市海丰县红十会门诊部,广东
53713,52049149,重庆市九龙坡区人民医院,重庆
53714,52039885,阳城县中医院,山西
53715,52033084,新疆生产建设兵团第六师奇台医院,新疆
53716,52033111,德阳市第二人民医院,四川
53717,52049070,济南市第三人民医院,山东
53718,52040521,舟山市普陀区人民医院,浙江
53719,52040298,青岛国际旅行卫生保健中心（青岛海关口岸门诊部）,山东
53720,52049253,柳州二空医院,广西
53721,52049242,西安美年大健康管理有限公司,陕西
53722,52049351,常德市妇幼保健院,湖南
53723,52049151,广州市南沙区妇幼保健院（总院）,广东
53724,52040596,北京儿童医院顺义妇儿医院,北京
53725,52040889,北京中医药大学附属护国寺中医医院,北京
53726,52049362,邵阳市武冈展辉医院,湖南
53727,52040518,浙江大学,浙江
53728,52040862,定边县人民医院,陕西
53729,52022467,福州市第一医院,福建
53730,52040890,义乌市妇幼保健院,浙江
53731,52041053,南方医科大学皮肤病医院、广东省皮肤病医院,广东
53732,52040891,开滦总医院林西医院,河北
53733,52041054,厦门大学附属第一医院,福建
53734,52041065,江西中医药大学附属医院,江西
53735,52041073,将乐县总医院,福建
53736,52041066,韶关市中医院,广东
53737,52041187,河池市第四人民医院,广西
53738,52022505,广东省第二人民医院,广东
53739,52040824,南昌艾迪康医学检验实验室有限公司,江西
53740,52040852,沈阳医学院附属第二医院,辽宁
53741,52038473,东营市第二人民医院,山东
53742,52041074,成都市妇女儿童中心医院,四川
53743,52049264,漳浦县医院,福建
53744,52049359,厦门艾德生物医药科技股份有限公司,福建
53745,52049381,合肥市妇幼保健院,安徽
53746,52049385,广州南沙奥园中医门诊部有限公司,广东
53747,52049394,宿州市第一人民医院,安徽
53748,52049415,武汉康圣达医学检验所有限公司,湖北
53749,52049389,浙江省嘉善县第一人民医院,浙江
53750,52033271,重庆市南川区人民医院,重庆
53751,52039139,天津市海河医院,天津
53752,52039716,淄博市淄川区中医院,山东
53753,52033420,重庆西南铝医院,重庆
53754,52048936,重庆庆福医院,重庆
53755,52048939,达州华康医院,四川
53756,52048978,海南妇产科医院,海南
53757,52049522,公主岭市第三人民医院,吉林
53758,52039573,新疆维吾尔自治区阿克苏地区第二人民医院,新疆
53759,52033570,通化市中心医院,吉林
53760,52033571,中国医科大学附属盛京医院,辽宁
53761,52033817,上海合川莱茵中医医院,上海
53762,52033429,蕲春县人民医院,湖北
53763,52033285,云南省玉溪市人民医院,云南
53764,52033993,福建省妇幼保健院,福建
53765,52033815,启东市人民医院,江苏
53766,52034318,延安瑞康体检中心,陕西
53767,52034033,郑州大学第一附属医院,河南
53768,52041853,广州医科大学附属第三医院,广东
53769,52042025,东莞市横沥医院,广东
53770,52042146,浙江体育职业技术学院,浙江
53771,52042474,南京鼓楼医院集团安庆市石化医院有限公司,安徽
53772,52033270,济南北城医院,山东
53773,52041568,吉林省前卫医院,吉林
53774,52041946,中国人民解放军联勤保障部队第九二八医院,海南
53775,52042026,景德镇市第一人民医院,江西
53776,52034328,ATLab公司,上海
53777,52034856,北京大学第三医院北方院区,北京
53778,52042229,华润武钢总医院,湖北
53779,52041437,宝鸡市妇幼保健院,陕西
53780,52034858,中国政法大学校医院,北京
53781,52035186,北京高瑞诊所,北京
53782,52041477,平南县第二人民医院,广西
53783,52042455,重庆市合川区人民医院,重庆
53784,52041764,兴县医疗集团（兴县人民医院）（兴县医疗集团人民医院）,山西
53785,52034861,邯郸矿务局郭二庄煤矿医院,河北
53786,52034039,成都安生美健康管理有限公司,四川
53787,52034322,中南大学湘雅三医院,湖南
53788,52034038,崇左市人民医院,广西
53789,52034116,重庆市丰都县人民医院,重庆
53790,52035216,绍兴市第七人民医院,浙江
53791,52035571,北流市人民医院,广西
53792,52038568,沧州市人民医院,河北
53793,52034329,北京佳亿家健康科技有限公司,北京
53794,52034319,保定涿州宝石花医院,河北
53795,52034320,齐齐哈尔市北满特钢职工医院,黑龙江
53796,52034324,武汉康龙逸君健康体检中心,湖北
53797,52035455,解放军报社门诊部,北京
53798,52039107,苏州市第五人民医院,江苏
53799,52038614,北京维特奥健康管理控股有限公司,北京
53800,52038835,上海迪安医学检验所有限公司,上海
53801,52033847,武汉市武昌医院,湖北
53802,52042808,沈阳市妇婴医院,辽宁
53803,52049671,上海市松江区人口和计划生育指导中心,上海
53804,52049073,新泰市第二人民医院,山东
53805,52043090,阿坝藏族羌族自治州人民医院,四川
53806,52043091,重庆大学附属三峡医院御安分院,重庆
53807,52049286,义马煤业(集团)有限责任公司总医院,河南
53808,52049874,蓬莱市中医医院,山东
53809,52049344,承德市兴隆县人民医院,河北
53810,52049459,涿州市中医医院,河北
53811,52049374,青阳县人民医院,安徽
53812,52049706,济南国际旅行卫生保健中心,山东
53813,52049723,山东省立医院东院区,山东
53814,52049846,呼和浩特市石化医院,内蒙古
53815,52049504,攸县中医院,湖南
53816,52049817,玉溪市第三人民医院,云南
53817,52049873,临沂市临沭县中医医院,山东
53818,52049876,武汉迪安医学检验实验室有限公司,湖北
53819,52049583,郑州大学第三附属医院,河南
53820,52049146,绍兴市柯桥区中医医院,浙江
53821,52049259,南华大学附属南华医院,湖南
53822,52049356,江门出入境检验检疫局,广东
53823,52040810,中科器进出口深圳有限公司,广东
53824,52040823,常熟市第二人民医院,江苏
53825,52040844,复旦大学医学院医学研究院,上海
53826,52040610,宁波市北仑区第二人民医院,浙江
53827,52035184,广州复能基因有限公司,广东
53828,52039267,鹤山市人民医院,广东
53829,52039265,赤峰学院附属医院,内蒙古
53830,52022456,南方医科大学顺德医院附属陈村医院,广东
53831,52022458,佛山市妇幼保健院,广东
53832,52022485,浦东新区高行社区卫生服务中心,上海
53833,52022501,茂名石化医院,广东
53834,52042499,银川国龙骨科医院,宁夏
53835,52042233,中国人民解放军第十一医院,新疆
53836,52049844,大连维特奥健康管理有限公司,辽宁
53837,52049181,大连机车医院,辽宁
53838,52040972,中华人民共和国天津海关,天津
53839,52042807,五常中医医院,黑龙江
53840,52042854,哈尔滨工业大学一校区医院,黑龙江
53841,52043093,天津市安定医院,天津
53842,52042662,黑龙江省中医药科学院(黑龙江省中医医院),黑龙江
53843,52042664,中国人民解放军61046部队门诊部,北京
53844,52022480,中山大学附属肿瘤医院甘肃医院,甘肃
53845,52042628,宜昌市夷陵医院,湖北
53846,52043214,赣南师范学院,江西
53847,52043207,信宜市妇幼保健院,广东
53848,52043201,厦门市出入境检验检疫局,福建
53849,52043212,武警广东省总队医院,广东
53850,52042966,北京市石景山区五里坨医院,北京
53851,52043289,四川省骨科医院,四川
53852,52043235,惠州华康骨伤医院（惠州华康医院）,广东
53853,52043415,简阳市人民医院,四川
53854,52049558,江苏宏泰格尔生物医学工程有限公司,江苏
53855,52049560,中国科学院上海药物研究所,上海
53856,52022524,广西壮族自治区民族医院,广西
53857,52022534,广州市计划生育宣传技术指导所,广东
53858,52050402,黑河市嫩江县山河屯农场职工医院,黑龙江
53859,52049880,沧州市沧县医院,河北
53860,52050121,保定市第一中医院,河北
53861,52050122,北京大学第三医院秦皇岛医院,河北
53862,52050541,台州市中西医结合医院,浙江
53863,52042145,上海中医药大学,上海
53864,52035579,上海市杨浦区中心医院,上海
53865,52035207,武警山西总医院,山西
53866,52042658,绍兴市上虞第二人民医院,浙江
53867,52043228,上海市华美女子医院,上海
53868,52041569,中国人民解放军联勤保障部队第九六六医院,辽宁
53869,52038832,南京明基医院,江苏
53870,52038833,上海体育大学,上海
53871,52050216,上海市内分泌代谢病研究所,上海
53872,52050333,正大天晴药业集团股份有限公司,江苏
53873,52050550,黄骅市人民医院,河北
53874,52041763,杭锦后旗医院,内蒙古
53875,52039137,北京迪安医学检验实验室有限公司,北京
53876,52050447,杭州市临平区妇幼保健院,浙江
53877,52050688,东莞市石排医院,广东
53878,52050622,临安市中医院,浙江
53879,52043650,柳城县人民医院,广西
53880,52050893,潍坊市益都中心医院（古城院区）,山东
53881,52039468,吉林大学第一医院,吉林
53882,52043453,成都市双流区第一人民医院,四川
53883,52039541,上海四一一医院,上海
53884,52042891,烟台业达医院,山东
53885,52043096,山东省枣庄矿业集团滕南医院,山东
53886,52043153,青岛市第三人民医院,山东
53887,52039381,枣庄市立医院,山东
53888,52039463,山东电力中心医院,山东
53889,52050800,綦江县人民医院,重庆
53890,52040081,常德市第一人民医院,湖南
53891,52039749,朝阳市中心医院,辽宁
53892,52039763,平湖市中医院,浙江
53893,52039825,苍南县第三人民医院,浙江
53894,52040094,嵊州市中医院,浙江
53895,52040154,无锡市人民医院,江苏
53896,52039268,东莞仁康医院有限公司,广东
53897,52043332,仁化县人民医院,广东
53898,52043390,河北医科大学第三医院,河北
53899,52043397,中国农业大学,北京
53900,52043454,青岛西海岸新区中医医院（青岛市黄岛区中医医院）,山东
53901,52049896,淮安市盱眙县人民医院,江苏
53902,52050211,江阴市长寿医院,江苏
53903,52050417,天津市环湖医院,天津
53904,52043723,青岛市内分泌糖尿病医院,山东
53905,52043652,广西医科大学第一附属医院,广西
53906,52039465,大连大学附属新华医院,辽宁
53907,52050416,长治市中医院,山西
53908,52043538,乐平市人民医院,江西
53909,52043552,蓬安县人民医院,四川
53910,52043594,平顶山市第四人民医院,河南
53911,52043806,河北北方学院附属第二医院,河北
53912,52044108,中国医科大学附属盛京医院滑翔分院,辽宁
53913,52043936,四川省第三人民医院,四川
53914,52044118,海宁市中医院,浙江
53915,52043807,北京爱普益医学检验中心有限公司,北京
53916,52043782,沂南县人民医院,山东
53917,52044315,济南迪安医学检验中心有限公司,山东
53918,52050540,成都市双流区中医医院,四川
53919,52044260,云南省怒江人民医院,云南
53920,52044121,抚顺市中心医院,辽宁
53921,52050623,青岛静康医院,山东
53922,52050763,迁安市人民医院,河北
53923,52050973,鄂尔多斯计生指导站,内蒙古
53924,52050634,威海市立医院南院区,山东
53925,52050807,昆明科灵生物科技有限公司,云南
53926,52043715,太仓市第一人民医院,江苏
53927,52039723,云南大学附属医院,云南
53928,52039660,邵阳学院附属第二医院,湖南
53929,52043659,临汾市第二人民医院,山西
53930,52050795,淮安市金湖县中医院,江苏
53931,52044442,广州市仁爱医院,广东
53932,52039932,江阴市中医院,江苏
53933,52040093,华北理工大学附属医院,河北
53934,52050813,昆山市中西医结合医院,江苏
53935,52050814,昆山市第三人民医院,江苏
53936,52039764,东营市第五人民医院,山东
53937,52040363,泸州市中医医院,四川
53938,52050916,库尔勒市第二人民医院,新疆
53939,52051142,惠州市中医院菱湖院区,广东
53940,52040082,中南大学湘雅医学院医学遗传学国家重点实验室,湖南
53941,52051004,武警陕西省总队医院,陕西
53942,52051141,伊丽莎白妇产医院,广东
53943,52051514,宜宾市矿山急救医院,四川
53944,52051126,锦州市黑山县中医院,辽宁
53945,52051663,江苏澳洋健康管理有限公司,江苏
53946,52051042,益阳市妇幼保健院（新院）,湖南
53947,52051233,深圳市坪山区人民医院,广东
53948,52051266,武汉市江夏区第一人民医院,湖北
53949,52051423,沧州市献县中医院,河北
53950,52051706,邢台市第二医院,河北
53951,52050918,安庆市中医医院,安徽
53952,52050955,陕西省中医医院,陕西
53953,52051163,广西金域医学检验实验室有限公司,广西
53954,52051586,射洪市中医院,四川
53955,52051588,成都市新都区中医院,四川
53956,52050956,北京中医药大学东直门医院东院,北京
53957,52051796,仁寿县人民医院,四川
53959,52051824,广州复大医疗有限公司复大肿瘤医院（海珠院区）,广东
53960,52051835,上海中医药大学附属岳阳医院崇明分院,上海
53961,52051880,盖州市中心医院,辽宁
53962,52051849,岳阳市人民医院,湖南
53963,52051894,大邑县人民医院,四川
53964,52051839,赤峰市安定医院,内蒙古
53965,52051863,瑞安市计量测试检定所,浙江
53966,52051937,番禺岐山医院,广东
53967,52051843,沈阳市慈济医院,辽宁
53968,52051900,芦溪县人民医院,江西
53969,52051933,南方医科大学口腔医院,广东
53970,52051950,苍梧县人民医院,广西
53971,52051990,中国人民解放军第五三三医院,云南
53972,52051920,北京市西城区平安医院,北京
53973,52052018,平度市第四人民医院,山东
53974,52051967,大连市旅顺口区人民医院,辽宁
53975,52051973,四川省林业局中心医院,四川
53976,52051964,江西桑海经济技术开发区医院,江西
53977,52051910,抚松县人民医院,吉林
53978,52052021,潍坊市人民医院脑科医院,山东
53979,52051165,广东医科大学附属第二医院,广东
53980,52051947,深圳华侨城医院,广东
53981,52051999,东莞市高埗医院,广东
53982,52052000,惠州市妇幼保健院江北分院,广东
53983,52044359,南方医科大学第三附属医院、广东省骨科医院,广东
53984,52044439,泉州市第一医院,福建
53985,52052004,南昌康桥体检中心,江西
53986,52051989,红河州第三人民医院,云南
53987,52052035,美之源整形医院,上海
53988,52052044,安徽大千生物工程有限公司,安徽
53989,52052007,东昌府区人民医院,山东
53990,52040189,深圳市福田区妇幼保健院,广东
53991,52040247,郑州市第六人民医院,河南
53992,52052079,北京朝阳区大屯医院,北京
53993,52040285,东莞东华医院旗峰分院,广东
53994,52044261,临沂市河东区妇幼保健医院,山东
53995,52044441,青岛市黄岛区妇幼保健院,山东
53996,52044451,西安交通大学第一附属医院榆林医院,陕西
53997,52044452,榆林市第一医院,陕西
53998,52044470,深圳华大生命科学研究院,广东
53999,52051953,黄石市中医医院,湖北
54000,52044431,新余钢铁有限公司中心医院,江西
54001,52044625,重庆国际旅行卫生保健中心,重庆
54002,52052386,广州市荔湾区华林街社区卫生服务中心,广东
54003,52052574,暨南大学校门诊部,广东
54004,52052099,北京豪迈生物工程股份有限公司,北京
54005,52044471,中国农业科学院油料作物研究所,湖北
54006,52040294,厦门湖里国宇门诊部,福建
54007,52052071,北京北化康泰临床试剂有限公司,北京
54008,52052175,北京维通博际医药研发有限公司,北京
54009,52052489,杭州金顺医疗器械有限公司,浙江
54010,52052492,杭州市下城区中西医结合医院,浙江
54011,52051428,葫芦岛宝石花医院有限公司,辽宁
54012,52052421,广州铁道部石门休养院,广东
54013,52052644,雷州市妇幼保健院,广东
54014,52052740,南湾预防保健所卫生监督分所,广东
54015,52052339,广州东林生物科技有限公司,广东
54016,52052381,广州市越秀区精艺科技中心,广东
54017,52052583,五邑中医院恩平分院,广东
54018,52052917,四川省人民医院草堂病区,四川
54019,52053030,西安市医学科学研究所科技服务部,陕西
54020,52053087,广州市越秀区第二中医医院,广东
54021,52053097,云南省医疗器械检验所,云南
54022,52052868,深圳市博卡生物技术有限公司,广东
54023,52053375,上海市东方医院南院,上海
54024,52052970,天津美年医院,天津
54025,52052859,绍兴市临检中心,浙江
54026,52053377,潜山市立医院,安徽
54027,52053383,天长市人民医院,安徽
54028,52053394,池州市青阳县中医医院,安徽
54029,52053115,浙江夸克生物科技有限公司,浙江
54030,52040151,临夏回族自治洲人民医院,甘肃
54031,52040424,济南金域医学检验实验室有限公司,山东
54032,52044443,福州福兴妇产医院有限公司,福建
54033,52040297,玉环市第二人民医院(玉环市第二人民医院健共体集团),浙江
54034,52040712,广西医科大学附属武鸣医院,广西
54035,52040710,中国人民解放军陆军第七十四集团军医院,广东
54036,52051800,南京健康园门诊部有限公司,江苏
54037,52051708,眉山心脑血管病医院,四川
54038,52040713,尤溪县总医院,福建
54039,52040818,盈江县人民医院,云南
54040,52041075,克拉玛依市第二人民医院,新疆
54041,52041056,惠安县妇幼保健院,福建
54042,52040714,武汉华科生殖专科医院,湖北
54043,52041188,广西壮族自治区体工医院,广西
54044,52041191,佛山市顺德区伍仲珮纪念医院,广东
54045,52041114,营口经济技术开发区中心医院(营口市人民医院),辽宁
54046,52041049,中山大学公共卫生学院,广东
54047,52041217,福州市晋安区医院,福建
54048,52044627,内蒙古赤峰市翁牛特旗人民医院,内蒙古
54049,52044704,北京市中关村医院(中国科学院中关村医院),北京
54050,52044951,宣城市人民医院,安徽
54051,52044615,都江堰市人民医院,四川
54052,52041055,遵义医科大学第五附属（珠海）医院,广东
54053,52044790,桂林医学院第二附属医院,广西
54054,52041198,南昌长庚健康体检服务有限公司,江西
54055,52044783,河北省沧州中西医结合医院,河北
54056,52044953,东莞市水乡中心医院,广东
54057,52041079,上海江船健航门诊部有限公司,上海
54058,52041194,国药葛洲坝中心医院,湖北
54059,52041436,襄阳市中医医院,湖北
54060,52041189,中山市南朗医院,广东
54061,52051890,常熟市计量测试所,江苏
54062,52051943,高州市妇幼保健院,广东
54063,52051814,浙江省立同德医院,浙江
54064,52051980,淄博市张店区中医院,山东
54065,52052025,无锡出入境检验检疫局,江苏
54066,52052028,吴江市计量测试所,江苏
54067,52052014,重庆三博长安医院,重庆
54068,52052029,中山市疾病预防控制中心,广东
54069,52041280,上海睿智化学研究有限公司,上海
54070,52045164,邯郸市第一医院,河北
54071,52051968,大连市第七人民医院,辽宁
54072,52044968,桑植县人民医院,湖南
54073,52044970,烟台市北海医院(烟台市呼吸病医院),山东
54074,52045105,江苏盛泽医院新院区,江苏
54075,52052060,宝应县第二人民医院,江苏
54076,52045130,广东凯普生物科技股份有限公司,广东
54077,52053495,上杭县医院,福建
54078,52053695,永定县中医院,福建
54079,52053766,浙江省人民医院毕节医院（毕节市第一人民医院）,贵州
54080,52045406,南宁市第三人民医院,广西
54081,52053400,西宁市第三人民医院,青海
54082,52053484,江门市第二人民医院,广东
54083,52053530,梅县妇幼保健院,广东
54084,52045273,清华大学,北京
54085,52045660,成都博奥独立医学实验室有限公司,四川
54086,52053746,中山火炬开发区人民医院,广东
54087,52053523,临澧县人民医院,湖南
54088,52045277,湖州市安吉县人民医院,浙江
54089,52053376,新泰市人民医院,山东
54090,52053493,上海申江医院有限公司,上海
54091,52053652,上海亲和源医院,上海
54092,52053653,上海瑞和门诊部,上海
54093,52053745,宁波市中医院,浙江
54094,52045429,南京艾迪康医学检验所有限公司,江苏
54095,52045511,三门县中医院,浙江
54096,52045510,黑龙江中医药大学药物安全性评价中心,黑龙江
54097,52053751,北京中医医院延庆医院,北京
54098,52053770,河北省宁晋县医院,河北
54099,52045662,陵水黎族自治县人民医院,海南
54100,52045665,深圳市第二人民医院,广东
54101,52045403,海丰县彭湃纪念医院,广东
54102,52045669,北京市朝阳区和平医院,北京
54103,52045288,肇庆市端州区妇幼保健院,广东
54104,52045432,汕头大学医学院,广东
54105,52045466,广州医科大学附属口腔医院(广州医科大学羊城医院),广东
54106,52052532,湖东镇医院,江苏
54107,52052584,江苏省电力公司高级培训中心,江苏
54108,52052702,南京汇标生物科技有限公司,江苏
54109,52052848,上海市医疗器械检验研究院,上海
54110,52052407,广州市卫盈通科技有限公司,广东
54111,52052547,惠州市监狱,广东
54112,52052922,四川省新成生物科技有限责任公司,四川
54113,52053893,仙桃市计划生育服务站,湖北
54114,52052924,四川石油管理局川中石油天然气勘探开发公司,四川
54115,52052973,天津信鸿医疗科技有限公司,天津
54116,52053784,中国人民武装警察部队四川省总队成都医院,四川
54117,52053787,四川省第五人民医院,四川
54118,52053788,四川大学望江医院,四川
54119,52053789,成都市新都区第二人民医院,四川
54120,52052296,福建中航技经贸发展有限公司,福建
54121,52053783,包头市第四医院,内蒙古
54122,52053752,北京市维世达德联企业管理咨询有限公司维世达诊所,北京
54123,52053771,洛阳市第一人民医院（陇海院区）,河南
54124,52044707,郴州市第四人民医院,湖南
54125,52053772,河南省职工医院,河南
54126,52053813,北京安达医院,北京
54127,52053810,乐昌市第二人民医院,广东
54128,52053913,大连市第三人民医院,辽宁
54129,52053843,闽侯县第二医院,福建
54130,52053795,德州市立医院,山东
54131,52053921,福建省福州儿童医院,福建
54132,52053917,缙云县第二人民医院,浙江
54133,52053367,浠水县人民医院,湖北
54134,52053199,杭州迪安（经销商自用或报损）,浙江
54135,52052992,东软威特曼生物科技（南京）有限公司,江苏
54136,52053551,南京港口医院,江苏
54137,52053486,东莞市长安镇乌沙医院,广东
54138,52053550,淮安市第四人民医院,江苏
54139,52040812,成都市第二人民医院,四川
54140,52040858,天津南开新阶层医院,天津
54141,52045901,扶余市人民医院,吉林
54142,52053552,昆山宗仁卿纪念医院有限公司,江苏
54143,52041076,隆回县人民医院,湖南
54144,52045948,福州市第八医院,福建
54145,52045835,惠州市第一人民医院,广东
54146,52041586,上海裕隆医学检验所股份有限公司,上海
54147,52041571,新乡市第二人民医院,河南
54148,52041587,淳安县第一人民医院,浙江
54149,52045886,日照市岚山区人民医院,山东
54150,52045944,梧州市龙圩区妇幼保健院,广西
54151,52046127,克拉玛依市人民医院,新疆
55714,52081266,北京永林医院,北京
54152,52046199,重庆南桐矿业有限责任公司总医院,重庆
54153,52046123,祁阳县人民医院,湖南
54154,52046202,简阳市中医医院,四川
54155,52046218,长沙医学院第一附属医院,湖南
54156,52041287,中华人民共和国满洲里出入境检验检疫局,内蒙古
54157,52044980,江阴市第四人民医院,江苏
54158,52053750,山东大学齐鲁医院德州医院,山东
54159,52045270,佛山市顺德区祈康医院,广东
54160,52041744,北京中医药大学第三附属医院,北京
54161,52041852,安庆市第一人民医院,安徽
54162,52041743,宁夏回族自治区第五人民医院,宁夏
54163,52041621,中山国际旅行卫生保健中心,广东
54164,52045658,巴城人民医院,江苏
54165,52042155,吉林省妇幼保健院,吉林
54166,52041944,惠安县医院,福建
54167,52042332,贵州中医药大学第一附属医院,贵州
54168,52042659,荥经县人民医院,四川
54169,52042028,南昌大学第一附属医院,江西
54170,52041943,佛山市三水区人民医院,广东
54171,52042156,包钢集团第三职工医院,内蒙古
54172,52054098,西安迪安托管共建-长武县人民医院,陕西
54173,52042475,温岭市妇幼保健院,浙江
54174,52042495,上海市第四人民医院,上海
54175,52042633,合肥市第二人民医院,安徽
54176,52054165,邢台市清河县人民医院,河北
54177,52054067,乌海市仁康医院,内蒙古
54178,52053943,湖北省公安县人民医院,湖北
54179,52045891,桓台县妇幼保健院,山东
54180,52053796,济宁市第二人民医院（济宁市骨科医院）,山东
54181,52042498,首都医科大学附属北京潞河医院,北京
54182,52041766,天津市红桥医院,天津
54183,52054207,许昌市妇幼保健院,河南
54184,52045927,赤峰市肿瘤医院,内蒙古
54185,52041585,英山县人民医院,湖北
54186,52053935,解放军第149医院,江苏
54187,52042892,安徽医科大学第二附属医院,安徽
54188,52046404,杭州市萧山区计划生育宣传技术指导站,浙江
54189,52042806,北京市医疗器械检验所,北京
54190,52043026,青岛康源药业有限公司,山东
54191,52043094,江阴市妇幼保健所,江苏
54192,52042969,如皋市中医院,江苏
54193,52043023,北京市房山区中医医院,北京
54194,52043147,塔西南勘探开发公司职工医院,新疆
54195,52043205,上海市奉贤区中医医院,上海
54196,52053936,成都市精神病医院,四川
54197,52054034,三原县医院,陕西
54198,52054367,怀远县中医院,安徽
54199,52054453,成都中医药大学附属生殖妇幼医院,四川
54200,52046321,山东第一医科大学第三附属医院,山东
54201,52046355,北京市出入境检验检疫局,北京
54202,52054604,万宁市中医院,海南
54203,52054110,上海锦绣华检门诊部有限公司,上海
54204,52054255,迪安诊断技术集团股份有限公司,浙江
54205,52054580,辽宁中医药大学附属第四医院,辽宁
54206,52045945,宜宾市第二人民医院,四川
54207,52054616,吉林省地方病第一防治研究所,吉林
54208,52054606,海南省临高县中医院,海南
54209,52054608,乐东黎族自治县中医院,海南
54210,52045973,山东第一医科大学附属眼科研究所,山东
54211,52054541,昭衍（苏州）新药研究中心有限公司,江苏
54212,52045933,江苏省中西医结合医院华电分院,江苏
54213,52054668,峨眉山市人民医院,四川
54214,52042719,海关总署(北京)国际旅行卫生保健中心(北京海关口岸门诊部),北京
54215,52042228,湖北省肿瘤医院,湖北
54216,52042500,沧州渤海新区中捷医院,河北
54217,52054720,津市市人民医院,湖南
54218,52042856,北京大学医学部,北京
54219,52054746,阜阳市太和县中医院,安徽
54220,52054806,大荔县医院,陕西
54221,52042898,湖州市传染病医院,浙江
54222,52054722,湘潭市第五人民医院,湖南
54223,52054889,长沙县妇幼保健院,湖南
54224,52054307,长阳土家族自治县人民医院,湖北
54225,52054592,深圳中信健康投资管理有限公司,广东
54226,52054622,陕西神华神东煤炭集团神东总医院,陕西
54227,52046093,解放军总医院第七医学中心附属八一儿童医院,北京
54228,52046131,成都西囡妇科医院,四川
54229,52054340,晋州市人民医院,河北
54230,52054390,西藏阜康医院有限公司,西藏
54231,52054736,无为市中医医院,安徽
54232,52054983,江西省中西医结合医院,江西
54233,52054069,乌海市海勃湾区人民医院,内蒙古
54234,52054094,高州市中医院（北院区）,广东
54235,52054466,桂林市第三人民医院,广西
54236,52054671,广州开发区医院南岗院区,广东
54237,52054514,上海天伟生物制药有限公司,上海
54238,52054666,海亮教育投资集团有限公司,浙江
54239,52054643,彭州市中医医院,四川
54240,52055217,凭祥市人民医院,广西
54241,52054664,北京大学第三医院中央党校院区,北京
54242,52055128,建平县第二人民医院,辽宁
54243,52055074,阜阳市第三人民医院,安徽
54244,52055121,福安市医院,福建
54245,52054712,北京市石景山区妇幼保健院,北京
54246,52054987,山丹县人民医院,甘肃
54247,52055249,临夏州中医院,甘肃
54248,52055227,广州中医药大学深圳医院(福田),广东
54249,52022474,靖远县人民医院,甘肃
54250,52022479,天水市中医医院,甘肃
54251,52022484,高唐县人民医院（老院区）,山东
54252,52022562,广州医科大学附属市八医院嘉禾院区,广东
54253,52022496,广州市番禺区健康管理中心,广东
54254,52022517,桂平市人民医院,广西
54255,52022541,中山大学附属第一医院东山院区,广东
54256,52022574,广州市妇女儿童医疗中心（妇婴医院院区）,广东
54257,52055123,邯郸市永年县第一医院,河北
54258,52022618,哈尔滨工程大学医院,黑龙江
54259,52022565,广州市越秀区妇幼保健院东山院区,广东
54260,52055399,重庆市江津区妇幼保健院,重庆
54261,52055429,湘西土家族苗族自治州民族中医院,湖南
54262,52055455,宽城县医院,河北
54263,52042809,呼伦贝尔市人民医院,内蒙古
54264,52042857,成都市锦江区妇幼保健院,四川
54265,52046480,广州医科大学附属番禺中心医院,广东
54266,52046621,兴安盟人民医院,内蒙古
54267,52042968,中国科学院昆明动物研究所,云南
54268,52043097,三台县人民医院,四川
54269,52046555,闽侯县医院(闽侯良浩医院),福建
54270,52054542,镇江市中医院,江苏
54271,52043159,广宁县人民医院,广东
54272,52043089,成都锦欣妇产科医院有限公司,四川
54273,52043155,郴州市第一人民医院南院,湖南
54274,52043217,黄浦区精神卫生中心,上海
54275,52043219,云浮市妇幼保健院,广东
54276,52046677,杭州金域医学检验实验室有限公司,浙江
54277,52043211,宝钢体检中心,上海
54278,52047135,徕博科医药研发（上海）有限公司,上海
54279,52043290,上海利民门诊部,上海
54280,52046955,首都医科大学,北京
54281,52047259,盘州市人民医院,贵州
54282,52043213,松江区车墩镇社区卫生服务中心,上海
54283,52047235,榆树市中医院,吉林
54284,52043203,上海美兆门诊部有限公司,上海
54285,52043272,广州市从化区中医医院,广东
54286,52043156,衡阳市中心医院,湖南
54287,52054721,深圳禾正医院,广东
54288,52055247,巩留县人民医院,新疆
54289,52055418,三明市台江医院,福建
54290,52043274,北京仁泰门诊部有限公司,北京
54291,52055506,湖州颐辉生物科技有限公司,浙江
54292,52055556,骏实生物科技（上海）有限公司,上海
54293,52055559,上海丰汇生物研究有限公司,上海
54294,52055581,上海荣盛生物药业股份有限公司,上海
54295,52055623,北京泰德制药股份有限公司,北京
54296,52043206,上海交通大学医学院附属仁济医院（南院）,上海
54297,52055554,天津九安医疗电子股份有限公司,天津
54298,52043210,上海市徐汇区斜土街道社区卫生服务中心,上海
54299,52055120,天津市宝坻区中医医院,天津
54300,52022557,广州医科大学附属第一医院,广东
54301,52055382,山西白求恩医院(山西医学科学院),山西
54302,52022540,广州市经济技术开发区红十字会医院,广东
54303,52046811,仪陇县人民医院（金城院区）,四川
54304,52046697,阳江市中西医结合医院,广东
54305,52047216,达州市中西医结合医院,四川
54306,52047220,淮南东方医院集团总医院,安徽
54307,52047221,嘉定区中医医院,上海
54308,52047479,喀喇沁左翼蒙古族自治县中心医院,辽宁
54309,52047765,伊春市第一医院,黑龙江
54310,52055401,晋城煤业集团寺河矿医院,山西
54311,52048294,泉州市泉港区医院,福建
54312,52047490,江西医学高等专科学校第一附属医院（上饶市眼科医院）,江西
54313,52022622,哈尔滨市第一医院,黑龙江
54314,52055423,湛江久和医院有限公司,广东
54315,52055482,菲鹏生物股份有限公司,广东
54316,52055414,无锡市锡山区中医医院,江苏
54317,52043551,武汉兰卫医学检验实验室有限公司,湖北
54318,52043407,鞍钢集团公司总医院,辽宁
54319,52043805,玉溪市儿童医院,云南
54320,52048348,龙山县人民医院,湖南
54321,52043539,福建省宁德人民医院,福建
54322,52048305,新昌县中医院,浙江
54323,52043291,中国中医科学院广安门医院南区,北京
54324,52043404,乌兰察布市中心医院,内蒙古
54325,52043425,山东省医药生物技术研究中心,山东
54326,52043717,济南长虹医院,山东
54327,52046915,象山县红十字台胞医院,浙江
54328,52055609,北京健乃喜生物技术有限公司,北京
54329,52055824,国家海洋局第三海洋研究所,福建
54330,52055699,长沙市第三医院,湖南
54331,52055805,中美冠科生物技术(太仓)有限公司,江苏
54332,52055908,厦门大学附属心血管病医院,福建
54333,52055939,四川省生殖健康研究中心附属生殖专科医院,四川
54334,52055933,北京和睦家建国门诊所有限公司,北京
54335,52056179,中国水产科学研究院,北京
54336,52056378,叙永县人民医院,四川
54337,52056459,庄河市妇幼保健院,辽宁
54338,52056398,亳州市蒙城县中医医院,安徽
54339,52022639,邯郸市传染病医院,河北
54340,52056305,海南国际旅行卫生保健中心,海南
54341,52022594,贵阳市第一人民医院,贵州
54342,52022608,贵州省第二人民医院,贵州
54343,52022658,汉中市中心医院,陕西
57858,52099086,平江县中医院,湖南
54344,52022683,中国人民解放军联勤保障部队第九〇一医院,安徽
54345,52056512,桂林市中医院,广西
54346,52022685,鹤岗鹤矿医院,黑龙江
54347,52022692,鹤岗市人民医院,黑龙江
54348,52056096,中国科学院化学研究所,北京
54349,52048278,茂名市中医院,广东
54350,52022641,邯郸钢铁集团职工总医院,河北
54351,52022661,武警河北总队医院,河北
54352,52056200,上海奥普生物医药有限公司,上海
54353,52043588,河北大学附属医院,河北
54354,52043314,中国计量科学研究院,北京
54355,52022699,安阳市中医院,河南
54356,52022706,濮阳市人民医院,河南
54357,52022708,河南省洛阳正骨医院（河南省骨科医院）东花坛院区）,河南
54358,52022727,安徽理工大学第一附属医院,安徽
54359,52043846,清华大学玉泉医院,北京
54360,52044007,威海市文登区人民医院北院区,山东
54361,52044018,西藏阜康妇产儿童医院有限公司,西藏
54362,52043998,中国科学院南海海洋研究所,广东
54363,52044187,杭州市余杭区第二人民医院,浙江
54364,52044190,义乌市中心医院,浙江
54365,52044438,三峡大学仁和医院,湖北
54366,52043999,中国人民解放军南部战区空军医院,广东
54367,52044445,潮州市湘桥区妇幼保健院,广东
54368,52044535,湛江市妇幼保健院,广东
54369,52044316,运城护理职业学院附属医院,山西
54370,52044020,宁波市鄞州区第二医院,浙江
54371,52057971,营口市中西医结合医院,辽宁
54372,52048380,乌兰察布市第二医院,内蒙古
54373,52048596,佛山市南海区人民医院,广东
54374,52048643,浙江省中医院（湖滨院区）,浙江
54375,52058024,平陆县中医医院,山西
54376,52055740,广州军区广州总医院附属一五七医院,广东
54377,52058117,璧山县妇幼保健院,重庆
54378,52058127,亳州市涡阳县中医医院,安徽
54379,52058132,阜阳市妇女儿童医院,安徽
54380,52057878,宁夏迪安托管共建-中卫市中医医院,宁夏
54381,52057991,易县医院,河北
54382,52057876,北京华盛康城医院管理有限公司,北京
54383,52058026,伊通满族自治县民族医院,吉林
54384,52058031,高安市骨伤医院,江西
54385,52057967,新疆佳音医院,新疆
54386,52058212,海南西部中心医院,海南
54387,52058218,中国人民解放军北部战区空军医院,辽宁
54388,52058231,延边中医医院延吉市中医医院,吉林
54389,52057943,恩平市人民医院,广东
54390,52056390,六安市金寨县人民医院,安徽
54391,52058309,重庆市黔江区妇幼保健计划生育服务中心,重庆
54392,52058140,芜湖市中医医院,安徽
54393,52058283,伊宁县人民医院,新疆
54394,52047456,宁安市第二人民医院,黑龙江
54395,52048096,港龙生物技术（深圳）有限公司,广东
54396,52057949,漳浦县中医院,福建
54397,52055856,二连浩特市医院,内蒙古
54398,52057927,武汉市汉阳医院,湖北
54399,52055937,南京林业大学医院,江苏
54400,52022632,宁海县第一医院,浙江
54401,52056159,南京市口腔医院,江苏
54402,52048597,广州华银医药科技有限公司,广东
54403,52048836,四川省人民医院温江医院,四川
54404,52048987,南宁市第二妇幼保健院,广西
54405,52047895,赣州市第三人民医院,江西
54406,52048837,沧州市妇幼保健院,河北
54407,52058578,长汀汀州新福音医院,福建
54408,52048925,北京市农林科学院,北京
54409,52058481,广西职业病防治研究所,广西
54410,52049083,南充市仪陇县马鞍中心卫生院,四川
54411,52049067,诸暨市第四人民医院,浙江
54412,52048856,洛阳市栾川县计划生育服务站,河南
54413,52058748,乳山市涯子中心卫生院,山东
54414,52049047,安徽医科大学公共卫生学院,安徽
54415,52049022,遵义市第一人民医院,贵州
54416,52058646,武汉生之源生物科技股份有限公司,湖北
54417,52049030,赤峰上京内分泌专科医院,内蒙古
54418,52049346,深圳市宝安区石岩人民医院,广东
54419,52048307,四川省第四人民医院,四川
54420,52048933,义乌市稠州医院,浙江
54421,52048854,石家庄市第二医院,河北
54422,52048929,沈阳艾迪康医学检验所有限公司,辽宁
54423,52049045,威海海大医院,山东
54424,52058367,宁波美康盛德医学检验所有限公司,浙江
54425,52049053,宁波爱伊美医院,浙江
54426,52058377,北京科兴生物制品有限公司,北京
54427,52049152,承德钢铁集团有限公司职工医院,河北
54428,52049265,晋城市体检中心,山西
54429,52058320,东莞市滨海湾中心医院,广东
54430,52049341,胶州市妇幼保健院,山东
54431,52058394,北京华医中西医结合皮肤病医院,北京
54432,52049246,河池市都安县粤安医院,广西
54433,52049252,汕尾市海丰县妇幼保健院,广东
54434,52049065,淮南市新康医院,安徽
54435,52049075,淄博市淄川区医院,山东
54436,52049028,运城市第三医院(运城市人民医院),山西
54437,52049079,成都市新都区人民医院,四川
54438,52049361,厦门海关口岸门诊部,福建
54439,52049349,万年县中医院,江西
54440,52049376,东南大学医学院附属蚌埠市第一人民医院,安徽
54441,52049295,平煤神马医疗集团总医院,河南
54442,52058600,吉林省肝胆病医院,吉林
54443,52056384,济宁市肿瘤医院,山东
54444,52056419,连云港市灌南县人民医院,江苏
54445,52022722,广州市中西医结合医院,广东
54446,52056499,新宁县人民医院,湖南
54447,52044537,广东省怀集县人民医院,广东
54448,52044617,东阳市妇幼保健院,浙江
54449,52049365,池州市人民医院,安徽
54450,52044446,成都高新达安医学检验有限公司,四川
54451,52049369,安庆市第六人民医院,安徽
54452,52022746,红安县人民医院,湖北
54453,52044669,定西市第二人民医院,甘肃
54454,52044676,佛山市南海区中医院沙头分院,广东
54455,52044710,武汉艾迪康医学检验所有限公司,湖北
54456,52044791,平南县人民医院（东湖新院）,广西
54457,52049395,皖北煤电集团总医院,安徽
54458,52049375,滁州市第二人民医院,安徽
54459,52044681,日照市港口医院,山东
54460,52049677,唐山市工人医院集团康复医院,河北
54461,52049704,保定市定兴县医院,河北
54462,52022721,成都市第十一人民医院,四川
54463,52044775,包头市朝聚眼科医院,内蒙古
54464,52049379,安徽医科大学第一附属医院南区,安徽
54465,52049391,皖西卫生职业学院附属医院,安徽
54466,52049707,烟台出入境检验检疫局保健中心,山东
54467,52049548,晋中市寿阳县中医院,山西
54468,52049839,鹰潭一八四医院,江西
54469,52058279,容城县人民医院,河北
54470,52058228,惠州市龙门县人民医院,广东
54471,52049561,巫溪县人民医院,重庆
54472,52049702,黑龙江省铁力林业局职工医院,黑龙江
54473,52058490,中山出入境检验检疫局,广东
54474,52058494,南昌市洪都中医院（南昌市骨伤医院）,江西
54475,52049674,昆明市东川区人民医院,云南
54476,52058744,通辽市传染病医院,内蒙古
54477,52058113,淮安市洪泽区人民医院,江苏
54478,52058750,阜阳康乐健康体检中心,安徽
54479,52058159,复旦大学附属华东医院闵行分院,上海
54480,52058266,长治市潞州区人民医院,山西
54481,52049547,东营胜利中医医院,山东
54482,52049549,沈阳医学院,辽宁
54483,52058499,上海康新医院投资管理有限公司,上海
54484,52049699,鞍山市万良糖尿病医院,辽宁
54485,52049841,北京诺和诺德医药科技有限公司,北京
54486,52058269,内蒙古斯坦福（经销商自用或报损）,内蒙古
54487,52058290,深圳沙河医院,广东
54488,52058297,南通市海门区三厂街道中心卫生院,江苏
54489,52048937,涪陵郭昌毕骨伤科医院,重庆
54490,52048941,上海市杨浦区妇幼保健院,上海
54491,52049069,济南柴油机厂职工医院,山东
54492,52059196,上海中检医学检验所有限公司,上海
54493,52048869,厦门长庚医院,福建
54494,52049077,川北医学院附属成都新华医院,四川
54495,52059036,澄合矿务局中心医院,陕西
54496,52059201,凤台县人民医院,安徽
54497,52059218,荣县人民医院,四川
54498,52059256,北京首儿李桥儿童医院,北京
54499,52059335,长乐市第二医院,福建
54500,52059336,广州康源医院大源院区,广东
54501,52059263,辛集市第一医院,河北
54502,52059286,唐山市南堡开发区医院,河北
54503,52059374,梅州市第三人民医院,广东
54504,52059607,威县人民医院,河北
54505,52044609,秦皇岛市海港医院,河北
54506,52059472,上海市金山区石化社区卫生服务中心,上海
54507,52059257,北京市顺义区南法信镇卫生院,北京
54508,52044688,广汉市人民医院,四川
54509,52049031,哈密市中心医院,新疆
54510,52044610,长春日升医院,吉林
54511,52044776,北京Medpace医药科技有限公司,北京
54512,52044796,惠阳三和医院,广东
54513,52058580,漳州市华侨医院,福建
54514,52059332,日照市计划生育科研所,山东
54515,52058678,广州天宝颂原生物科技开发有限公司,广东
54516,52044678,韶关市第一人民医院,广东
54517,52059056,邵阳市中医医院本部,湖南
54518,52059503,上海市奉贤区精神卫生中心,上海
54519,52045108,梅江健康体检中心,天津
54520,52044785,华北石油管理局总医院,河北
54521,52058635,凤城市中医院,辽宁
54522,52059480,厦门医学院附属第二医院,福建
54523,52045146,山西省第二人民医院,山西
54524,52049241,苏州市相城区第三人民医院,江苏
54525,52045092,北大荒集团总医院,黑龙江
54526,52044788,北京市怀柔区中医医院,北京
54527,52059613,贵州医科大学第二附属医院,贵州
54528,52049263,福建霞浦福宁医院,福建
54529,52059884,聊城市第四人民医院,山东
54530,52045055,巢湖市巢城中心医院,安徽
54531,52060242,洛阳石化医院,河南
54532,52045318,兰陵县妇幼保健院,山东
54533,52060088,广西医科大学第二附属医院,广西
54534,52059954,长江航运总医院,湖北
54535,52060102,滦州市人民医院,河北
54536,52060125,天津市津南医院,天津
54537,52044962,大连医科大学附属第一医院二部（联合路院区）,辽宁
54538,52060118,郑州市第九人民医院,河南
54539,52060223,宁波美康盛达生物科技有限公司,浙江
54540,52044950,朔州市中医医院,山西
54541,52044969,鄂尔多斯妇产医院（鄂尔多斯体检保健中心）,内蒙古
54542,52049790,山东青岛中西医结合医院（青岛市第五人民医院）,山东
54543,52049754,北京韩美药品有限公司,北京
54544,52049759,北京市平谷区中医院,北京
54545,52049791,渠县人民医院,四川
54546,52049725,宜章县人民医院,湖南
54547,52049789,安丘市中医院,山东
54548,52050120,浏阳市人民医院,湖南
54549,52050207,甘肃省第二人民医院,甘肃
54550,52050206,高台县人民医院,甘肃
54551,52050413,青海省食品药品监督管理局,青海
54552,52049856,宁波市宁海县中医医院,浙江
54553,52050212,江阴临港医院,江苏
54554,52060115,新密市第一人民医院,河南
54555,52060394,北京德尔康尼骨科医院,北京
54556,52050190,凤城市中心医院,辽宁
54557,52059206,宁海县城关医院,浙江
54558,52050625,贵航贵阳医院,贵州
54559,52060136,山西晋柴机械制造有限公司职工医院,山西
54560,52060174,宜昌市中医院,湖北
54561,52060404,甘肃省第三人民医院,甘肃
54562,52060419,暨南大学生命科学技术学院,广东
54563,52060421,广州军区机关门诊部,广东
54564,52050367,广州康都临床检验所(特殊普通合伙),广东
54565,52045117,贵州金域医学检验中心有限公司,贵州
54566,52045275,马鞍山市临床检验中心,安徽
54567,52045408,海南省人民医院,海南
54568,52045405,合肥海关,安徽
54569,52060483,西安市阎良区人民医院,陕西
54570,52060793,和县人民医院,安徽
54571,52060487,吉林艾迪康医学检验实验室有限公司,吉林
54572,52060817,兴宁市中医院,广东
54573,52060803,全椒县人民医院,安徽
54574,52059852,淮安市第二人民医院(淮安仁慈医院）,江苏
54575,52050759,北京中新医院,北京
54576,52049903,泰兴市第二人民医院,江苏
54577,52050582,中国人民解放军总医院京北医疗区清河门诊部,北京
54578,52050618,赤峰市妇幼保健计划生育服务中心,内蒙古
54579,52060851,南京市胸科医院,江苏
54580,52050770,河北北方学院附属第一医院,河北
54581,52050764,西安航天总医院,陕西
54582,52050785,盐城市建湖县人民医院,江苏
54583,52059878,郴州市第一人民医院北院,湖南
54584,52050537,上海市金山区中西医结合医院,上海
54585,52045430,丹东市妇女儿童医院,辽宁
54586,52060914,北京海思特临床检验所有限公司,北京
54587,52050808,华坪县人民医院,云南
54588,52050809,曲靖市第五人民医院,云南
54589,52060878,西安市北方医院,陕西
54590,52061078,亳州市利辛县妇幼保健计划生育服务中心,安徽
54591,52045659,锦州石油化公司医院,辽宁
54592,52045607,上海新培晶医学检验所有限公司,上海
54593,52045815,北京万泰生物药业股份有限公司,北京
54594,52045540,达拉特旗人民医院,内蒙古
54595,52045866,蚌埠医学院第一附属医院,安徽
54596,52050923,栖霞市妇幼保健院,山东
54597,52050952,福州国际旅行卫生保健中心,福建
54598,52045949,烟台市芝罘区妇幼保健院,山东
54599,52061240,漳州市平和县精神病医院,福建
54600,52061249,河池市妇幼保健院,广西
54601,52045697,诸暨海亮医院,浙江
54602,52050815,江阴市人民医院,江苏
54603,52050769,北京市雀巢研发中心有限公司,北京
54604,52061598,北京右安门医院,北京
54605,52061420,施秉县人民医院,贵州
54606,52061422,象州县人民医院,广西
54607,52060163,射阳县特庸镇卫生院,江苏
54608,52060128,天津市南开区三潭医院,天津
54609,52060222,潍坊市精神卫生中心潍坊院区,山东
54610,52050896,北京永瀚星港临床医学检验所,北京
54611,52045902,云南省传染病专科医院,云南
54612,52060292,兰州市中医医院,甘肃
54613,52061058,保定市博野县人民医院,河北
54614,52061407,贺兰县人民医院,宁夏
54615,52045976,泰宁县总医院,福建
54616,52061472,丰宁满族自治县卫生健康局,河北
54617,52061518,凉州区中西医结合医院,甘肃
54618,52061520,武威市凉州区医院,甘肃
54619,52045404,杭州市临平区中西医结合医院,浙江
54620,52045884,盐亭县肿瘤医院,四川
54621,52045940,西充县人民医院,四川
54622,52060415,广州市番禺区第七人民医院（广州市番禺区石楼人民医院）,广东
54623,52060806,乌兰察布市察哈尔右翼前旗人民医院,内蒙古
54624,52060844,光景生物科技（苏州）有限公司,江苏
54625,52061658,上海枫林医药医学检验有限公司,上海
54626,52046125,上海景康门诊部,上海
54627,52050535,昆山市妇幼保健院,江苏
54628,52050633,呼伦贝尔市海拉尔区人民医院,内蒙古
54629,52050920,石台县人民医院,安徽
54630,52045673,巴彦淖尔市医院,内蒙古
54631,52051009,四川国际旅行卫生保健中心(成都海关口岸门诊部),四川
54632,52050826,怀化市第五人民医院,湖南
54633,52051224,深圳华侨医院（深圳深联医院）,广东
54634,52045755,中国人民解放军联勤保障部队第九二二医院,湖南
54635,52051265,长沙长江医院有限责任公司,湖南
54636,52046376,天津金域医学检验实验室有限公司,天津
54637,52051193,北京爱康国宾丽都诊所有限公司,北京
54638,52051025,上海中冶医院,上海
54639,52046353,南京市浦口区中医院,江苏
54640,52046472,常州市老年病医院,江苏
54641,52051123,玉门市石油管理局职工医院,甘肃
54642,52051337,益阳市第三人民医院,湖南
54643,52051354,石台县中医院,安徽
54644,52051362,桐城市中医医院,安徽
54645,52046486,河池市人民医院,广西
54646,52046379,洛阳市中心医院,河南
54647,52046369,贵州医科大学,贵州
54648,52046541,安溪县中医院,福建
54649,52022737,武警湖北省总队医院,湖北
54650,52022751,武钢金山店铁矿职工医院,湖北
54651,52051379,宿松县人民医院,安徽
54652,52022765,五峰土家族自治县人民医院,湖北
54653,52022777,宜昌市第一人民医院,湖北
54654,52022779,宜昌市第二人民医院,湖北
54655,52022829,岳阳市造纸厂职工医院,湖南
54656,52050811,江阴市第二人民医院,江苏
54657,52050812,江阴市第五人民医院,江苏
54658,52061054,中国人民解放军96604医院,甘肃
54659,52051164,武汉市第七医院,湖北
54660,52046201,通辽市医院西院,内蒙古
54661,52046361,咸阳步长中医心脑病医院,陕西
54662,52045883,哈尔滨沃尔德商贸有限公司,黑龙江
54663,52045908,复旦大学附属妇产科医院黄浦院区,上海
54664,52046022,首都医科大学附属北京胸科医院,北京
54665,52045880,北京市房山区第一医院,北京
54666,52045882,北京大学精神卫生学院,北京
54667,52061528,黄州区计划生育服务站,湖北
54668,52061570,武穴市计划生育服务站,湖北
54669,52061580,蕲春县计划生育服务站,湖北
54670,52022676,张家口市第一医院西院区,河北
54671,52060977,辽宁省核工业二四六医院,辽宁
54672,52051125,福建省青州造纸有限责任公司职工医院,福建
54673,52046132,上海华医淀山湖疗养院,上海
54674,52046419,上海透景诊断科技有限公司-注册,上海
54675,52046779,沈阳市中医院,辽宁
54676,52046714,河北以岭医院,河北
54677,52047046,哈尔滨市阿城区中医院,黑龙江
54678,52047238,贵州中医药大学第二附属医院,贵州
54679,52046954,哈尔滨医科大学,黑龙江
54680,52046713,河北省蔚县人民医院,河北
54681,52047043,长兴县人民医院,浙江
54682,52051463,承德市宽城满族自治县中医院,河北
54683,52051468,邢台市内丘县人民医院,河北
54684,52051664,常德市桃源县桃纺医院桃源县医学检验中心,湖南
54685,52051795,上海市青浦区妇幼保健所,上海
54686,52051805,太原建东骨伤手外科专科医院,山西
54687,52051487,湖州市安吉县妇幼保健院,浙江
54688,52047467,成都艾迪康医学检测实验室有限公司,四川
54689,52047480,福建省地质医院,福建
54690,52051864,衢州市妇幼保健院,浙江
54691,52047916,中国科学院深圳先进技术研究院,广东
54692,52051359,歙县人民医院,安徽
54693,52051826,大田县总医院,福建
54694,52051129,长春通源医院,吉林
54695,52051782,胜利油田管理局仙河社区卫生服务中心,山东
54696,52047258,河南中医药大学第一附属医院,河南
54697,52051860,沈阳市人口和计划生育委员会,辽宁
54698,52051189,山东省口腔医院（山东大学口腔医院）,山东
54699,52047226,罗定市红十字会医院,广东
54700,52051214,昆山市第四人民医院,江苏
54701,52051361,宁波市人口和计划生育服务中心,浙江
54702,52051822,北京市朝阳区妇幼保健院,北京
54703,52051378,余姚市计划生育指导站,浙江
54704,52047468,河北省邯郸市曲周县中医院,河北
54705,52051464,呼和浩特市第二医院,内蒙古
54706,52051876,雅安市雨城区人民医院,四川
54707,52051877,北京丰台医院,北京
54708,52050986,宁波明州医院,浙江
54709,52047120,谦达国际贸易（上海）有限公司,上海
54710,52047232,郑州市第二人民医院,河南
54711,52051836,丰县中医医院,江苏
54712,52051881,盘锦辽油宝石花医院,辽宁
54713,52061917,安顺市平坝区人民医院,贵州
54714,52061919,福泉市第一人民医院,贵州
54715,52061603,鸡西市鸡东县中医院,黑龙江
54716,52062047,太原市太航医院太航院区,山西
54717,52062049,运城市惠仁医院,山西
54718,52048029,鄂尔多斯应用技术学院附属医院,内蒙古
54719,52061764,商丘市传染病医院,河南
54720,52062045,北京京顺医院,北京
54721,52062061,北京清华长庚医院,北京
54722,52022822,湖南省交通医院,湖南
54723,52051945,汕尾逸挥基金医院（汕尾市第二人民医院）,广东
54724,52046829,宁波市北仑区中医院,浙江
54725,52051907,华南农业大学校医院,广东
54726,52051908,华南师范大学医院,广东
54727,52051936,广州市荔湾区中西医结合医院,广东
54728,52051958,南京鼓楼医院集团宿迁医院,江苏
54729,52051882,普兰店市中心医院,辽宁
54730,52051976,绵阳市人民医院,四川
54731,52051886,阿勒泰地区人民医院,新疆
54732,52051956,海安市中医院,江苏
54733,52051878,山西省儿童医院,山西
54734,52051916,龙岩市东肖卫生院,福建
54735,52051996,第四军医大学药理学教研室,陕西
54736,52051961,扬州东方医院,江苏
54737,52051904,佛山市南海区计划生育服务站,广东
54738,52052002,广西玉林市容县中西医结合骨科医院,广西
54739,52052012,曲靖市沾益区人民医院分院,云南
54740,52051935,广州市荔湾区中医医院,广东
54741,52047227,宁波市北仑区第三人民医院,浙江
54742,52046542,新疆生产建设兵团第十三师红星医院,新疆
54743,52051988,红河州滇南中心医院,云南
54744,52052056,柏定生物工程（北京）有限公司,北京
54745,52052061,保定长城临床试剂有限公司,河北
54746,52051469,且末县人民医院,新疆
54747,52062098,北京诺赛基因组研究中心有限公司,北京
54748,52051766,上海市宝山区友谊街道社区卫生服务中心,上海
54749,52051590,耒阳市人民医院,湖南
54750,52051790,上海市徐汇区龙华街道社区卫生服务中心,上海
54751,52051812,宜兴市第二人民医院,江苏
54752,52051816,广安市人民医院,四川
54753,52047260,北京工商大学,北京
54754,52047646,遂宁市中医院,四川
54755,52051848,邵阳学院附属第一医院,湖南
54756,52051787,四川大学华西第二医院,四川
54757,52051858,杭州市中医院(浙江中医药大学附属广兴医院),浙江
54758,52052084,北京迪迈医学诊断技术有限公司,北京
54759,52052087,北京东方太阳城医院,北京
54760,52052111,北京华宇亿康生物工程技术有限公司,北京
54761,52051852,南京理工大学,江苏
54762,52052169,北京天缘康达医用仪器研究所,北京
54763,52047489,安陆市中医院,湖北
54764,52022720,重庆市急救医疗中心（重庆市第四人民医院）,重庆
54765,52022731,中国人民解放军九六六零一部队医院,安徽
54766,52052388,广东省第二中医院黄埔医院,广东
54767,52052389,广州女子医院,广东
54768,52022774,监利县人民医院,湖北
54769,52052533,常德市第二人民医院,湖南
54770,52022877,江西省肿瘤医院,江西
54771,52022888,石首市焦山河乡卫生院,湖北
54772,52052023,石油管理局川中矿区职工医院,四川
54773,52061908,韶州人民医院,广东
54774,52052504,衡水市第六人民医院,河北
54775,52022772,宣恩县人民医院,湖北
54776,52062179,河北师范大学,河北
54777,52022773,盐边县中医院,四川
54778,52061698,山东大学,山东
54779,52061929,德州市人民医院(开发区分院),山东
54780,52022841,扬州市江都人民医院,江苏
54781,52061928,大连医科大学附属第一医院（金普院区）,辽宁
54782,52022832,湖南中医药高等专科学校附属第一医院,湖南
54783,52022899,金华市中心医院,浙江
54784,52051891,无锡市滨湖区华庄卫生院,江苏
54785,52051892,上海市保健医疗中心,江苏
54786,52022962,开远市人民医院,云南
54787,52051978,青岛市黄岛区区立医院（青岛市黄岛区第二人民医院）,山东
54788,52022852,南京江北医院,江苏
54789,52022860,新沂市人民医院,江苏
54790,52022892,焦作市第二人民医院,河南
54791,52048022,衢州市柯城区人民医院,浙江
54792,52048031,神木第二医院,陕西
54793,52022981,昆明市妇幼保健院,云南
54794,52048028,包头市东河区医院,内蒙古
54795,52061966,中国科学院上海营养与健康研究所,上海
54796,52048270,资阳市中心医院,四川
54797,52061988,大邑望县中医医院,四川
54798,52052016,重庆市中医院,重庆
54799,52048579,龙州县人民医院,广西
54800,52052026,无锡市锡山人民医院鹅湖分院,江苏
54801,52048019,中国医科大学,辽宁
54802,52048271,沈阳迪安医学检验所有限公司,辽宁
54803,52061979,保定市第二医院,河北
54804,52052020,潍坊潍城经济开发区医院,山东
54805,52061997,天津市第三中心医院分院,天津
54806,52062624,华北制药金坦生物技术股份有限公司,河北
54807,52062708,立力科阿克赛诺（北京）医药研发咨询有限公司,北京
54808,52063055,厦门市湖里区妇幼保健院,福建
54809,52052096,北京国信泰富商贸有限公司,北京
54810,52052196,北京梓芸众邦科技发展有限公司,北京
54811,52062729,北京安百胜生物科技有限公司,北京
54812,52062864,北京奥今东方科技有限公司,北京
54813,52053096,云南省药物研究所,云南
54814,52053018,武汉大学医院,湖北
54815,52048369,上海药明康德新药开发有限公司,上海
54816,52048559,沈阳金域医学检验所有限公司,辽宁
54817,52048365,北京大学医院,北京
54818,52048580,岳西县医院,安徽
54819,52048828,周至县人民医院,陕西
54820,52048304,遵化市第二人民医院,河北
54821,52048310,大同市第二人民医院(大同市肿瘤医院),山西
54822,52053176,贵州航天医院,贵州
54823,52053113,浙江东方基因生物制品股份有限公司,浙江
54824,52048681,武城县人民医院,山东
54825,52053135,中山医科大学<<家庭医生>>医疗门诊部,广东
54826,52053233,南京兰卫医学检验所有限公司,江苏
54827,52053168,珠海中心医院,广东
54828,52053379,亳州市利辛县人民医院,安徽
54829,52053305,青海省第三人民医院,青海
54830,52053385,宿州市萧县人民医院,安徽
54831,52048932,西乡县人民医院,陕西
54832,52048999,同济大学附属口腔医院,上海
54833,52049015,大庆龙南医院,黑龙江
54834,52052387,广州市联兆基因科技有限公司,广东
54835,52049308,长兴县妇幼保健院,浙江
54836,52049343,杭州市临平区第一人民医院,浙江
54837,52053373,海南新建康美兆健康体检中心,海南
54838,52048924,中国康复研究中心,北京
54839,52048855,沧州市南皮县人民医院,河北
54840,52053386,扬州市第三人民医院,江苏
54841,52049086,台山市城区人民医院,广东
54842,52048927,江苏省第二中医院,江苏
54843,52048995,宣汉县人民医院,四川
54844,52052753,宁波天康生物科技有限公司,浙江
54845,52052988,威海威高生物科技有限公司,山东
54846,52052775,青岛大学医学院松山医院,山东
54847,52053302,伊宁市人民医院,新疆
54848,52062996,华北制药股份有限公司,河北
54849,52022861,扬州市洪泉医院,江苏
54850,52063547,佛山科学技术学院,广东
54851,52063460,于都县妇幼保健医院新院区,江西
54852,52063484,高碑店市医院,河北
54853,52063603,武汉现代妇产医院,湖北
54854,52063399,淳安县中医医院,浙江
54855,52063462,宿迁市妇产医院,江苏
54856,52053354,临沂工业园医院,山东
54857,52063283,中国科学院长春应用化学研究所,吉林
54858,52063529,上海禾新医院有限公司,上海
54859,52063525,上海瑞祥门诊部有限公司,上海
54860,52063177,红河州第二人民医院,云南
54861,52063785,厦门海关技术中心,福建
54862,52063492,保定市高阳县人民医院,河北
54863,52063838,甘肃省兰州大学第一医院东岗院区,甘肃
54864,52063882,邢台市隆尧县医院,河北
54865,52022942,浦东新区金桥社区卫生服务中心,上海
54866,52022987,山东省鲁中冶金矿山公司职工医院,山东
54867,52023006,乐清市人民医院,浙江
54868,52023008,涟水县人民医院,江苏
54869,52052882,深圳市宜诚德贸易有限公司,广东
54870,52052963,滕州市财贸医院,山东
54871,52052940,苏州药物安全性评价研究中心,江苏
54872,52063911,佛山迪安医学检验实验室有限公司,广东
54873,52064120,来宾市兴宾区妇幼保健院,广西
54874,52064129,柳州市柳城县人口和计划生育局,广西
54875,52064132,桂林市平乐县人口和计划生育局,广西
54876,52064134,桂林市永福县人口和计划生育局,广西
54877,52064137,东兰县妇幼保健院,广西
54878,52064192,威海市中医院,山东
54879,52064261,海阳市中医院,山东
54880,52064142,贺州市钟山县人口和计划生育局,广西
54881,52064205,柳州市工人医院西院,广西
54882,52064318,佛山市三水区妇幼保健院,广东
54883,52048595,湖北国际旅行卫生保健中心,湖北
54884,52064008,广州中医药大学第一附属医院重庆医院,重庆
54885,52064182,中国人民解放军海南省军区门诊部,海南
54886,52064177,石家庄市无极县医院,河北
54887,52064091,东莞台心医院实业有限公司,广东
54888,52064106,英伦健康体检（西安）管理有限公司,陕西
54889,52063715,滕州市中医医院,山东
54890,52064184,靖江市人民医院,江苏
54891,52063887,北京京城皮肤病医院,北京
54892,52064203,江西华超实业有限公司,江西
54893,52064187,中山市第三人民医院,广东
54894,52048679,上海市徐汇区妇幼保健所,上海
54895,52049245,中山市南区医院,广东
54896,52063471,黑龙江科达医疗设备有限公司,黑龙江
54897,52063475,乌海市人民医院,内蒙古
54898,52049373,池州市第二人民医院,安徽
54899,52064320,北京汉喜康济护理院有限公司,北京
54900,52064100,沧州市人民医院颐和院区,河北
54901,52062994,天津医科大学眼科医院,天津
54902,52053512,厦门医学高等专科学校,福建
54903,52049370,蚌埠医学院第二附属医院,安徽
54904,52049371,亳州市华佗中医院,安徽
54905,52049360,上饶市人民医院,江西
54906,52049382,淮北矿工总医院,安徽
54907,52049377,杭州市第七人民医院,浙江
54908,52053511,赣州市南康区第一人民医院,江西
54909,52049388,淮南东方医院集团肿瘤医院,安徽
54910,52048940,南京市扬子医院,江苏
54911,52049403,玛纳斯县人民医院,新疆
54912,52049503,广西柳钢医疗有限公司医院（广西柳钢医院）,广西
54913,52049072,山东第一医科大学第二附属医院,山东
54914,52049703,大同煤矿集团有限责任公司肿瘤医院,山西
54915,52053541,佛山市南海区第四人民医院,广东
54916,52053542,佛山市南海区第八人民医院,广东
54917,52049877,福清市第二医院,福建
54918,52049855,临沂市肿瘤医院,山东
54919,52053387,泰顺县人民医院(泰顺县人民医院医共体总院),浙江
54920,52049051,重庆市九龙坡区中医院,重庆
54921,52049287,府谷县人民医院,陕西
54922,52050219,重庆市九龙坡区人民医院（西城院区）,重庆
54923,52053538,安徽省肿瘤医院,安徽
54924,52053398,西宁市第二人民医院,青海
54925,52053561,虬江老年护理医院,上海
54926,52053562,普陀区精神卫生中心,上海
54927,52049397,浙江省中医院下沙院区,浙江
54928,52049393,六安世立医院,安徽
54929,52053084,深圳市优康生物技术有限公司,广东
54930,52053208,上海吉丰（经销商自用或报损）,上海
54931,52053488,东莞长安港湾医院,广东
54932,52053479,沈阳市沈北新区中心医院,辽宁
54933,52053382,泰兴市第三人民医院,江苏
54934,52050087,广西医科大学附属肿瘤医院,广西
54935,52053557,东平县人民医院,山东
54936,52049727,徐州市沛县人民医院,江苏
54937,52049364,南京市六合区人民医院,江苏
54938,52049111,浙江中医药大学附属第二医院(浙江省新华医院),浙江
54939,52053565,石河子绿洲医院,新疆
54940,52053351,重庆医科大学,重庆
54941,52049824,重庆医科大学附属大学城医院,重庆
54942,52050308,银川市第二人民医院,宁夏
54943,52049724,内江市第一人民医院,四川
54944,52050366,东莞市道滘医院,广东
54945,52053583,北京热景生物技术股份有限公司,北京
54946,52049826,杭州艾迪康医学检验中心有限公司-永康市红十字医院分点,浙江
54947,52053624,江西特康科技有限公司,江西
54948,52053663,榆树市中心医院,吉林
54949,52053689,奎屯市计划生育宣传技术指导站,新疆
54950,52053692,泉州市洛江区医院,福建
54951,52053736,沈阳市大东区人民医院,辽宁
54952,52050365,建瓯市中西医结合医院,福建
54953,52050408,平潭综合实验区中医院,福建
54954,52053773,黑龙江省林业总医院,黑龙江
54955,52053741,中国人民解放军第一四八医院,山东
54956,52053742,淄博市职业病防治院(淄博市第六人民医院),山东
54957,52053779,北票市中心医院,辽宁
54958,52049268,武川县医院,内蒙古
54959,52053792,南溪县人民医院,四川
54960,52063625,内蒙古医科大学,内蒙古
54961,52053802,聊城市中医医院,山东
54962,52053755,佛山市中医院禅城高新区医院,广东
54963,52053777,延边大学福祉医院,吉林
54964,52053655,内蒙古鄂尔多斯市东胜区人口婚育生殖健康服务中心,内蒙古
54965,52053693,漳浦县妇幼保健院,福建
54966,52053711,福州爱康国宾门诊有限公司,福建
54967,52053819,三诺生物传感股份有限公司,湖南
54968,52064483,柳州市三江县妇幼保健院,广西
54969,52053676,东乡县妇幼保健院,江西
54970,52064258,山东省眼科医院,山东
54971,52064337,上海市生物医药技术研究院,上海
54972,52049390,昆山市6909厂卫生所,江苏
54973,52053592,上海领航生物科技有限公司,上海
54974,52049445,霍州市人民医院,山西
54975,52053525,扬州大学,江苏
54976,52053569,常熟市医学检验所,江苏
54977,52049823,江苏省荣军医院,江苏
54978,52050223,重庆市涪陵区人民医院,重庆
54979,52050213,宝应县中医医院,江苏
54980,52050544,丽水市云和县人民医院,浙江
54981,52050546,乐清市妇幼保健院,浙江
54982,52064622,合阳县医院,陕西
54983,52053791,凉山彝族自治州第一人民医院,四川
54984,52050415,石家庄合泰恒医院股份有限公司,河北
54985,52050549,陇川县人民医院,云南
54986,52064513,西北工业大学,陕西
54987,52064663,昆明市盘龙区人民医院,云南
54988,52050543,夏津县人民医院,山东
54989,52064722,铜仁市德江县民族中医院,贵州
54990,52050548,兰溪市中医医院,浙江
54991,52053740,济南市妇幼保健院,山东
54992,52053778,无锡宜兴市第三人民医院,江苏
54993,52053728,上海合富（经销商自用或报损）,上海
54994,52053735,北京市顺义区中医医院,北京
54995,52022839,佳木斯大学附属第一医院,黑龙江
54996,52065163,临沂市兰山区计划生育妇幼保健服务中心（临沂市兰山区妇幼保健院）,山东
54997,52065918,新华保险武汉门诊部有限公司,湖北
54998,52023018,辽宁省糖尿病治疗中心,辽宁
54999,52064624,郑州市第七人民医院,河南
55000,52064739,浙江康静医院有限公司,浙江
55001,52022859,常州市武进人民医院(南院),江苏
55002,52023024,中国人民解放军第二零一医院,辽宁
55003,52023025,中国人民解放军北部战区总医院（和平院区）,辽宁
55004,52022897,界首市人民医院东院,安徽
55005,52066000,祁门县人民医院,安徽
55006,52066002,湾沚区总医院,安徽
55007,52064779,深圳环宇一家综合门诊部有限公司,广东
55008,52053681,当阳市计划生育技术服务站,湖北
55009,52053790,苍溪县人民医院,四川
55010,52053574,北京大学第三医院第二门诊部,北京
55011,52053899,吉林省人口生命科研院,吉林
55012,52050799,重庆市开州区中医院,重庆
55013,52053901,中国人民解放军海军万寿路干休所,北京
55014,52050802,如东县中医院,江苏
55015,52050810,曲靖市沾益区人民医院,云南
55016,52050922,如东县人民医院,江苏
55017,52050776,黑龙江迪安医学检验实验室有限公司,黑龙江
55018,52053924,深圳理工大学总医院(西院区),广东
55019,52053937,绵阳市第三人民医院,四川
55020,52050760,榆林市中医医院,陕西
55021,52053915,江苏省中医院,江苏
55022,52053922,佛山市高明区人民医院,广东
55023,52050786,上海市静安区妇幼保健所,上海
55024,52050806,大姚县人民医院,云南
55025,52050805,淮南新华医疗集团新华医院,安徽
55026,52050958,惠州市第一妇幼保健院,广东
55027,52050912,岳西县中医院,安徽
55028,52050948,潮州市中心医院,广东
55029,52051225,蓝山县中心医院,湖南
55030,52051258,北京师范大学,北京
55031,52051127,大连经济技术开发区外启门诊有限公司,辽宁
55032,52050954,鄂尔多斯市准格尔旗大陆医院,内蒙古
55033,52050957,鄂托克旗第二人民医院,内蒙古
55034,52050975,鸡西市人民医院,黑龙江
55035,52051263,福清市计划生育服务站,福建
55036,52050985,烟台出入境检验检疫局,山东
55037,52051128,北京俪婴妇产医院,北京
55038,52051215,临海市第二人民医院,浙江
55039,52065227,汕尾市陆丰同济医院,广东
55040,52066004,五河县中医医院,安徽
55041,52065063,山西贞德妇儿医院,山西
55042,52065310,贵港市中西医结合骨科医院,广西
55043,52065767,北京嫣然天使儿童医院,北京
55044,52064720,承德市双滦区人民医院,河北
55045,52051217,台州市万康医院,浙江
55046,52051218,无锡市惠山区人民医院,江苏
55047,52064798,张家口市宣化区医院,河北
55048,52064873,兰州市第二人民医院,甘肃
55049,52064915,中国科学院亚热带农业生态研究所,湖南
55050,52050581,北京市海淀区妇幼保健院新院区,北京
55051,52066186,中国林业科学研究院,北京
55052,52066220,德阳市旌阳区中医院,四川
55053,52065725,德驭医疗马鞍山总医院,安徽
55054,52066133,中国海洋石油南海西部医院,广东
55055,52051424,本溪满族自治县第二人民医院,辽宁
55056,52065735,化德县人民医院,内蒙古
55057,52050663,葫芦岛市中心医院(二部),辽宁
55058,52066258,北京首大耳鼻喉医院,北京
55059,52065068,涿州市妇幼保健院,河北
55060,52051470,山西和谐医疗健康中心,山西
55061,52065748,资兴市第一人民医院,湖南
55062,52051705,鄂尔多斯市第一体检中心,内蒙古
55063,52051806,泉州市光前医院,福建
55064,52023043,临沂市人民医院,山东
55065,52053916,镇江市中西医结合医院（镇江市第二人民医院）,江苏
55066,52053948,南京理工大学医院,江苏
55067,52050801,大屯煤电（集团）有限责任公司中心医院,江苏
55068,52050817,张家港广和中西医结合医院有限公司,江苏
55069,52050827,广东顺德新容奇医院有限公司,广东
55070,52066308,墨江哈尼族自治县人民医院,云南
55071,52066314,泾县医院,安徽
55072,52066360,漳平市第三医院,福建
55073,52066761,漳州市东山县中医院,福建
55074,52053928,黑龙江省医院南岗分院,黑龙江
55075,52066537,来宾市中医院,广西
55076,52054075,启东市中医院,江苏
55077,52053933,湘乡市第二人民医院,湖南
55078,52053945,平邑县人民医院,山东
55079,52054092,乐东黎族自治县人民医院,海南
55080,52054195,新疆维吾尔自治区儿童医院,新疆
55081,52054196,渭南市妇幼保健院,陕西
55082,52054215,新疆心脑血管病医院(有限公司),新疆
55083,52054341,宝鸡高新医院,陕西
55084,52054060,武安市安康医院,河北
55085,52054057,丽水市庆元县人民医院,浙江
55086,52051707,邢台市人民医院,河北
55087,52066356,济南西城医院,山东
55088,52066631,东阳广福医院,浙江
55089,52051027,国家新药筛选中心,上海
55090,52066693,莒南县妇幼保健院,山东
55091,52066695,临沭县计划生育综合服务中心,山东
55092,52066842,遵义恒瑞医疗器械有限公司,贵州
55093,52054397,西藏大学农牧学院,西藏
55094,52066834,嘉兴市康慈医院,浙江
55095,52066850,北京新世纪妇儿医院有限公司,北京
55096,52066347,通用环球西安北环医院,陕西
55097,52066814,赤峰元宝山矿医院,内蒙古
55098,52066851,北京邮电大学医院,北京
55099,52066857,中央民族大学,北京
55100,52066843,北京金麦格生物技术有限公司,北京
55101,52066830,沙洋县人民医院,湖北
55102,52066557,新干县人民医院,江西
55103,52051287,江阴市南闸医院,江苏
55104,52051788,上海市虹口区嘉兴路街道社区卫生服务中心,上海
55105,52051808,上海市松江区中山街道社区卫生服务中心,上海
55106,52069620,韩城矿务局总医院,陕西
55107,52051380,安庆市太湖县中医医院,安徽
55108,52051587,巴中市平昌县中医医院,四川
55109,52051798,上海市民政第一精神卫生中心,上海
55110,52051807,中山市东凤人民医院,广东
55111,52051685,珠海市中西医结合医院,广东
55112,52051888,潍坊市寒亭区人民医院,山东
55113,52051783,复旦大学附属妇产科医院杨浦院区,上海
55114,52066192,突泉县中医院,内蒙古
55115,52054500,鞍山市康宁医院,辽宁
55116,52051906,广州市番禺区新沙医院,广东
55117,52051844,铁岭市中心医院,辽宁
55118,52051898,阜阳市第五人民医院,安徽
55119,52051921,北京市门头沟区龙泉医院,北京
55120,52051975,泸州市人民医院,四川
55121,52051817,中国农业大学动物医学院,北京
55122,52051854,阜新市中心医院,辽宁
55123,52051911,青岛中康国际医疗健康产业股份有限公司,山东
55124,52052022,成都市公共卫生临床医疗中心(老院),四川
55125,52051905,佛山市南海区里水医院麻奢门诊部,广东
59939,52095482,南宫中医院,河北
55126,52051963,江西省都昌县人民医院,江西
55127,52052011,临泉县人民医院,安徽
55128,52054023,西安市雁塔区中医医院,陕西
55129,52054276,广州华银医学检验中心有限公司,广东
55130,52051931,顺德碧桂园医院,广东
55131,52051939,广州市老年医院,广东
55132,52051951,梧州市妇幼保健院,广西
55133,52054663,上海市中西医结合医院,上海
55134,52054420,齐河县人民医院,山东
55135,52054511,佛山市南海经济开发区人民医院,广东
55136,52054573,合肥市传染病医院,安徽
55137,52052005,上饶市铅山县永平中心卫生院,江西
55138,52054588,永济市河东乙肝研究所,山西
55139,52052155,北京森美希克玛生物科技有限公司,北京
55140,52051915,鄂尔多斯市蒙医医院,内蒙古
55141,52051971,成都363医院,四川
55142,52051985,天津市公安局安康医院,天津
55143,52054625,呼和浩特市和林格尔县医院,内蒙古
55144,52054425,上海泰思特医学检验所,上海
55145,52054465,乳源瑶族自治县人民医院,广东
55146,52069711,青岛阜外心血管病港务医院新港区,山东
55147,52070060,日照市中医院,山东
55148,52070262,六安市金寨县中医院,安徽
55149,52066816,鄂温克族自治旗人民医院,内蒙古
55150,52070047,厦门市药品检验所,福建
55151,52054676,山东省第二人民医院,山东
55152,52054595,沅江市人民医院,湖南
55153,52070180,中北大学校医院,山西
55154,52054194,凉城县医院,内蒙古
55155,52070078,四川省妇幼保健院,四川
55156,52054071,突泉县人民医院,内蒙古
55157,52052519,哈尔滨市道外区火车头社区卫生服务中心,黑龙江
55158,52052008,荣成市妇幼保健院,山东
55159,52054328,麻城市人民医院,湖北
55160,52052466,海南大学医院,海南
55161,52054727,玉环县坎门街道社区卫生服务中心,浙江
55162,52052524,衡阳南华星辉生殖健康专科医院,湖南
55163,52051949,珠海市香洲区人民医院,广东
55164,52052554,吉林心脏病医院,吉林
55165,52052207,中国水产科学研究院长江水产研究所,湖北
55166,52052578,监利大垸医院,湖北
55167,52052372,广州市公安局番禺区分局羁押医院,广东
55168,52066928,南京市计划生育宣传技术指导所,江苏
55169,52066948,连云港市灌云县计划生育指导站,江苏
55170,52066950,淮安市计划生育指导所,江苏
55171,52066960,淮安市清浦区计划生育指导站,江苏
55172,52051887,浙江大学医学院附属邵逸夫医院新疆兵团阿拉尔医院,新疆
55173,52066970,扬州市计划生育指导所,江苏
55174,52054669,广东省中西医结合医院（佛山市南海区中医院）,广东
55175,52055077,承德市妇幼保健院,河北
55176,52055201,江西省精神病院,江西
55177,52054705,晋江市医院晋南分院,福建
55178,52055266,谷城县中医院,湖北
55179,52055222,平南县妇幼保健院,广西
55180,52055426,国药东风总医院,湖北
55181,52054686,日照市东港区妇幼保健院,山东
55182,52054732,霍山县医院,安徽
55183,52055084,亳州市人民医院,安徽
55184,52055232,南通市中医医院,江苏
55185,52055403,射洪县人民医院,四川
55186,52055411,赤峰市监狱管理局医院,内蒙古
55187,52055338,北京市大兴区心康医院,北京
55188,52055273,上海健阳骨科门诊部,上海
55189,52055127,吉林省结核病医院,吉林
55190,52055372,合肥安为康医学检验有限公司,安徽
55191,52055245,天津和睦家医院有限公司,天津
55192,52069833,上海交通大学医学院附属仁济医院北院,上海
55193,52054456,潍坊市坊子区人民医院,山东
55194,52070310,厦门市第五医院,福建
55195,52070387,安岳县人民医院,四川
55196,52054636,兰州市西固区人民医院,甘肃
55197,52069712,深圳中信健康(南山体检中心),广东
55198,52070726,南平市第二医院,福建
55199,52070856,北京光明医院,北京
55200,52070994,武汉健康管理中心,湖北
55201,52070938,陕西师范大学,陕西
55202,52069840,东营市荣军医院,山东
55203,52070542,首都医科大学附属北京积水潭医院回龙观院区,北京
55204,52070686,宿迁沭阳县中山医院,江苏
55205,52070996,上海市同济大学附属同济医院分院,上海
55206,52051955,淮安市妇幼保健院,江苏
55207,52052001,深圳福康门诊部,广东
55208,52052015,重庆三博江陵医院有限公司,重庆
55209,52051995,福州九华综合门诊部有限公司,福建
55210,52071252,临沧市人民医院,云南
55211,52070954,张家口妇幼保健站,河北
55212,52071251,富民县人民医院,云南
55213,52071275,西安宝石花长庆医院,陕西
55214,52051962,扬州市江都中医院,江苏
55215,52071385,来宾市象州县中医院,广西
55216,52071070,盘锦市中心医院,辽宁
55217,52071088,黑龙江省农垦九三中心医院,黑龙江
55218,52071075,北京双龙医院,北京
55219,52071085,通辽市科尔沁区妇幼保健院,内蒙古
55220,52071271,咸阳市淳化县人民医院,陕西
55221,52071319,深圳坂田医院,广东
55222,52071467,莆田市荔城区医院,福建
55223,52071321,上海市静安区中医医院,上海
60325,52096252,济宁骨伤医院,山东
55224,52071347,西安金磁纳米生物技术有限公司,陕西
55225,52071077,北京玛丽妇婴医院,北京
55226,52071258,吉林市传染病医院,吉林
55227,52071557,齐鲁制药有限公司,山东
55228,52052186,北京医尚德医疗器械有限公司,北京
55229,52052193,北京中科执信医疗设备有限公司,北京
55230,52071672,哈尔滨大庆林场医院,黑龙江
55231,52071161,霸州市中医院,河北
55232,52054992,庆阳市人民医院,甘肃
55233,52071469,开封市妇幼保健院,河南
55234,52071619,来安家宁医院,安徽
55235,52052687,南方航空体检中心,广东
55236,52069838,牙克石市人民医院,内蒙古
55237,52052944,宿州宏大,安徽
55238,52070188,重庆市南岸区弹子石街道社区卫生服务中心,重庆
55239,52070337,乌兰察布市商都县中医医院,内蒙古
55240,52052677,美国驻华大使馆,北京
55241,52052501,合肥阳光,安徽
55242,52052541,化州市第二人民医院,广东
55243,52022968,陆军昆明特勤疗养中心,云南
55244,52023031,利川市人民医院,湖北
55245,52023051,广西科技大学第一附属医院,广西
55246,52023072,罗定市人民医院,广东
55247,52023093,梅州市人民医院,广东
55248,52071531,宁波市奉化区溪口医院,浙江
55249,52023029,辽阳市第三人民医院(辽阳市妇幼保健院),辽宁
55250,52023030,辽河油田总医院渤海院区,辽宁
55251,52023126,南京鼓楼医院,江苏
55252,52052385,广州市乐锋医疗器械有限公司,广东
55253,52052430,广州阳普医疗科技股份有限公司,广东
55254,52055477,桂林优利特医疗电子有限公司,广西
55255,52055427,湖北省崇阳县人民医院,湖北
55256,52023097,中国人民解放军陆军第七十三集团军医院,福建
55257,52023114,南昌市第一医院,江西
55258,52023121,东南大学附属中大医院,江苏
55259,52023197,石嘴山市第一人民医院,宁夏
55260,52023271,青海省中医院,青海
55261,52023272,黄南州人民医院,青海
55262,52023274,青海省人民医院,青海
55263,52023216,萍乡市人民医院,江西
55264,52055122,宜兴市鑫浩医疗器械有限公司,江苏
55265,52055454,准格尔旗中心医院,内蒙古
55266,52055463,科美博阳诊断技术(上海)有限公司,上海
55267,52023194,宁波大学附属人民医院,浙江
55268,52055607,北京华大吉比爱生物技术有限公司,北京
55269,52071007,厦门金诺威生物科技有限公司,福建
55270,52071389,柳城县中医医院,广西
55271,52071787,阿图什市人民医院,新疆
55272,52071391,柳城县妇幼保健院,广西
55273,52071799,盘锦市中医院,辽宁
55274,52071807,陆川县温泉疗养院,广西
55275,52071621,北京太阳宫社区卫生服务中心,北京
55276,52071623,北京香河园社区卫生服务中心,北京
55277,52071891,湖北人福医药集团有限公司,湖北
55278,52071976,广西师范大学,广西
55279,52071683,上海市金山区亭林医院,上海
55280,52072272,平度市第二人民医院,山东
55281,52072062,枞阳县中医院,安徽
55282,52071395,阿瓦提县人民医院,新疆
55283,52072275,靖宇县人民医院,吉林
55284,52072276,吉林市丰满区医院,吉林
55285,52072066,望江县中医医院,安徽
55286,52072260,北京市朝阳区高碑店医院,北京
55287,52072356,通辽市第二人民医院,内蒙古
55288,52072360,嫩江县中医院,黑龙江
55289,52072402,寿县县医院,安徽
55290,52071627,重庆市儿童爱心庄园,重庆
55291,52071646,乌兰察布市兴和县计划生育服务站,内蒙古
55292,52071650,满洲里市扎赉诺尔区妇幼保健所,内蒙古
55293,52071671,北京信和通义商贸有限公司,北京
55294,52071719,上海力腾医药科技发展有限公司,上海
55295,52071748,重庆市南岸区第二人民医院,重庆
55296,52071750,重庆市南岸区第三人民医院,重庆
55297,52072278,松原吉林油田医院,吉林
55298,52072336,北京协和建昊新药研发有限责任公司,北京
55299,52071625,兴城市妇幼保健院,辽宁
55300,52072099,青海省第四人民医院,青海
55301,52071758,定西市陇西县人民医院,甘肃
55302,52072446,深圳市南山区慢性病防治院,广东
55303,52053127,中国人民解放军第453医院,浙江
55304,52053128,中国人民解放军装甲兵工程学院,北京
55305,52053173,总参警卫局保健处,北京
55306,52053234,湖州市第一人民医院,浙江
55307,52053182,医科所(陕西),陕西
55308,52052947,太原市第三人民医院(太原市传染病医院太原市肝病研究所),山西
55309,52053298,锦州医科大学附属第一医院,辽宁
55310,52053359,连云港圣安医院,江苏
55311,52071636,磴口县计划生育服务中心,内蒙古
55312,52071801,大化集团有限责任公司医院,辽宁
55313,52052594,中国人民解放军联勤保障部队第九八二医院,河北
55314,52052999,温州伊利康生物技术研究所,浙江
55315,52072452,慈溪市慈林医院,浙江
55316,52072778,贺州市广济医院,广西
55317,52052849,上海信捷医疗器械有限公司-A属性,上海
55318,52052874,深圳市九明药业有限公司,广东
55319,52052967,天津国际旅行卫生保健中心,天津
55320,52052894,十堰慈安健康体检门诊,湖北
55321,52072892,铁岭市结核病医院,辽宁
55322,52073007,中国人民解放军第五三四医院,河南
55323,52023050,六盘水市人民医院,贵州
55324,52023128,南京市江宁区中医院,江苏
55325,52023147,南通市通州区中医院,江苏
55326,52073269,四川大学华西医院永宁分院,四川
55327,52072974,山东威高医药有限公司,山东
55328,52073032,重庆市江北区人民医院,重庆
55329,52073349,西北大学第一医院,陕西
55330,52073351,高陵县医院,陕西
55331,52072780,贺州市中医院,广西
55332,52073270,扶绥县人民医院,广西
55333,52073373,中国航天科工集团七三一医院,北京
55334,52073414,南靖县医院,福建
55335,52073444,云南中医药大学第二附属医院,云南
55336,52055719,大理西南医院,云南
55337,52055750,昆明理工大学,云南
55338,52073489,重庆医科大学附属第一医院第一分院,重庆
55339,52072840,醴陵市妇幼保健院,湖南
55340,52073001,昌邑市人民医院,山东
55341,52072555,阿鲁科尔沁旗中医医院,内蒙古
55342,52055715,四川大学,四川
55343,52072959,广东省二沙体育训练中心,广东
55344,52073344,上海市儿童医院（泸定路院区）,上海
55345,52073183,凤阳县人民医院,安徽
55346,52073015,长春市公安医院,吉林
55347,52073600,龙井市人民医院,吉林
55348,52055656,北京大学,北京
55349,52055674,中国农业科学院生物技术研究所,北京
55350,52073602,龙井市中医院,吉林
55351,52055530,基蛋生物科技股份有限公司,江苏
55352,52073181,黄骅市中医医院,河北
55353,52055571,上海聚创生物科技有限公司,上海
55354,52023176,内蒙古自治区人民医院,内蒙古
55355,52023183,锡林郭勒盟中心医院,内蒙古
55356,52023200,宁阳县第一人民医院,山东
55357,52073885,四川科伦药物研究院有限公司,四川
55358,52073809,纳雍县人民医院,贵州
55359,52073766,北京市门头沟区中医医院,北京
55360,52073796,常州市武进中医医院,江苏
55361,52073717,上海宝藤医学检验所有限公司,上海
55362,52073798,河津昕昱医院,山西
55363,52073867,太原金域临床检验所有限公司,山西
55364,52073367,中国舰船研究院,北京
55365,52073840,河津市人民医院,山西
55366,52073534,魏县中医院,河北
55367,52073669,华北理工大学,河北
55368,52073749,武汉紫荆医院,湖北
55369,52073771,北京市东城区第一人民医院,北京
55370,52023238,北大医疗鲁中医院,山东
55371,52073942,中国铁道建筑总公司北京铁建医院,北京
55372,52053378,合肥市第四人民医院,安徽
55373,52053396,新源县人民医院,新疆
55374,52053476,重庆市巴南区第二人民医院,重庆
55375,52053535,龙岩市永定区坎市医院,福建
55376,52053381,宿州市泗县中医医院,安徽
55377,52053362,铜仁市人民医院,贵州
55378,52053395,贵州武警总队医院,贵州
55379,52053555,内江市第六人民医院,四川
55380,52073974,青海省海西州人民医院,青海
55381,52073976,宁夏第五人民医院石嘴山中心医院,宁夏
55382,52072578,佛山市都市专科医院,广东
55383,52074291,石狮市妇幼保健院,福建
55384,52073977,上海市梅陇社区卫生服务中心,上海
55385,52074241,华南师范大学生命科学学院,广东
55386,52074521,湖州市吴兴区人民医院,浙江
55387,52053347,常熟东明医院,江苏
55388,52053220,四川亚中（经销商自用或报损）,四川
55389,52074450,乌鲁木齐市米东区人民医院,新疆
55390,52074536,浙江迪安诊断（经销商自用或报损）,浙江
55391,52074679,长春市绿园区人民医院,吉林
55392,52074955,中国人民解放军第二零三医院,黑龙江
55393,52072713,郴州市妇幼保健院,湖南
55394,52053384,山东第二医科大学附属医院,山东
55395,52072891,肥城市人民医院,山东
55396,52073219,上海市浦东新区疾病预防控制中心,上海
55397,52073369,天津市武清区中医医院,天津
55398,52073494,苏州工业园区园汇诊所有限公司,江苏
55399,52074798,北京京西肿瘤医院,北京
55400,52073442,宜宾市第三人民医院,四川
55401,52074973,英德市英城镇镇街道卫生院（英德市信善医院),广东
55402,52074556,北京小红门社区卫生服务中心,北京
55403,52075384,尤溪县西城卫生院,福建
55404,52074975,武警北京指挥学院,北京
55405,52074981,宁津县妇幼保健院,山东
55406,52075427,德保县人民医院,广西
55407,52055922,浙江清华长三角研究院,浙江
55408,52055963,北京当代女子医院,北京
55409,52055980,黑龙江省雪上训练中心,黑龙江
55410,52074558,浏阳市中医医院,湖南
55411,52055708,成都蓉生药业有限责任公司,四川
55412,52075164,烟台新华卓越健管中心,山东
55413,52074983,上海美华丁香门诊部有限公司,上海
55414,52056117,北京正旦国际科技有限责任公司,北京
55415,52056137,中国人民解放军联勤保障部队第九〇〇医院,福建
55416,52075458,松溪县医院,福建
55417,52055951,深圳市干部人才健康管理中心(深圳市人才研修院),广东
55418,52075035,绍兴第二医院,浙江
55419,52075024,东莞市中堂医院,广东
55420,52053307,湟源县人民医院,青海
55421,52053076,阳春市陂面卫生院,广东
55422,52053498,梅州市平远县中医院,广东
55423,52053705,金昌市人民医院,甘肃
55424,52053734,上海市第二人民医院,上海
55425,52073806,广州瑞心生物科技有限公司,广东
55426,52053685,肇庆市第一人民医院北岭分院,广东
55427,52053559,上海市浦东新区潍坊社区卫生服务中心,上海
55428,52053638,深圳蓝韵生物技术有限公司,广东
55429,52055955,云浮市郁南县第二人民医院,广东
55430,52055928,江西省靖安县人民医院,江西
55431,52056380,彭州市人民医院(金彭西路院区),四川
55432,52056429,清远市英德妇幼保健院,广东
55433,52053690,伊犁哈萨克自治州奎屯医院(铁路分院),新疆
55434,52053658,石家庄博远医疗器械有限公司,河北
55435,52073949,中国人民解放军联勤保障部队第967医院,辽宁
55436,52053656,保定市第一中心医院东院,河北
55437,52056317,济源市人民医院,河南
55438,52074440,巴彦淖尔市蒙医医院,内蒙古
55439,52053721,北京大学国际医院,北京
55440,52074486,昆山市第六人民医院,江苏
55441,52074559,湖南省脑科医院,湖南
55442,52053737,大洼县第一人民医院,辽宁
55443,52053754,广州中医药大学顺德医院附属均安医院,广东
55444,52053757,暨南大学附属口腔医院,广东
55445,52053786,成都八一骨科医院,四川
55446,52053762,深圳市前海蛇口自贸区医院,广东
55447,52053785,成都市新都区人民医院（新院）,四川
55448,52053808,五莲县人民医院,山东
55449,52053807,临沂市中医医院,山东
55450,52053903,分宜县人民医院,江西
55451,52074783,成都锦江新华卓越门诊部,四川
55452,52053875,屏南县总医院,福建
55453,52053907,陆河县人民医院,广东
55454,52075538,重庆市秀山县人民医院,重庆
55455,52075462,中国人民解放军第一七一医院,江西
55456,52075071,怀化市第二人民医院靖州分院,湖南
55457,52075178,达州市通川区中医院,四川
55458,52075397,北京朝阳区三间房社区卫生服务中心,北京
55459,52075786,腾湃狮子湖国际医学中心,广东
55460,52075780,仁怀市中医院,贵州
55461,52075395,河北省霸州市第二医院,河北
55462,52075082,深圳平乐骨伤科医院（深圳市坪山区中医院）坑梓院区,广东
55463,52076021,沈阳市苏家屯区第三医院,辽宁
55464,52075401,曲周县医院,河北
55465,52076082,三亚华侨医院,海南
55466,52053758,鹤山市中医院,广东
55467,52053760,大埔县人民医院,广东
55468,52053822,德棉医院,山东
55469,52053761,汕头市潮阳区大峰医院,广东
55470,52053881,阳泉市第二人民医院,山西
55471,52053900,天水市第三人民医院,甘肃
55472,52054036,北京回龙观医院,北京
55473,52055860,乌兰浩特市人民医院,内蒙古
55474,52075907,无锡市江苏省江原医院分院,江苏
55475,52075954,海城市广济医院,辽宁
55476,52075604,单县中心医院,山东
55477,52075696,单县人民医院,山东
55478,52075916,盐城市射阳县人民医院新院区,江苏
55479,52056045,北京市安捷列尔医药有限公司,北京
55480,52076192,长沙送子鸟生殖与不孕医院有限公司,湖南
55481,52053941,广州市花都区人民医院,广东
55482,52055938,张家港市澳洋医院,江苏
55483,52075075,宁海社区卫生服务中心,江苏
55484,52075393,锡林郭勒盟蒙医医院,内蒙古
55485,52054058,北京木材厂职工医院,北京
55486,52075918,济南市历城区人民医院,山东
55487,52053938,山东省立第三医院,山东
55488,52075416,汝城县人民医院,湖南
55489,52075923,青岛大学附属医院黄岛院区(西海岸医院),山东
55490,52076242,中国兵器工业第205所职工医院,陕西
55491,52054096,平定县医疗集团、平定县医疗集团人民医院、平定县人民医院,山西
55492,52054104,杭州市西湖区第二人民医院,浙江
55493,52054062,北京泰普舜康医学检验实验室有限公司,北京
55494,52076107,赤峰荣济堂大药房连锁有限公司,内蒙古
55495,52053691,重庆东华医院,重庆
55496,52056263,陕西省荣誉军人康复医院,陕西
55497,52056396,安徽省泗县人民医院,安徽
55498,52056402,南通市老年康复医院（南通大学附属医院分院）,江苏
55499,52056457,宜都市妇幼保健院,湖北
55500,52053983,桂林市灌阳县人民医院,广西
55501,52056462,北京大学第一医院宁夏妇女儿童医院,宁夏
55502,52056497,宜昌市第三人民医院(三峡大学第三人民医院、宜昌市传染病医院、宜昌市结核病防治院),湖北
55503,52057869,河北北方学院,河北
55504,52054115,贵州医科大学第三附属医院,贵州
55505,52056549,开平市第二人民医院,广东
55506,52057873,格尔木市人民医院,青海
55507,52058142,霍林郭勒市中蒙医医院,内蒙古
55508,52054193,陕西省友谊医院,陕西
55509,52058206,张家界市中医院,湖南
55510,52054333,厦门市第三医院,福建
55511,52054164,广西壮族自治区生殖医院,广西
55512,52058489,江门市新会区婚育服务中心,广东
55513,52056376,乳山市南黄中心卫生院,山东
55514,52056292,进贤县中医院,江西
55515,52058138,郎溪县人民医院,安徽
55516,52058029,连平县人民医院,广东
55517,52058157,赤峰市阿鲁科尔沁旗医院,内蒙古
55518,52058214,三亚市人民医院,海南
55519,52058200,贵溪市人民医院新院区,江西
55520,52053739,武警新疆总队医院,新疆
55521,52054063,秦皇岛首钢板材有限公司,河北
55522,52054105,威海华康医学检验所,山东
55523,52054230,托克托县医院,内蒙古
55524,52058125,常州市第二人民医院阳湖分院,江苏
55525,52058221,河南中医药大学第三附属医院,河南
55526,52058293,石棉县中医医院,四川
55527,52058121,贵阳市公共卫生救治中心（大营路院区）,贵州
55528,52058219,昭平县妇幼保健院,广西
55529,52058287,本溪市桓仁满族自治县中医院,辽宁
55530,52058301,毕节市中医医院,贵州
55531,52058492,南昌市湾里区人民医院（南昌市第四医院）,江西
55532,52076128,元谋县人民医院,云南
55533,52076162,江川县妇幼保健院,云南
55534,52076387,李沧区妇幼保健计划生育服务中心,山东
55535,52077152,安徽省计划生育科学技术研究所,安徽
55536,52053932,永兴县人民医院,湖南
55537,52053934,淮安市淮阴医院,江苏
55538,52076715,铁岭市清河区医院,辽宁
55539,52077226,海宁市第二人民医院,浙江
55540,52076502,临沂市沂南县妇幼保健院,山东
55541,52058496,长春市绿园区妇幼保健院,吉林
55542,52076593,玲珑英诚医院,山东
55543,52076720,崇左市妇幼保健院,广西
55544,52077230,中国人民解放军南京军区杭州疗养院,浙江
55545,52075902,无锡市锡山区中医医院东港院区,江苏
55546,52076081,上海对外贸易学院,上海
55547,52054536,中国航空工业集团公司西安飞行自动控制研究所,陕西
55548,52075909,宜兴市和桥医院,江苏
55549,52058591,石嘴山市中医医院,宁夏
55550,52054394,南通市肺科医院（南通市第六人民医院）,江苏
55551,52058589,陕西中医药大学第二附属医院,陕西
55552,52056496,惠州市中大惠亚医院,广东
55553,52076640,北京清河医院,北京
55554,52075556,莆田市慈康医院,福建
55555,52058562,上海瑞安生物工程有限公司,上海
55556,52054038,慈溪市第三人民医院,浙江
55557,52054088,黄冈市中医院,湖北
55558,52054150,太仓市璜泾人民医院,江苏
55559,52059313,吕梁美年健康体检部,山西
55560,52077583,杭州市拱墅区祥符街道社区卫生服务中心,浙江
55561,52059024,东北制药集团辽宁生物医药有限公司,辽宁
55562,52059053,北京同仁堂中医医院有限责任公司,北京
55563,52059345,伊通满族自治县第一人民医院,吉林
55564,52058645,厦门安普利生物工程有限公司,福建
55565,52077309,郑州颐和医院,河南
55566,52058637,日照市莒县妇幼保健院,山东
55567,52078242,咸丰县中医院,湖北
55568,52077729,北京华康中医医院,北京
55569,52077727,上海市嘉定区真新卫生服务中心,上海
55570,52077218,广州市南沙区人民医院,广东
55571,52077854,本溪市中心医院东兴分院,辽宁
55572,52078445,宜良县第一人民医院,云南
55573,52078245,建始县妇幼保健院,湖北
55574,52078456,北京市房山区妇幼保健院,北京
55575,52059232,弥渡县人民医院,云南
55576,52058789,太原市清徐县人民医院,山西
55577,52078146,恩施慧宜眼科医院有限责任公司,湖北
55578,52078148,平果县妇幼保健院,广西
55579,52078771,台州市黄岩区妇幼保健院,浙江
55580,52078772,台州市路桥区中医院,浙江
55581,52078673,厦门市海沧医院,福建
55582,52059362,广州市达瑞生物技术股份有限公司,广东
55583,52077545,南陵县中医医院,安徽
55584,52078761,莆田市中医医院,福建
55585,52078848,福州市台江医院,福建
55586,52078234,西安建筑科技大学医院,陕西
55587,52078968,绥化市人民医院,黑龙江
55588,52078298,广元市第三人民医院,四川
55589,52078150,平度市中医院,山东
55590,52078497,奉贤胡桥卫生院,上海
55591,52078212,珲春矿业集团公司总医院,吉林
55592,52078346,宿迁市中医院,江苏
55593,52078287,北京爱康君安门诊部有限公司,北京
55594,52078423,烟台海港医院,山东
55595,52079055,兴仁市人民医院,贵州
55596,52079166,常州科莱医学检验所,江苏
55597,52058115,淄博市第四人民医院,山东
55598,52058321,广州市永健华医疗器械有限公司,广东
55599,52058368,枣庄市人民医院,山东
55600,52054330,黄梅县人民医院,湖北
55601,52058307,重庆市长寿区中医医院,重庆
55602,52058584,济宁北湖省级旅游度假区人民医院,山东
55603,52058119,象山县计划生育宣传技术指导站,浙江
55604,52077161,重庆芳华医院有限责任公司,重庆
55605,52079088,长春市双阳区人民医院,吉林
55606,52079475,北京南郊肿瘤医院有限公司,北京
55607,52058673,德赛诊断系统（上海）有限公司,上海
55608,52059469,北京市通州区新华医院,北京
55609,52059041,商丘医学高等专科学校,河南
55610,52077556,乌海市传染病医院,内蒙古
55611,52054370,东莞市福华健康体检管理有限公司,广东
55612,52077297,桂东县人民医院,湖南
55613,52054527,上海博都医学科技有限公司,上海
55614,52054546,济宁市嘉祥县人民医院,山东
55615,52058784,张家口市宣化区人民医院,河北
55616,52058738,滨州市人民医院西院区,山东
55617,52059486,彰武县人民医院,辽宁
55618,52059646,北京昭衍新药研究中心有限公司,北京
55619,52059447,濮阳市安阳地区医院,河南
55620,52059366,海南省万宁市人民医院,海南
55621,52059378,昌江黎族自治县人民医院,海南
55622,52054469,沧州市东光县医院,河北
55623,52054724,长沙老年康复医院,湖南
55624,52059370,衡阳市第一人民医院,湖南
55625,52059499,昆明市西山区人民医院,云南
55626,52059631,长庆兴隆园医院,陕西
55627,52059588,湘西自治州凤凰县中医院,湖南
55628,52054614,海口市琼山区中医院,海南
55629,52054593,深圳市宝安区慢性病防治院,广东
55630,52054534,长白朝鲜族自治县人民医院,吉林
55631,52054633,鹤岗矿业集团妇婴医院,黑龙江
55632,52054665,内蒙古自治区医院保健分院,内蒙古
55633,52054598,深圳市罗湖区中医院莲塘新院,广东
55634,52059886,天水四0七医院,甘肃
55635,52060035,赤峰市传染病防治医院,内蒙古
55636,52054682,汾阳市人民医院,山西
55637,52054752,内江市第二人民医院,四川
55638,52054740,砀山县人民医院,安徽
55639,52054742,蒙城县第一人民医院,安徽
55640,52054792,江门市五邑中医院,广东
55641,52077763,重庆市东南医院,重庆
55642,52060114,永城市人民医院,河南
55643,52055080,郑州艾迪康医学检验所（普通合伙）,河南
55644,52059828,阿勒泰市人民医院,新疆
55645,52060131,阳泉市矿务局二矿医院,山西
55646,52058682,无锡市张泾人民医院,江苏
55647,52055213,湖南泰和医院管理有限公司,湖南
55648,52054707,海南医学院第二附属医院,海南
55649,52059751,成都上锦南府医院,四川
55650,52059955,武汉市第八医院,湖北
55651,52054574,成都安琪儿妇产医院有限公司,四川
55652,52059190,上海市浦东新区张江社区卫生服务中心,上海
55653,52059213,徐州市康复医院,江苏
55654,52059265,呼伦贝尔市第四人民医院,内蒙古
55655,52079799,莆田学院附属医院(新区),福建
55656,52060071,武汉明德生物科技股份有限公司,湖北
55657,52080376,寿宁县医院,福建
55658,52080332,东莞市人民医院普济院区,广东
55659,52055335,云霄县中医院,福建
55660,52078596,河源市妇幼保健院,广东
55661,52054891,宜昌市长阳县计划生育服务站,湖北
55662,52055158,江西省大余县人民医院,江西
55663,52055198,益阳市第一中医院,湖南
55664,52055200,河间市人民医院,河北
55665,52080702,隆昌县人民医院,四川
55666,52055208,揭阳市中医院,广东
55667,52054624,呼和浩特市赛罕区医院,内蒙古
55668,52059309,和静县人民医院,新疆
55669,52080446,北京京信医院有限公司,北京
55670,52055405,成飞医院,四川
55671,52080650,温州叶同仁中医院有限公司,浙江
55672,52080941,南京市玄武医院,江苏
55673,52078820,昆明市晋宁区第二人民医院,云南
55674,52055237,达州市达川区南城社区卫生服务中心,四川
55675,52080995,巴楚县人民医院,新疆
55676,52080578,空军青岛航空医学鉴定训练中心,山东
55677,52080870,河北医科大学第四医院东院,河北
55678,52079513,国药控股平顶山有限公司,河南
55679,52055243,宁夏宝石花医院,宁夏
55680,52080990,易门县人民医院,云南
55681,52080377,横州市中医医院,广西
55682,52078828,陆良县第一人民医院,云南
55683,52078893,德州市优抚医院,山东
55684,52078811,揭阳市榕城区妇幼保健院,广东
55685,52080330,徐闻县中医院,广东
55686,52081123,荆州市公安县第二人民医院,湖北
55687,52079005,中国人民解放军北戴河康复疗养中心,河北
55688,52080713,八里庄社区卫生服务中心,北京
55689,52080789,德州市妇幼保健院,山东
55690,52078438,博尔塔拉州人民医院,新疆
55691,52078810,江阴市红房子医院有限公司,江苏
55692,52080969,襄阳市第二人民医院,湖北
55693,52081075,北华大学附属医院,吉林
55694,52080803,单县东大医院,山东
55695,52078817,文山壮族苗族自治州中医医院,云南
55696,52060109,温县第二人民医院,河南
55697,52081337,西安市临潼区人民医院,陕西
55698,52081342,祥云县妇幼保健计划生育服务中心,云南
55699,52081696,北海市合浦卫生学校附属医院,广西
55700,52081297,大庆油田总医院集团东海医院,黑龙江
55701,52081873,上海市宝山区精神卫生中心,上海
55702,52081222,永州湘南医院,湖南
55703,52081396,晋中同仁康复医院,山西
55704,52060175,巴林左旗中医蒙医医院,内蒙古
55705,52081471,淮北市中医医院,安徽
55706,52060238,银川慈铭体检中心,宁夏
55707,52081481,广州圣亚医院,广东
55708,52081218,深圳市龙岗区耳鼻咽喉医院,广东
55709,52060103,邢台市第五医院,河北
55710,52060178,饶阳县人民医院,河北
55711,52060260,平江县第一人民医院,湖南
55712,52060391,雄县医院,河北
55713,52060117,新密市中医院(西院区),河南
55715,52081852,天津市儿童医院（龙岩院区）,天津
55716,52081344,廊坊市永清县人民医院,河北
55717,52060387,巴林左旗医院,内蒙古
55718,52081740,广州玛莱妇产医院有限公司,广东
55719,52081386,广州国际旅行卫生保健中心（广州海关口岸门诊部）,广东
55720,52081502,四平市妇婴医院,吉林
55721,52081560,汪清县中医院,吉林
55722,52059444,乌拉特中旗人民医院,内蒙古
55723,52059880,重庆市南岸区人民医院,重庆
55724,52081606,保定市中医院,河北
55725,52055434,武汉市肺科医院,湖北
55726,52055432,邵武市第二医院,福建
55727,52081870,上海市卢湾区精神卫生中心,上海
55728,52081882,上海市金山区精神卫生中心,上海
55729,52081926,北京市西城区妇幼保健院,北京
55730,52081879,上海衡山虹妇幼医院,上海
55731,52081940,磐石市医院,吉林
55732,52081941,公主岭市中心医院,吉林
55733,52081950,珲春市人民医院,吉林
55734,52081962,白城市洮北区整骨医院,吉林
55735,52081963,临江市人民医院,吉林
55736,52081969,梅河口市妇幼保健院,吉林
55737,52081970,东北师范大学医院,吉林
55738,52081976,空军吉林长飞医院,吉林
55739,52081985,长春市朝阳区人民医院,吉林
55740,52081987,长春市烧伤医院,吉林
55741,52082041,山西中医药大学附属医院,山西
55742,52081931,北京时珍堂医院,北京
55743,52081892,闸北区精神卫生中心,上海
55744,52081930,北京新兴医院,北京
55745,52082022,胜利油田临盘医院,山东
55746,52054672,中山大学孙逸仙纪念医院南院区,广东
55747,52054791,厦门市农产品质量安全检验测试中心,福建
55748,52055136,库尔勒市第一人民医院,新疆
55749,52082046,闻喜县人民医院,山西
55750,52082000,绵阳市中医院,四川
55751,52082032,烟台市奇山医院,山东
55752,52082057,佛山市顺德区第五人民医院(佛山市顺德区龙江医院),广东
55753,52082072,河源市龙川县人民医院,广东
55754,52082097,北海市第二人民医院,广西
55755,52082074,深圳同仁妇产医院有限公司,广东
55756,52082079,深圳市龙济医院,广东
55757,52082109,龙胜各族自治县人民医院,广西
55758,52082113,梧州市中医院,广西
55759,52082116,百色市右江区妇幼保健院,广西
55760,52082118,平果县人民医院,广西
55761,52082119,百色市德保县中医院,广西
55762,52082120,百色市德保县妇幼保健院,广西
55763,52082121,百色市第二人民医院,广西
55764,52082122,隆林各族自治县人民医院,广西
55765,52082037,山西省大同市中医院,山西
55766,52082061,广东省计划生育专科医院,广东
55767,52082065,博罗县妇幼保健计划生育服务中心,广东
55768,52082083,清远市清新区人民医院,广东
55769,52081916,达拉特旗中蒙医医院,内蒙古
55770,52081918,鄂尔多斯市鄂托克旗中蒙医院,内蒙古
55771,52082136,徐州市中医院,江苏
55772,52082144,连云港市中医院,江苏
55773,52060127,天津市黄河医院,天津
55774,52082088,肇庆市第二人民医院,广东
55775,52055151,厦门集晟行医疗器械有限公司,福建
55776,52055296,成都玛丽亚妇产儿童医院,四川
55777,52055336,山东省妇幼保健院,山东
55778,52055371,复旦大学,上海
55779,52080623,衡东县人民医院,湖南
55780,52082159,景德镇市第三人民医院,江西
55781,52082172,唐山市丰润区人民医院,河北
55782,52082190,张家口市下花园区医院,河北
55783,52079977,海南医学院附属健康体检中心有限公司,海南
55784,52082191,张家口市中医研究院附属医院,河北
55785,52082196,张家口市张北县中医院,河北
55786,52082200,张家口市桥西区人民医院,河北
55787,52082201,张家口市沙岭子精神病院,河北
55788,52080370,济南市市中区人民医院,山东
55789,52080500,上海理工大学,上海
55790,52080647,成都天府新区奥亚医院有限责任公司,四川
55791,52060777,苏州药明康德新药开发有限公司,江苏
55792,52082204,张家口市第六医院,河北
55793,52082214,任丘市人民医院,河北
55794,52080826,重庆北城医院,重庆
55795,52081085,庆阳市第二人民医院,甘肃
55796,52060406,甘肃中医药大学附属医院西院区,甘肃
55797,52055170,大连开发区盛和体检中心,辽宁
55798,52060142,京东中美医院,河北
55799,52060264,江西国际旅行卫生保健中心,江西
55800,52060815,万载县人民医院,江西
55801,52060927,遂川县人民医院,江西
55802,52060931,吉安市第一人民医院,江西
55803,52060933,井冈山大学附属医院,江西
55804,52060801,阜阳市颍上县人民医院,安徽
55805,52060229,六安市第四人民医院,安徽
55806,52060479,商洛市山阳县医院,陕西
55807,52060812,济南市济阳区人民医院,山东
55808,52060481,榆林市榆阳区妇幼保健院,陕西
55809,52060795,无为市人民医院,安徽
55810,52060852,中国人民解放军第五一八医院,陕西
55811,52061059,汉中市人民医院,陕西
55812,52060970,运城市盐湖区医疗集团(运城市盐湖区人民医院、运城市盐湖区医疗集团人民医院、山西医科大学第一医院盐湖区分院),山西
55813,52082153,南昌大学第四附属医院,江西
55814,52061253,北京四季青医院,北京
55815,52061070,福建省龙岩市第三医院,福建
55816,52060974,昌图县中心医院,辽宁
55817,52082111,桂林高新医院,广西
55818,52082130,塔城市人民医院,新疆
55819,52082158,新余市中医院,江西
55820,52082147,上饶市广丰区人民医院,江西
55821,52082148,九江市中医医院,江西
55822,52060983,锦州爱心医院有限公司,辽宁
55823,52082247,石家庄平安医院,河北
55824,52082156,江西省荣誉军人康复医院,江西
55825,52082302,中国人民解放军联勤保障部队第990医院信阳院区,河南
55826,52082303,南阳市第二人民医院,河南
55827,52082131,乌苏市人民医院,新疆
55828,52082132,新疆生产建设兵团第九师医院,新疆
55829,52082151,九江市第五人民医院,江西
55830,52081899,楚雄彝族自治州中医医院,云南
55831,52081419,枣庄市皮肤病性病防治院,山东
55832,52082312,河南省电力医院,河南
55833,52055465,江苏三联生物工程股份有限公司,江苏
55834,52082319,仙居县人民医院,浙江
55835,52082329,浙江省总工会工人疗养院,浙江
55836,52082338,义乌市第二人民医院,浙江
55837,52082328,杭州市萧山区中医院,浙江
55838,52082343,广东省中医院海南医院,海南
55839,52082359,荆门市中医院,湖北
55840,52055480,广州科方生物技术股份有限公司,广东
55841,52082376,湖南旺旺医院,湖南
55842,52082365,桃源县人民医院,湖南
55843,52082377,湖南省中医药研究院附属医院,湖南
55844,52082394,厦门市同安区妇幼保健院,福建
55845,52082397,厦门鼓浪屿陆军疗养院,福建
55846,52082399,霞浦县医院,福建
55847,52082405,泉州市永春县医院,福建
55848,52082358,荆州市胸科医院,湖北
55849,52082403,泉州市中医院,福建
55850,52082408,南靖县中医院,福建
55851,52082420,福建省建新医院,福建
55852,52082430,龙岩市上杭县妇幼保健院,福建
55853,52082432,武平县妇幼保健院,福建
55854,52082233,石家庄市栾城县精神病医院,河北
55855,52082236,石家庄市深泽县交通医院,河北
55856,52082239,石家庄市第八医院,河北
55857,52082260,秦皇岛市抚宁县妇幼保健院,河北
55858,52082267,衡水市妇幼保健院(衡水市儿童医院、衡水市妇幼保健计划生育服务中心、衡水市妇产医院),河北
55859,52082268,衡水市第三人民医院,河北
55860,52082276,邢台县医院,河北
55861,52082296,邯郸市第一医院纺医院区,河北
55862,52082300,鸡泽县医院,河北
55863,52082301,邯郸矿业集团总医院,河北
55864,52082027,济南市章丘区中医医院,山东
55865,52082311,河南省中医院（河南中医药大学第二附属医院）,河南
55866,52082331,瑞安市塘下人民医院,浙江
55867,52061255,融水苗族自治县中医医院,广西
55868,52061394,清镇市第一人民医院,贵州
55869,52061419,贵阳市计划生育宣传技术指导所,贵州
55870,52082470,安康市人民医院,陕西
55871,52061517,重庆大学附属肿瘤医院,重庆
55872,52082313,河南省人口和计划生育科学技术研究院,河南
55873,52082324,宁波康复医院,浙江
55874,52082001,自贡市中医院,四川
55875,52061071,北京美中宜和妇儿医院,北京
55876,52061421,黄平县人民医院,贵州
55877,52061073,堆龙德庆县人民医院,西藏
55878,52061202,富春江曜阳国际老年公寓,浙江
55879,52061076,阜南县妇幼保健院,安徽
55880,52082092,高州市人民医院,广东
55881,52082448,沈阳市第二中医医院,辽宁
55882,52061317,上海美迪西生物医药有限公司,上海
55883,52082450,辽宁省妇婴医院,辽宁
55884,52082422,连江县总医院(连江县医院),福建
55885,52082476,富平县医院,陕西
55886,52082505,齐齐哈尔市甘南县人民医院,黑龙江
55887,52082510,齐齐哈尔铁路分局昂昂溪医院,黑龙江
55888,52060714,圣欣门诊部有限公司,上海
55889,52060715,烟台市烟台山医院（南院区）,山东
55890,52082556,山西尔湾妇产医院,山西
55891,52060788,苏州永鼎医院,江苏
55892,52082465,重庆宝石花医院,重庆
55893,52082481,陕西省第二人民医院,陕西
55894,52082443,贵阳市开阳县人民医院,贵州
55895,52082445,黔南州中医院,贵州
55896,52082490,哈尔滨市第四医院,黑龙江
55897,52082662,安徽中医药大学神经病学研究所附属医院,安徽
55898,52061652,华侨大学校医院,福建
55899,52082657,佛山市顺德和平外科医院,广东
55900,52082831,锦屏县人民医院,贵州
55901,52082551,荆州市妇幼保健院,湖北
55902,52061582,咸宁市通山县计划生育服务站,湖北
55903,52061056,甘肃中医药大学,甘肃
55904,52060889,大连市金州区第三人民医院,辽宁
55905,52060935,乐山市老年病专科医院,四川
55906,52061314,上海安百达投资管理顾问有限公司-仓库,上海
55907,52055508,美康生物科技股份有限公司,浙江
55908,52055586,北京北检新创源生物技术有限公司,北京
55909,52055589,北京华科泰生物技术股份有限公司,北京
55910,52055509,宁波普瑞柏生物技术股份有限公司,浙江
55911,52082711,本溪市中医院,辽宁
55912,52083174,北京市大兴区榆垡镇中心卫生院,北京
55913,52082463,重庆市红十字会医院（江北区人民医院）,重庆
55914,52055657,中国科学院生物物理研究所,北京
55915,52055510,宁波瑞源生物科技有限公司,浙江
55916,52082827,郑州家美医院,河南
55917,52083314,阜新市第五人民医院,辽宁
55918,52055677,中国医学科学院药物研究所,北京
55919,52061604,东莞市万泰医疗器械有限公司,广东
55920,52055618,北京北方生物技术研究所,北京
55921,52083441,金华市婺城区第一人民医院,浙江
55922,52083455,北京安图生物工程有限公司,北京
55923,52061401,江苏省血吸虫病防治研究所,江苏
55924,52055593,北京科美生物技术有限公司,北京
55925,52055603,北京世纪沃德生物科技有限公司,北京
55926,52061522,准格尔旗防疫站,内蒙古
55927,52061636,招远金都康复医院,山东
55928,52061915,贵州省瓮安县人民医院,贵州
55929,52082520,科尔沁右翼中旗计生服务站,内蒙古
55930,52061913,昌乐齐城中医院,山东
55931,52061967,黑龙江中医药大学,黑龙江
55932,52061566,安陆市计划生育服务站,湖北
55933,52082746,禹城市人民医院,山东
55934,52082775,哈尔滨润达康泰生物科技有限公司,黑龙江
55935,52083056,山东省泰安荣军医院,山东
55936,52083049,衡南县人民医院,湖南
55937,52061910,乐昌市中医院,广东
55938,52061751,安庆市怀宁县妇幼保健所,安徽
55939,52061974,资阳市人民医院,四川
55940,52061990,成都市青羊区妇幼保健院,四川
55941,52061767,唐山市第十医院检验科,河北
55942,52061925,沧州市献县人民医院,河北
55943,52061975,深圳出入境边防检查总站医院,广东
55944,52061854,沧州市中西医结合医院东院区,河北
55945,52061980,许昌市人民医院,河南
55946,52061985,吉林大学第一医院乐群院区,吉林
55947,52082511,英德市大湾镇卫生院,广东
55948,52082890,昆明同仁医院,云南
55949,52082920,玉溪市妇幼保健院,云南
55950,52083063,青岛大学,山东
55951,52061951,汨罗市人民医院,湖南
55952,52083605,文昌市庆龄妇幼保健院,海南
55953,52083065,深圳微芯生物科技有限责任公司,广东
55954,52083529,抚顺市新抚区人民医院,辽宁
55955,52083671,齐齐哈尔医学院,黑龙江
55956,52083673,北京市西城区结核病防治所,北京
55957,52083839,富锦市中心医院,黑龙江
55958,52084235,南宁市第六人民医院,广西
55959,52083169,天水市妇幼保健院,甘肃
55960,52083724,湖南省康复医院,湖南
55961,52083725,益阳市第四人民医院,湖南
55962,52083043,达州市妇女儿童医院(达州市妇幼保健院、达州市妇幼保健计划生育服务中心),四川
55963,52083749,丽江市华坪县中医医院,云南
55964,52062083,溧阳市人民医院,江苏
55965,52084072,天台新国宾体检中心有限公司,浙江
55966,52084323,嘉兴雅康博医学检验所有限公司,浙江
55967,52084051,北京中仁中医医院,北京
55968,52083981,北京市朝阳区南磨房社区卫生服务中心,北京
55969,52083237,上海浦东新区陆家嘴社区卫生服务中心,上海
55970,52084071,上海市真爱女子医院,上海
55971,52083235,五原县妇幼保健院,内蒙古
55972,52083364,微山县马坡镇卫生院,山东
55973,52084241,广东药科大学附属第一医院,广东
55974,52084291,定兴县妇幼保健院,河北
55975,52055732,中山大学中山眼科中心,广东
55976,52055796,深圳大学,广东
55977,52055854,北京王府井医院,北京
55978,52055720,东莞市东阳光药业有限公司,广东
55979,52055756,南京大学,江苏
55980,52061923,北京联合执信（经销商自用或报损）,北京
55981,52061953,甘肃瑞琪（经销商自用或报损）,甘肃
55982,52055890,娄底市第一人民医院,湖南
55983,52061973,广州市白云区妇幼保健院（机场路院区）,广东
55984,52061994,乳山市中医院,山东
55985,52061995,阳城县人民医院,山西
55986,52084453,习水县人民医院,贵州
55987,52084582,上海市青东强制隔离戒毒所医院,上海
55988,52055778,维亚生物科技（上海）股份有限公司,上海
55989,52055812,中国医学科学院血液学研究所血液病医院,天津
55990,52084642,合肥达安医学检验实验室有限公司,安徽
55991,52084884,新乡医学院第三附属医院,河南
55992,52055970,杨凌示范区医院,陕西
55993,52084716,北京华实海隆石油投资有限公司,北京
55994,52061996,阿克苏市人民医院,新疆
55995,52084922,上海仁东医学检验所有限公司,上海
55996,52055959,北京众爱朗生体检中心,北京
55997,52062101,中国医学科学院肿瘤医院,北京
55998,52083608,温泉县人民医院,新疆
55999,52084000,北京世康博瑞医疗器械有限公司,北京
56000,52084165,济南市莱芜人民医院,山东
56001,52061971,重庆市长寿区人民医院,重庆
56002,52056019,恩施土家族苗族自治州中心医院,湖北
56003,52083781,常州市钟楼区北港街道社区卫生服务中心,江苏
56004,52055789,上海交通大学附属上海市肿瘤研究所,上海
56005,52055909,广州市番禺区第二人民医院,广东
56006,52084765,西安天博医学检验所有限公司,陕西
60623,52705557,郑州和康医院,河南
56007,52085208,北京市朝阳区来广营社区卫生服务中心,北京
56008,52084511,广州市结核病控制项目办公室,广东
56009,52085051,广东海洋大学水产学院,广东
56010,52084676,南宫市人民医院,河北
56011,52084764,邢台市临西县中医院,河北
56012,52085489,阜宁县中医院,江苏
56013,52085018,北京核工业医院(总院),北京
56014,52085213,廊坊市广阳区妇幼保健院,河北
56015,52085388,银川市第三人民医院,宁夏
56016,52085080,北京福佑龙惠专科门诊部,北京
56017,52055957,韶关市曲江区妇幼保健院,广东
56018,52062663,中国人民解放军62036部队,北京
56019,52085642,深圳龙城医院,广东
56020,52085673,北京康益德中西医结合肺科医院,北京
56021,52085246,云南省精神病医院,云南
56022,52085411,上海汉洱康生物科技有限公司,上海
56023,52085036,通化市中医院,吉林
56024,52062715,北京科兴中维生物技术有限公司,北京
56025,52062746,北京友谊中联生物科技有限公司,北京
56026,52055946,黄冈市第三人民医院(黄州区人民医院),湖北
56027,52084519,西北师范大学,甘肃
56028,52063107,巴东县计划生育服务站,湖北
56029,52023224,浦城县医院,福建
56030,52023233,齐齐哈尔市第一医院,黑龙江
56031,52063049,沈阳市和平区北市社区卫生服务中心,辽宁
56032,52023152,南阳市第九人民医院,河南
56033,52063160,东莞市万江医院,广东
56034,52055918,深圳市职业病医院,广东
56035,52084605,扬中市中医院,江苏
56036,52056044,武胜县人民医院,四川
56037,52055873,广州安必平医药科技股份有限公司,广东
56038,52055953,深圳市盐田区盐港医院,广东
56039,52056168,中国医学科学院医学生物学研究所,云南
56040,52056099,中国科学院生态环境研究中心,北京
56041,52056386,亳州兴华医院光明院区,安徽
56042,52056408,兴化市戴南人民医院,江苏
56043,52056127,华南师范大学,广东
56044,52055948,晋煤集团成庄矿医院,山西
56045,52056308,中国核工业总公司五０四厂职工医院,甘肃
56046,52056040,淄博市临淄区妇幼保健院（齐都医院）,山东
56047,52084991,南宁市赛科希德医疗设备有限公司,广西
56048,52023229,前郭尔罗斯蒙古族自治县医院,吉林
56049,52085106,丹东市第六人民医院,辽宁
56050,52084996,大悟县中医院,湖北
56051,52056373,云南省食品药品监督检验研究院,云南
56052,52056313,上海市奉贤区古华医院,上海
56053,52085044,鹅湖镇社区卫生服务中心,江苏
56054,52057952,绛县红十字会医院,山西
56055,52057945,开平市中医院,广东
56056,52058099,北京市丰台区方庄社区卫生服务中心,北京
56057,52057880,通用医疗西安医院,陕西
56058,52056404,丰县人民医院,江苏
56059,52056509,宁波市第二医院,浙江
56060,52056421,靖江市中医医院,江苏
56061,52056518,北京中医药大学东方医院秦皇岛医院(秦皇岛市中医医院),河北
56062,52057969,吉林国健妇产医院,吉林
56063,52057941,江西省信丰县人民医院,江西
56064,52058195,通用环球中铁唐山医院,河北
56065,52058191,北京市平谷妇幼保健院,北京
56066,52058217,北京市怀柔区妇幼保健院,北京
56067,52062649,天津医科大学总医院,天津
56068,52063104,宁波市第九医院,浙江
56069,52063165,太仓市沙溪人民医院,江苏
56070,52063163,深圳康泰生物制品股份有限公司,广东
56071,52058033,青岛妇婴医院,山东
56072,52085670,大连市金州区妇幼保健院,辽宁
56073,52023331,上海市浦东新区传染病医院,上海
56074,52084496,广西-东盟经济技术开发区人民医院,广西
56075,52085724,成都新基因格生物科技有限公司,四川
56076,52084436,台州章氏骨伤医院,浙江
56077,52085216,福州仓山区熙康综合门诊部有限公司,福建
56078,52085343,曲阳仁济医院,河北
56079,52085100,蒙山县人民医院,广西
56080,52058232,南方科技大学医院,广东
56081,52085624,浙江省杭州赛德甲状腺病医院,浙江
56082,52085847,寿宁县中医院,福建
56083,52085881,北京市海文医院,北京
56084,52058288,北京中康永泰干细胞技术医学研究有限责任公司,北京
56085,52058240,江油市第二人民医院,四川
56086,52085853,大理市第二人民医院,云南
56087,52058136,绩溪县人民医院,安徽
56088,52058285,晋城市第二人民医院,山西
56089,52058582,福建省华安县医院,福建
56090,52058482,南昌大学第二附属医院,江西
56091,52058624,围场满族蒙古族自治县大都医院,河北
56092,52058498,胜利油田胜东医院,山东
56093,52058602,达州市达川区妇幼保健计划生育服务中心,四川
56094,52056161,中国医学科学院整形外科医院-八大处院区,北京
56095,52058704,新疆老年病医院,新疆
56096,52059052,华北电力大学校医院,北京
56097,52059216,铜陵市义安区人民医院,安徽
56098,52058299,济南市人民医院,山东
56099,52058376,鄂尔多斯市准格尔旗计划生育服务站,内蒙古
56100,52063220,上海恒瑞医药有限公司,上海
56101,52063286,中国海洋大学,山东
56102,52063605,邯郸市磁县肿瘤医院,河北
56103,52058792,玉环市妇幼保健院,浙江
56104,52063659,融安县人民医院,广西
56105,52059234,马鞍山市和县中医院,安徽
56106,52063830,永州市第四人民医院,湖南
56107,52064189,新乐市中医院,河北
56108,52063510,东莞市寮步医院,广东
56109,52063729,汉中市西乡县中医院,陕西
56110,52063169,安宁市第一人民医院连然院区,云南
56111,52064130,柳州市融水县人口和计划生育局,广西
56112,52064146,崇左市龙州县人口和计划生育局,广西
56113,52064162,防城港市东兴市计划生育服务站,广西
56114,52059211,拉萨市妇幼保健院,西藏
56115,52059217,南京市溧水区人民医院,江苏
56116,52059039,河南省中西医结合医院,河南
56117,52059044,北京华博医院,北京
56118,52063714,内蒙古自治区第四医院,内蒙古
56119,52063723,内蒙古自治区人口和计划生育技术指导和研究中心,内蒙古
56120,52063393,中铁十九局集团有限公司职工中心医院,辽宁
56121,52063764,西藏日喀则拉孜县卫生服务中心,西藏
56122,52064167,苏州爱康国宾门诊部有限公司,江苏
56123,52063456,定安县人民医院,海南
56124,52064315,于田县人民医院,新疆
56125,52064356,四川省中医药科学院,四川
56126,52059284,北京市监狱管理局中心医院,北京
56127,52056382,苏州市吴江区第四人民医院,江苏
56128,52056417,盐城市响水县中医医院,江苏
56129,52059501,青岛市即墨区妇幼保健计划生育服务中心,山东
56130,52059505,安徽工业大学,安徽
56131,52059376,武警海南总队医院,海南
56132,52059342,湖南国际旅行卫生保健中心,湖南
56133,52059372,长沙市中心医院,湖南
56134,52059554,原平市医疗集团（原平市第一人民医院、原平市医疗集团第一人民医院）,山西
56135,52059338,湖州市双林人民医院,浙江
56136,52059585,洋县人民医院,陕西
56137,52059752,重庆市巴南区中医院,重庆
56138,52064617,滨州市滨城区人民医院,山东
56139,52064674,泸西县人民医院有限责任公司,云南
56140,52064724,湖南省辰溪县人民医院,湖南
56141,52085927,重庆市万州区第一人民医院,重庆
56142,52086080,晋中德源医院,山西
56143,52059629,河南省直第三人民医院,河南
56144,52086293,北京美中互利医院管理咨询有限公司,北京
56145,52085949,和田地区人民医院西院区（和田市人民医院）,新疆
56146,52086120,运城同德医院闻喜分院,山西
56147,52086366,沈阳市第一人民医院沈东医院,辽宁
56148,52086282,鹤山市桃源镇卫生院,广东
56149,52058205,深圳市诺迪盛（经销商自用或报损）,广东
56150,52058261,深圳市一通医疗器械有限公司,广东
56151,52086473,兵器工业第204所职工医院,陕西
56152,52086803,汕头妇产医院,广东
56153,52086553,浙江大学药物安全评价研究中心,浙江
56154,52086581,建德市妇幼保健院,浙江
56155,52086749,北京东区儿童医院,北京
56156,52086987,蒲城县医院,陕西
56157,52085842,海航局门诊部海军招飞办,北京
56158,52086374,沈阳沈河爱康国宾综合门诊部有限公司,辽宁
56159,52085937,库车县第二人民医院,新疆
56160,52085873,从化市华珍动物养殖场,广东
56161,52085924,达州市通川区红十字医院,四川
56162,52085998,北京谊和医疗科技有限公司,北京
56163,52059750,蚌埠市第三人民医院,安徽
56164,52086315,天水市秦安县中医院,甘肃
56165,52085969,慈溪市逍林中心卫生院,浙江
56166,52059826,北京朝阳凌和望京医院,北京
56167,52060069,北京理工大学校医院,北京
56168,52059275,南京博大肾科医院,江苏
56169,52060112,灵宝市第一人民医院,河南
56170,52060116,开封市中医院,河南
56171,52059032,霍州煤电集团有限责任公司总医院,山西
56172,52059953,武汉市第三医院,湖北
56173,52059046,北京市丰台区新村社区卫生服务中心,北京
56174,52059315,天津市滨海新区塘沽传染病医院,天津
56175,52060017,重庆市人民医院（三院院区）,重庆
56176,52060139,喀喇沁旗医院,内蒙古
56177,52060107,石家庄市正定县人民医院,河北
56178,52060137,大同市云冈区人民医院,山西
56179,52060133,太原市机车医院,山西
56180,52060134,山西省中西医结合医院,山西
56181,52060122,濮阳市第三人民医院,河南
56182,52060173,深圳市盐田区妇幼保健院,广东
56183,52064479,三江侗族自治县中医医院,广西
56184,52064605,清涧县人民医院,陕西
56185,52064665,昆明市经开区人民医院,云南
56186,52064481,三江侗族自治县人民医院,广西
56187,52064515,百色市田东县中医院,广西
56188,52059364,长治市潞城区医疗集团（长治市潞城区医疗集团人民医院、长治市潞城区人民医院）,山西
56189,52060104,邢台市第三医院,河北
56190,52065102,上海市东海老年护理医院,上海
56191,52063452,新虹社区卫生服务中心,上海
56192,52063523,重庆北大阳光医院,重庆
56193,52064241,复旦大学附属华山医院北院,上海
56194,52065188,扶风县人民医院,陕西
56195,52065315,吴起县人民医院,陕西
56196,52065758,芜湖市第六人民医院,安徽
56197,52060215,北京市西城区展览路医院,北京
56198,52065808,武定县人民医院,云南
56199,52065896,贵州省康源健康体检中心,贵州
56200,52064766,藤县第二人民医院,广西
56201,52064374,信达生物制药（苏州）有限公司,江苏
56202,52065308,百色市中医院,广西
56203,52065111,阿克陶县人民医院,新疆
56204,52065687,黑龙江省林业第二医院肿瘤结核病医院,黑龙江
56205,52086126,东莞市盛泽医疗器械有限公司,广东
56206,52060165,北京明德医院,北京
56207,52064773,枣庄矿业集团中心医院,山东
56208,52063339,浙江中医药大学附属第三医院,浙江
56209,52065720,石棉县人民医院（石棉县公立医院集团),四川
56210,52065784,广东美康大光万特医药有限公司,广东
56211,52065785,广东省双灵药业有限公司,广东
56212,52059474,黄梅县妇幼保健院,湖北
56213,52065066,涿州市医院,河北
56214,52065072,华亭煤业集团公司总医院,甘肃
56215,52064218,中信健康管理厦门中心,福建
56216,52064909,拓为生物科技有限公司,上海
56217,52065765,北京启智同行科技有限公司,北京
56218,52065958,中国南方航空股份公司航空卫生管理部检验科,广东
56219,52066013,新疆伊犁奎屯兵团一三一团医院,新疆
56220,52065104,兴国县中医院,江西
56221,52065915,重庆市璧山区中医院,重庆
56222,52065737,林芝市人民医院,西藏
56223,52065223,揭阳市第三人民医院,广东
56224,52065225,揭阳市榕城区中心医院,广东
56225,52060492,安徽省儿童医院,安徽
56226,52060805,宿州市医学检验中心,安徽
56227,52065770,北京市延庆区永宁镇社区卫生服务中心,北京
56228,52060880,临泉县中医院,安徽
56229,52061405,咸阳彩虹医院,陕西
56230,52060908,琼中黎族苗族自治县人民医院,海南
56231,52060262,临湘市中医院,湖南
56232,52060722,中国辐射防护研究院,山西
56233,52060929,吉水县人民医院,江西
56234,52060155,宁夏博尚健康体检院(有限公司),宁夏
56235,52060799,中国人民解放军5720厂医院,安徽
56236,52060972,内蒙古自治区国际蒙医医院,内蒙古
56237,52061237,武平县医院,福建
56238,52061075,黔南州瓮安县人口计生局,贵州
56239,52060835,沈阳医学院沈洲医院北院,辽宁
56240,52060881,北京北亚骨科医院有限公司,北京
56241,52060396,邹平市妇幼保健院（邹平市儿童医院）,山东
56242,52061256,中国直升机设计研究所,江西
56243,52061576,神农架林区计划生育服务站,湖北
56244,52086670,上海和平眼科医院,上海
56245,52087052,烟台芝罘医院,山东
56246,52087109,华宁县人民医院,云南
56247,52061246,融安县中医院,广西
56248,52086381,长沙兰卫医学检验实验室有限公司,湖南
56249,52086773,恩施亚菲亚妇产医院,湖北
56250,52086637,枣阳市中医院,湖北
56251,52086681,监利县第三人民医院,湖北
56252,52086674,吴忠市盐池县中医院,宁夏
56253,52086654,中山大学附属第三医院粤东医院,广东
56254,52086677,西吉县人民医院,宁夏
56255,52086679,青铜峡市人民医院,宁夏
56256,52087512,资源县人民医院,广西
56257,52087023,天津市武清区第二人民医院,天津
56258,52060170,新疆军区药品器材供应站,新疆
56259,52060253,深圳第一健康医疗管理有限公司,广东
56260,52065075,山东省医疗器械产品质量检验中心,山东
56261,52065741,重庆颐宁医院,重庆
56262,52023342,滨州市人民医院,山东
56263,52023348,青岛市黄岛区人民医院,山东
56264,52066352,北京博宇众康商贸有限公司,北京
56265,52066363,宁德市福鼎市医院,福建
56266,52085882,漳州市古雷港区医院,福建
56267,52086646,周口承悦糖尿病医院,河南
56268,52086737,福州金域医学检验所有限公司-仙游博爱医院分点,福建
56269,52087012,宁波臻雅健康管理有限公司,浙江
56270,52065756,常州海关（原常州出入境检验检疫局）,江苏
56271,52066380,余姚市妇幼保健院,浙江
56272,52086825,新疆佳音医院集团股份有限公司妇产分院,新疆
56273,52066009,成都生物制品研究所有限责任公司,四川
56274,52087079,密云县鼓楼社区卫生服务中心,北京
56275,52087231,成都市郫都区妇幼保健计划生育服务中心,四川
56276,52087511,大同市浑源县永安镇卫生院,山西
56277,52087028,鹤山市沙坪街道卫生院,广东
56278,52061755,佛山大学附属第三医院（佛山市南海区大沥人民医院）,广东
56279,52066196,首钢泰康医院,北京
56280,52061757,南方医科大学第七附属医院（佛山市南海区第三人民医院）,广东
56281,52023251,青岛市即墨区人民医院,山东
56282,52061599,台山市人民医院,广东
56283,52023253,青岛龙田金秋妇产医院,山东
56284,52087420,丹东熙康体检中心,辽宁
56285,52023354,日照市人民医院,山东
56286,52066136,南安市海都医院,福建
56287,52066312,安徽省怀远县人民医院,安徽
56288,52023296,铁道部第四勘测设计院医院,湖北
56289,52061901,韶关市妇幼保健院,广东
56290,52066184,苍南县妇幼保健院,浙江
56291,52066438,天津和平新世纪妇儿医院有限公司,天津
56292,52023279,秦皇岛市第一医院,河北
56293,52061762,修武县人民医院,河南
56294,52023280,秦皇岛市第二医院,河北
56295,52066452,杭州千麦医学检验实验室有限公司,浙江
56296,52061591,北京燕山石化职业病防治所,北京
56297,52023318,上海市对外服务有限公司,上海
56298,52023320,上海市韩城医学美容医院,上海
56299,52061957,神州细胞工程有限公司,北京
56300,52023339,安丘市人民医院,山东
56301,52061548,中国兵器工业集团第521研究所,陕西
56302,52061902,韶关市红十字会医院,广东
56303,52023353,山东省立医院,山东
56304,52061682,杭州市计划生育指导站,浙江
56305,52023321,闵行区华漕社区卫生服务中心,上海
56306,52061203,苏州市吴江区中医医院,江苏
56307,52061238,厦门思明州信门诊部,福建
56308,52061540,上海市浦东新区北蔡社区卫生服务中心,上海
56309,52061516,长治市妇幼保健院,山西
56310,52066764,蒲城县中医医院,陕西
56311,52061586,麻城市计划生育服务站,湖北
56312,52087925,莲花县妇幼保健院,江西
56313,52087893,贵州盛京中医肝病医院,贵州
56314,52088102,广州慈铭门诊部有限公司,广东
56315,52066821,通用医疗汉中3201医院,陕西
56316,52061982,汤原县人民医院,黑龙江
56317,52066853,北京军区空军司令部门诊部,北京
56318,52066838,惠州市职业病防治院,广东
56319,52087569,苏州市沧浪医院,江苏
56320,52088069,泗县新城中西医结合医院,安徽
56321,52066641,辽中区人民医院,辽宁
56322,52087812,北京华科泰生物技术股份有限公司-收货,北京
56323,52066985,安徽省第二人民医院,安徽
56324,52087932,长垣市人民医院,河南
56325,52069524,北京五洲妇儿医院有限责任公司,北京
56326,52087973,重庆医科大学附属儿童医院礼嘉分院,重庆
56327,52066812,赣州市肿瘤医院,江西
56328,52088207,深圳爱维艾夫妇科医院有限公司,广东
56329,52088053,阜新市彰武县颐康医院,辽宁
56330,52088186,北京优联耳鼻咽喉医院,北京
56331,52066820,温州怡合医院,浙江
56332,52067017,西安市蓝田县医院,陕西
56333,52087708,苏州市吴中区人民医院,江苏
56334,52067109,师宗县人民医院,云南
56335,52069616,西安迪安托管共建-武功蓝天医院,陕西
56336,52070058,五莲县妇幼保健计划生育服务中心,山东
56337,52070516,江西中科中西医结合门诊部,江西
56338,52070184,霍城县第一人民医院,新疆
56339,52070357,合肥工业大学,安徽
56340,52069608,通用环球中铁咸阳医院,陕西
56341,52070062,西华县人民医院,河南
56342,52069722,安诺优达基因科技（北京）有限公司,北京
56343,52069762,北京雅康博生物科技有限公司,北京
56344,52070508,奈曼旗青山医院,内蒙古
56345,52070128,温州华东惠仁医药有限公司,浙江
56346,52070231,北京市顺义区空港医院,北京
56347,52070055,长宁县人民医院,四川
56348,52070264,灵璧县人民医院,安徽
56349,52070099,北京东方美华医院,北京
56350,52070605,丹东市人民医院,辽宁
56351,52070843,安徽省妇幼保健院东区,安徽
56352,52070845,大庆市第三医院,黑龙江
56353,52023356,山东大学齐鲁医院,山东
56354,52023357,山东省文登整骨医院,山东
56355,52023362,淄博市妇幼保健院（杏园院区）,山东
56356,52070889,北京维通利华实验动物技术有限公司,北京
56357,52088208,唐山新华卓越门诊部,河北
56358,52070341,运城市空港医院,山西
56359,52066709,深圳五洲中医院,广东
56360,52066932,南京市浦口区计划生育指导站,江苏
56361,52066569,太原市第四人民医院（山西医科大学附属肺科医院、太原市结核病医院）,山西
56362,52062672,国家体育总局反兴奋剂中心,北京
56363,52066938,徐州市贾汪区计划生育指导站,江苏
56364,52066958,淮安市清河区计划生育指导站,江苏
56365,52066966,盐城市射阳县计划生育指导站,江苏
56366,52066978,姜堰市计划生育指导站,江苏
56367,52070502,北京顺义精神病医院,北京
56368,52070526,聊城市传染病医院,山东
56369,52061938,广州中医药大学第一附属医院先烈东门诊部,广东
56370,52061977,广州市越秀区中医医院,广东
56371,52062034,江苏省中医院重庆医院（重庆市永川区中医院）,重庆
56372,52071149,青岛市人口和计划生育科学技术研究所,山东
56373,52071254,通海县人民医院,云南
56374,52071263,西安市精神卫生中心,陕西
56375,52062685,河南科技学院,河南
56376,52071280,陕西省森林工业职工医院,陕西
56377,52071092,贵阳市花溪区人民医院,贵州
56378,52071151,浙江省丽水市中医院,浙江
56379,52071234,苏州卓悦门诊部有限公司,江苏
56380,52071267,华阴市人民医院,陕西
56381,52063053,城固县医院,陕西
56382,52063171,宣威市云峰医院,云南
56383,52070602,三峡大学,湖北
56384,52070654,兰州天伦不孕症医院,甘肃
56385,52071402,北京嘉禾妇儿医院,北京
56386,52070984,广州市天河区人民医院,广东
56387,52063173,曲靖市麒麟区人民医院,云南
56388,52063175,河口瑶族自治县人民医院,云南
56389,52088211,杭州新华卓越门诊部,浙江
56390,52088214,昆明市中医医院呈贡医院,云南
56391,52071346,北京联众泰克科技有限公司,北京
56392,52087805,宁波市镇海区妇幼保健院,浙江
56393,52087989,连云港市连云区计划生育指导站,江苏
56394,52088488,山西和谐健康体检中心长治分部,山西
56395,52088639,北京怡德医院,北京
56396,52063058,宁夏国际旅行卫生保健中心,宁夏
56397,52071261,同心县人民医院（同心县医疗健康总院）,宁夏
56398,52088733,山西和谐健康体检医院有限公司并西分部,山西
56399,52088217,诸暨市第六人民医院,浙江
56400,52088451,吉安市中心人民医院（上海市东方医院吉安医院）,江西
56401,52088787,沅陵县妇幼保健院,湖南
56402,52088354,黑龙江省医疗服务管理评价中心,黑龙江
56403,52087671,东阿县中医院,山东
56404,52087747,保山市昌宁县苟街中心卫生院,云南
56405,52088356,北京东方京城中医医院,北京
56406,52088364,上海齐丰医疗器械有限公司,上海
56407,52070260,浦东新区浦兴社区卫生服务中心,上海
56408,52070279,启东市第二人民医院,江苏
56409,52070190,重庆市南岸区南山社区服务中心,重庆
56410,52071480,安宁鑫湖医院,云南
56411,52071684,临沂市兰山区人民医院,山东
56412,52071361,广州市民政局精神病院,广东
56413,52071383,柳州市鹿寨县人民医院,广西
56414,52071393,柳州市柳江区妇幼保健院,广西
56415,52070514,乌鲁木齐市第四人民医院,新疆
56416,52071398,资阳市雁江区中医医院,四川
56417,52071760,柳州市柳江县中医院,广西
56418,52088873,建德市第三人民医院,浙江
56419,52088874,临汾和谐健康体检门诊部,山西
56420,52070225,绥中县医院,辽宁
56421,52070236,中国人民解放军第四零六医院,辽宁
56422,52088863,沈阳博仕医院,辽宁
56423,52071968,北京燕化医院星城分院,北京
56424,52088997,合肥迪安医学检验实验室有限公司,安徽
56425,52089041,辽宁省医疗器械检验检测院,辽宁
56426,52088829,永丰县人民医院,江西
56427,52071569,深圳市罗湖医院集团莲塘街道社区健康服务中心,广东
56428,52071814,玉林市中西医结合骨科医院,广西
56429,52070607,武汉科技大学附属天佑医院,湖北
56430,52071658,巴中市巴州区第二人民医院,四川
56431,52071660,德阳市计量测试所,四川
56432,52071661,巴中市通江县人民医院,四川
56433,52071485,宁夏回族自治区工人疗养院,宁夏
56434,52071674,保定市唐县人民医院,河北
56435,52071907,十堰市竹山县人民医院,湖北
56436,52071894,邻水县中医医院,四川
56437,52072008,广东省温氏集团研究院,广东
56438,52071365,香港中文大学深圳研究院,广东
56439,52070545,广州东昊生物科技有限公司,广东
56440,52088828,寻乌县人民医院,江西
56441,52089210,休宁县人民医院,安徽
56442,52088336,黄冈市蕲春县第二人民医院,湖北
56443,52089140,北京联科中医肾病医院,北京
56444,52088335,中国医学科学院肿瘤医院深圳医院,广东
56445,52089211,黄山首康医院,安徽
56446,52088910,中国传媒大学校医院,北京
56447,52089425,南平市建瓯市立医院,福建
56448,52089428,南平市延平区医院,福建
56449,52088998,曲靖市富源县人民医院,云南
56450,52089275,华中科技大学同济医学院附属同济医院光谷院区,湖北
56451,52089395,襄阳市中心医院东津院区,湖北
56452,52089423,北京市朝阳区安贞社区卫生服务中心,北京
56453,52089486,深圳市国赛生物技术有限公司,广东
56454,52070533,五原县人民医院,内蒙古
56455,52089091,东软熙康浑南店,辽宁
56456,52088945,临沧市人民医院青华新院,云南
56457,52089330,新余市第四医院,江西
56458,52089417,北京万柳美中宜和妇儿医院,北京
56459,52088911,上海美华妇儿医院有限公司,上海
56460,52089597,上海海和药物研究开发股份有限公司,上海
56461,52089628,安庆伊康医学检验所,安徽
56462,52023370,潍坊市中医院,山东
56463,52023337,平邑县中医院,山东
56464,52023365,山东中医药大学第二附属医院,山东
56465,52023403,上海复旦维康门诊部有限公司,上海
56466,52023359,兖矿新里程总医院,山东
56467,52023371,临沂市妇幼保健院,山东
56468,52023395,上海电力医院,上海
56469,52023334,上海市松江区妇幼保健院,上海
56470,52023408,上海市第四康复医院,上海
56471,52089654,营口军分区医院,辽宁
56472,52089661,峨眉山市中医医院（峨眉山市骨科医院）,四川
56473,52089737,深圳雷杜生命科学股份有限公司,广东
56474,52089456,皖南医学院第二附属医院,安徽
56475,52089715,沈阳共济医院有限公司,辽宁
56476,52089883,湛江赤坎慈铭健康综合门诊部有限公司,广东
56477,52089769,台州出入境检验检疫局动物检疫处,浙江
56478,52089840,昆明市第一人民医院甘美医院,云南
56479,52090160,哈尔滨眼科医院,黑龙江
56480,52088783,中国人民解放军海军军医大学第三附属医院安亭分院,上海
56481,52088800,祁东县妇幼保健院,湖南
56482,52088749,上海孜浩医疗器械有限公司,上海
56483,52088864,上海景沁贸易有限公司,上海
56484,52088876,淮安市第三人民医院,江苏
56485,52088802,嘉禾县中医院,湖南
56486,52088805,汝城县中医院,湖南
56487,52071804,内蒙古伊生泰妇产医院,内蒙古
56488,52072227,怒江州兰坪县计划生育服务局,云南
56489,52072132,北京市西城区广外医院,北京
56490,52071638,杭锦后旗卫生和计划生育局,内蒙古
56491,52071648,乌兰浩特市兴安盟人口计生服务站,内蒙古
56492,52071752,重庆市南岸区东港医院,重庆
56493,52089634,罗定市中医院,广东
56494,52089842,永胜县人民医院,云南
56495,52072354,杭州安旭科技有限公司,浙江
56496,52089332,南方医院太和分院,广东
56497,52090105,海军机关门诊部,北京
56498,52072219,利川市妇幼保健院,湖北
56499,52090277,赣州市宁都县人民医院,江西
56500,52072060,潜山市妇幼保健计划生育服务中心(潜山市妇幼保健院),安徽
56501,52090485,玉环大麦屿街道卫生服务中心,浙江
56502,52072056,安徽涵博健康集团医院有限公司,安徽
56503,52072233,泗洪县分金亭医院,江苏
56504,52072313,廊坊红十字霸州开发区医院,河北
56505,52072408,平陆县人民医院,山西
56506,52072064,望江县妇幼保健计划生育服务中心（望江县妇幼保健院）,安徽
56507,52072318,福清市中医院,福建
56508,52072265,甘家口社区卫生服务中心,北京
56509,52072274,长春市宽城区医院,吉林
56510,52072217,睢宁县人民医院,江苏
56511,52072280,图们市人民医院,吉林
56512,52072553,宁波海尔施医学检验所有限公司,浙江
56513,52072334,亳州鼎立医疗器械销售有限公司,安徽
56514,52072845,泽州县人民医院,山西
56515,52072901,日喀则市人民医院,西藏
56516,52023398,中国人民解放军海军军医大学第三附属医院,上海
56517,52072795,杭州迪安医学检验中心有限公司-宁波市奉化溪口医院分点,浙江
56518,52072899,通化市传染病医院,吉林
56519,52089959,北京万丰仁信科贸有限公司,北京
56520,52090204,思南县人民医院,贵州
56521,52090161,大连体检中心,辽宁
56522,52090618,新郑天佑中医院,河南
56523,52090654,云南省中医医院滇池院区,云南
56524,52090615,赣州市上犹县人民医院,江西
56525,52090208,海口市皮肤性病和精神病防治所,海南
56526,52090563,巴东县民族医院,湖北
56527,52090186,长沙长好医院,湖南
56528,52090759,哈尔滨医科大学附属第一医院群力分院,黑龙江
56529,52090766,张家口仁爱医院,河北
56530,52090749,桐柏县中心医院,河南
56531,52090616,北京中医药大学东直门医院洛阳医院（涧西院区）,河南
56532,52090535,福清市妇幼保健院,福建
56533,52090967,钦北区人口和计划生育服务站,广西
56534,52091031,深圳保安宝民门诊部,广东
56535,52091149,浙江省生殖保健院,浙江
56536,52091413,大同美中嘉和肿瘤医院,山西
56537,52090784,承德医学院附属医院南区,河北
56538,52091195,铁岭市妇婴医院,辽宁
56539,52091371,广州万孚生物技术有限公司北京办事处,北京
56540,52090816,江西省安义县人民医院,江西
56541,52072223,南京医科大学第二附属医院萨家湾院区,江苏
56542,52072234,泗阳县人民医院,江苏
56543,52072323,成都玛诗特肿瘤医院,四川
56544,52072350,满洲里国际旅行卫生保健中心,内蒙古
56545,52063391,长海县人民医院,辽宁
56546,52091480,蚌埠兰卫医学检验所有限公司,安徽
56547,52090793,北京市通州区永乐店社区卫生服务中心,北京
56548,52090819,北京朝阳区东坝社区卫生服务中心,北京
56549,52090902,北京市朝阳区奥运村社区卫生服务中心,北京
56550,52091145,通辽市妇幼保健所,内蒙古
56551,52091408,银川爱康卓悦综合门诊部（有限公司）,宁夏
56552,52091493,杭州爱康国宾文晖医疗门诊部有限公司,浙江
56553,52091148,邳州市人民医院,江苏
56554,52090530,五原县中蒙医院,内蒙古
56555,52091294,圣禄嘉妇产医院,河北
56556,52073123,三亚市计划生育技术服务中心,海南
56557,52073124,武汉市黄陂区中医院,湖北
56558,52091139,保山市隆阳区妇幼保健院,云南
56559,52072605,普仁江岸医院,湖北
56560,52090817,南昌市新建区人民医院,江西
56561,52091437,第二炮兵工程大学,陕西
56562,52091470,漳州市妇幼保健院,福建
56563,52091597,喀什地区肺科医院,新疆
56564,52091631,郎溪县中医院,安徽
56565,52091412,桦甸慧康医院有限责任公司,吉林
56566,52091600,金坛市中医医院,江苏
56567,52091613,丹阳市妇幼保健院,江苏
56568,52091620,杭州市第九人民医院,浙江
56569,52091709,桐乡市中医院,浙江
56570,52091596,广州市花都区第二人民医院,广东
56571,52091767,重庆市渝北区人民医院,重庆
56572,52091664,十堰市张湾区汉江街办阳光栖谷社区卫生中心,湖北
56573,52091560,桐城市妇幼保健计划生育服务中心,安徽
56574,52063482,珠海健康元生物医药有限公司,广东
56575,52091817,闽清县中医院,福建
56576,52091818,福建省闽清精神病防治院,福建
56577,52091819,宁德市霞浦县中医院,福建
56578,52091770,定陶区人民医院,山东
56579,52091771,高唐县中医院,山东
56580,52091827,青岛农业大学校医院,山东
56581,52091806,商河县人民医院,山东
56582,52091807,莘县第二人民医院,山东
56583,52091828,青岛市李沧区中心医院,山东
56584,52091843,莒南县中医医院,山东
61999,52096091,东南大学医院,江苏
56585,52091940,彭水苗族土家族自治县人民医院,重庆
56586,52091833,青岛市崂山区妇幼保健院,山东
56587,52092000,栖霞市桃村中心医院,山东
56588,52091829,高密市妇幼保健院,山东
56589,52091811,郓城县人民医院,山东
56590,52091483,枣庄市立医院新城分院,山东
56591,52091719,兴化市中医院,江苏
56592,52091812,邹城市妇幼保健院,山东
56593,52091941,驻马店市中医院,河南
56594,52092026,桐庐县第二人民医院,浙江
56595,52091892,宁夏阅海老年服务中心,宁夏
56596,52091891,石河子市第六社区卫生服务中心,新疆
56597,52092004,阜南县人民医院,安徽
56598,52092036,福州市马尾区琅岐镇卫生院,福建
56599,52092106,抚顺市中山医院,辽宁
56600,52090633,兴化市妇幼保健院,江苏
56601,52090672,泰州市姜堰区妇幼保健计划生育服务中心,江苏
56602,52092321,上海贝瑞和康医学检验所有限公司,上海
56603,52091144,兴安盟妇幼保健院,内蒙古
56604,52091418,福州中德骨科医院有限公司,福建
56605,52091268,南通市第二人民医院,江苏
56606,52073129,黔西市人民医院,贵州
56607,52073434,佛山市第四人民医院,广东
56608,52092145,上海市第三康复医院,上海
56609,52091272,内蒙古工人呼和浩特疗养院,内蒙古
56610,52091409,牙克石市中蒙医院,内蒙古
56611,52073446,永平县人民医院,云南
56612,52092019,霍邱县第二人民医院,安徽
56613,52073420,重庆市妇幼保健院,重庆
56614,52073429,钟祥市人民医院,湖北
56615,52092200,滨州市妇幼保健院,山东
56616,52073508,鸡西市密山市人民医院,黑龙江
56617,52073396,上海宝藤生物医药科技有限公司,上海
56618,52092587,驻马店新世纪医院,河南
56619,52092480,诸暨市第二人民医院,浙江
56620,52092435,仪陇县人民医院（新政院区）,四川
56621,52092455,北京市房山区韩村河镇社区卫生服务中心,北京
56622,52092594,北京公安大学校医院,北京
56623,52092562,松江体检中心,上海
56624,52092586,洛阳市妇幼保健院（嘉豫门院区）,河南
56625,52092598,鞍山市妇儿医院(鞍山市妇幼保健院),辽宁
56626,52092697,朝阳区和平街社区卫生服务中心,北京
56627,52092708,重庆市万州区上海医院,重庆
56628,52092491,北京维特奥医院有限公司,北京
56629,52092591,同济东方中西医结合医院,北京
56630,52073614,长春市绿园区中医院检验科,吉林
56631,52092699,北京同仁堂王府井中医医院,北京
56632,52092872,重庆松藻煤电有限责任公司总医院,重庆
56633,52063545,人福医药集团股份公司,湖北
56634,52063549,广东省妇幼保健院番禺分院,广东
56635,52092823,重庆市铜梁区妇幼保健计划生育服务中心,重庆
56636,52092864,庐山市人民医院,江西
56637,52063578,惠州市第二妇幼保健院江北院区,广东
56638,52092722,温州眼视光医院生物样本库实验室,浙江
56639,52091668,宿迁市工人医院,江苏
56640,52091673,常州市德安医院,江苏
56641,52063509,贵港市中医医院,广西
56642,52091623,成都锦江大观医院,四川
56643,52092720,温县人民医院,河南
56644,52063582,吉林农业大学,吉林
56645,52092605,泉州迪安医学检验所有限公司,福建
56646,52063672,鄂温克族自治旗人民医院伊敏分院,内蒙古
56647,52091492,洪洞县中医医院,山西
56648,52092718,秀山土家族苗族自治县中医医院,重庆
56649,52093067,武汉市第四医院（西院区）,湖北
56650,52063576,承德市隆化县医院,河北
56651,52063878,宁夏海基雅医院(有限公司),宁夏
56652,52073012,北京市第一社会福利院,北京
56653,52073171,北京市监狱管理局清河分局医院,天津
56654,52063607,石家庄市赵县妇幼保健院,河北
56655,52063665,双牌县人民医院,湖南
56656,52073841,中国人民解放军联勤保障部队第九二四医院,广西
56657,52073466,芜湖市海螺医院,安徽
56658,52073544,梅州市计划生育服务中心,广东
56659,52073695,华南理工大学,广东
56660,52073773,北京市海淀区青龙桥社区卫生服务中心,北京
56661,52073811,上海市南京西路街道社区卫生服务中心,上海
56662,52063893,陕西电子四0九医院,陕西
56663,52073882,武汉市中心医院后湖院区,湖北
56664,52073907,重庆建设医院,重庆
56665,52073428,襄阳市谷城县人民医院,湖北
56666,52063661,融安县妇幼保健院,广西
56667,52092943,龙游县中医院,浙江
56668,52064098,安徽省宣城中心医院,安徽
56669,52064128,金秀县妇幼保健院,广西
56670,52064131,桂林市全州县人口和计划生育局,广西
56671,52064133,桂林市恭城县人口和计划生育局,广西
56672,52064135,桂林市荔浦县人口和计划生育局,广西
56673,52092693,宁波东方中西医结合医院,浙江
56674,52092951,绍兴市上虞区第三医院,浙江
56675,52072966,上海瑞浦门诊部有限公司,上海
56676,52072973,上海世湘实业有限公司,上海
56677,52064139,都安瑶族自治县妇幼保健院,广西
56678,52064149,容县妇幼保健院,广西
56679,52064151,乐业县妇幼保健站,广西
56680,52092959,永嘉县中医医院,浙江
56681,52074160,石家庄金域医学检验实验室有限公司,河北
56682,52092963,榆树市蓝兴医院,吉林
56683,52093097,彬州市人民医院,陕西
56684,52093098,彬州市中医医院,陕西
56685,52093103,咸阳市乾县人民医院,陕西
56686,52093168,深圳市金准生物医学工程有限公司,广东
56687,52073366,临汾市妇幼保健计划生育服务中心（临汾市妇幼保健院、临汾市儿童医院）,山西
56688,52091680,常州市武进区前黄人民医院,江苏
56689,52091683,苏州平江医院,江苏
56690,52091701,常州市金坛区第三人民医院,江苏
56691,52091781,宁阳县第二人民医院,山东
56692,52091808,滕州市工人医院,山东
56693,52091809,汶上县中医院,山东
56694,52091821,泰安市妇幼保健院,山东
56695,52091706,太仓市浏河人民医院,江苏
56696,52091711,宝应县妇幼保健院,江苏
56697,52091730,镇江润州区人民医院,江苏
56698,52092769,黄石市中医医院团城山院区,湖北
56699,52092770,吉安市青原区人民医院,江西
56700,52092942,兴宁市水口镇中心卫生院(兴宁市第五人民医院),广东
56701,52093018,开鲁县医院,内蒙古
56702,52093129,北京市第二社会福利院,北京
56703,52093164,科尔沁左翼后旗人民医院,内蒙古
56704,52093277,中国人民解放军总医院京中医疗区黄寺门诊部,北京
56705,52092471,山东省寄生虫病防治研究所,山东
56706,52073416,郴州市临武县人民医院,湖南
56707,52073759,中国人民解放军第四二二医院,广东
56708,52064171,凉山彝族自治州中西医结合医院,四川
56709,52092865,景德镇市第二人民医院,江西
56710,52092521,扬州经济技术开发区施桥镇社区卫生服务中心,江苏
56711,52092995,杭州粉蓝医学检验所有限公司,浙江
56712,52093169,北京诚志门诊部,北京
56713,52092958,象山县妇幼保健院,浙江
56714,52092757,福州眼科医院,福建
56715,52092495,北京中医药大学东方医院西院区,北京
56716,52092576,广州新时代医院,广东
56717,52092633,广州医科大学附属第一医院交运院区,广东
56718,52074153,福建省长汀县妇幼保健院,福建
56719,52073971,上海体育科学研究所,上海
56720,52074110,东莞市长安镇新安医院,广东
56721,52092772,南京迪格诺斯生物技术有限公司,江苏
56722,52074448,姚安县人民医院,云南
56723,52074460,重庆爱宾门诊部有限公司,重庆
56724,52074349,广西壮族自治区新康监狱,广西
56725,52074989,昆明爱维艾夫医院,云南
56726,52092840,天门市第二人民医院,湖北
56727,52093285,黔西南州中医院,贵州
56728,52093308,杭州市江干区彭埠镇社区卫生服务中心,浙江
56729,52075057,武警江西省总队医院,江西
56730,52074327,固原市中医院,宁夏
56731,52093068,广州中医药大学顺德医院（佛山市顺德区中医院）,广东
56732,52074413,东莞市望牛墩医院,广东
56733,52093443,福建省罗源县医院,福建
56734,52093094,长安大学校医院,陕西
56735,52074619,北京将台社区卫生服务中心,北京
56736,52093095,西安市华山中心医院,陕西
56737,52093298,延安市宝塔区妇幼保健院,陕西
56738,52093413,广元市第一人民医院（410医院）,四川
56739,52093488,西北工业大学校医院,陕西
56740,52093637,石柱土家族自治县人民医院,重庆
56741,52093643,海阳市人民医院,山东
56742,52074781,新华卓越宝鸡门诊部有限公司,陕西
56743,52093487,陕西省水电医院,陕西
56744,52093524,黑河市第一人民医院,黑龙江
56745,52092941,包头市青山区二0二医院,内蒙古
56746,52073984,兴城市中医院,辽宁
56747,52074298,平阴县中医医院,山东
56748,52074406,寿光和信医院,山东
56749,52093294,辽宁爱尔眼科医院有限公司,辽宁
56750,52093076,鄂尔多斯市第四人民医院,内蒙古
56751,52093208,济南市历城区宏济堂综合门诊部,山东
56752,52075011,上海美兰湖妇产科医院有限公司,上海
56753,52074954,东莞市妇幼保健院莞城院区,广东
56754,52093533,台州市路桥区第三人民医院,浙江
56755,52093526,北安市第一人民医院,黑龙江
56756,52075161,北京潘家园社区卫生服务中心潘家园医院,北京
56757,52093562,泽普县人民医院,新疆
56758,52075172,临沧市临翔区人民医院,云南
56759,52093529,扶余市中医院,吉林
56760,52074727,济宁市第一人民医院西院区,山东
56761,52075324,宜春学院第二附属医院（宜春市第六人民医院）,江西
56762,52075411,黄石市中心医院普爱院区,湖北
56763,52074613,巴东县人民医院,湖北
56764,52075327,阳山县人民医院,广东
56765,52074731,哈尔滨天泰医院,黑龙江
56766,52074977,常州爱康卓悦医疗门诊部有限公司,江苏
56767,52075435,广州市圣鑫生物科技有限公司,广东
56768,52075159,北京恒安中医院,北京
56769,52093605,永嘉县瓯北城市新区医院,浙江
56770,52093805,鞍山市长大医院,辽宁
56771,52075323,广东省大宝山矿业有限公司,广东
56772,52075409,惠州市伊丽莎白妇产医院,广东
56773,52075570,云阳县中医院,重庆
56774,52075595,彭山区人民医院,四川
56775,52093832,伽师县人民医院,新疆
56776,52093839,明水县人民医院,黑龙江
56777,52093851,依安县人民医院,黑龙江
56778,52075842,昌黎县妇幼保健院,河北
56779,52075199,遵义市红花岗区人民医院,贵州
56780,52075587,新化县人民医院,湖南
56781,52093840,中牟县中医院,河南
56782,52063721,苏州市相城区人民医院,江苏
56783,52063880,榆林市康复医院,陕西
56784,52075778,上海锦曦医疗器械贸易商行,上海
56785,52075343,北京北城中医医院,北京
56786,52093017,乌拉特前旗人民医院,内蒙古
56787,52093729,昭平县人民医院,广西
56788,52093002,清水河县医院,内蒙古
56789,52093015,乌海市妇幼保健院,内蒙古
56790,52093160,扎兰屯市人民医院,内蒙古
56791,52093810,宾县人民医院,黑龙江
56792,52093827,林口县人民医院,黑龙江
56793,52093838,方正县人民医院,黑龙江
56794,52093852,依兰县人民医院,黑龙江
56795,52093831,澄迈县人民医院,海南
56796,52093815,方山县医疗集团（方山县人民医院、方山县医疗集团人民医院）,山西
56797,52093884,呼兰区第一人民医院,黑龙江
56798,52093885,九台市中医院,吉林
56799,52093301,西安罗塞塔生物科技有限公司医学检验分公司,陕西
56800,52093424,秦皇岛市公安局医院,河北
56801,52093431,吴桥县人民医院,河北
56802,52093435,保定市第四医院,河北
56803,52093858,汕头市第四人民医院,广东
56804,52093705,保定市徐水区中医院,河北
56805,52093871,株洲市妇幼保健院,湖南
56806,52093876,怀化市儿童医院,湖南
56807,52093859,潮州市人民医院,广东
56808,52093960,北京泰康燕园康复医院有限公司,北京
56809,52093860,梅州市丰顺县妇幼保健院,广东
56810,52093992,浚县人民医院,河南
56811,52094005,磐安县妇幼保健院,浙江
56812,52093999,东北林业大学医院,黑龙江
56813,52094008,重庆市潼南区中医院,重庆
56814,52093183,辽宁唯晟商贸有限公司,辽宁
56815,52074299,微山县人民医院,山东
56816,52074458,重庆国阳医院有限公司,重庆
56817,52074409,南京供电公司门诊部,江苏
56818,52075406,武汉千麦医学检验实验室有限公司,湖北
56819,52076122,漳州市云霄县医院,福建
56820,52076131,楚雄州禄丰县第二人民医院,云南
56821,52093890,蛟河市人民医院,吉林
56822,52075951,长春市第六医院(长春市心理医院、长春市心理卫生研究所、长春市护理医院),吉林
56823,52075914,宣恩县民族医院,湖北
56824,52076118,同江市人民医院,黑龙江
56825,52075741,辽宁中医药大学附属医院沈本医院,辽宁
56826,52093310,大连市甘井子区人民医院,辽宁
56827,52093486,天津市滨海新区汉沽中医医院,天津
56828,52093537,兰州市妇幼保健院,甘肃
56829,52093355,济南科朗医疗医疗器械有限公司,山东
56830,52094049,西北农林科技大学医院,陕西
56831,52094053,合阳县妇幼保健院,陕西
56832,52094142,金华市妇幼保健院,浙江
56833,52094151,洛阳市第一人民医院（中州院区）,河南
56834,52094156,荥阳市人民医院,河南
56835,52094311,杭州美年滨河医疗门诊部有限公司,浙江
56836,52094572,四平爱龄奇医院,吉林
56837,52094574,梨树县第一人民医院,吉林
56838,52094576,梅河口市中医院,吉林
56839,52094579,辉南县妇幼保健院,吉林
56840,52094580,通化市第二人民医院,吉林
56841,52094581,通化市中西医结合医院,吉林
56842,52094515,哈尔滨市呼兰区红十字医院,黑龙江
56843,52094558,呼兰区妇幼保健院,黑龙江
56844,52094571,深圳市新桥卫生院,广东
56845,52075114,广州医科大学附属第二医院番禺院区,广东
56846,52075407,第二军医大学长征医院南京分院,江苏
56847,52075152,苏州市吴江区第五人民医院,江苏
56848,52075912,兴化市第三人民医院,江苏
56849,52064438,天津和平区爱宾门诊有限公司,天津
56850,52093640,广东腾飞基因科技有限公司,广东
56851,52076298,菏泽市医学专科学校医院,山东
56852,52076300,军事医学科学院毒物药物研究所,北京
56853,52064153,田林县妇幼保健院,广西
56854,52093872,绥宁县中医院,湖南
56855,52064159,钦州市浦北县人口和计划生育服务站,广西
56856,52093873,永兴县妇幼保健院,湖南
56857,52064190,黔东南州中医院,贵州
56858,52064517,南宁市第二人民医院,广西
56859,52064478,镇雄县人民医院,云南
56860,52064667,昭通市第一人民医院,云南
56861,52063885,沧州市孟村回族自治县医院,河北
56862,52064175,施甸县人民医院,云南
56863,52064093,东莞市东城人民医院,广东
56864,52064676,武汉艾迪康医学检测实验室有限公司检验科,湖北
56865,52064211,上海健康医学院附属崇明医院,上海
56866,52064758,上海市普陀区妇婴保健院,上海
56867,52064672,楚雄市人民医院,云南
56868,52064619,滨州市滨城区人口计生局,山东
56869,52064742,济南出入境检验检疫局,山东
56870,52093921,美国驻上海领事馆,上海
56871,52094054,西安医学专修学院武功附属医院,陕西
56872,52094123,江门新会陈经纶医院有限公司,广东
56873,52064721,安国市人民医院,河北
56874,52076416,上海市新收犯监狱,上海
56875,52076352,北京市卢沟桥医院,北京
56876,52064447,山东第一医科大学泰安校区,山东
56877,52093877,桂阳县妇幼保健院,湖南
56878,52076537,南京艾迪康医学检验所有限公司-苏州相城中医院分点,江苏
56879,52076596,绥化市北林区第一人民医院,黑龙江
56880,52094582,白山市妇幼保健院,吉林
56881,52076153,江苏硕世生物科技股份有限公司上海分公司,上海
56882,52065755,上海睿康生物科技有限公司,上海
56883,52076631,山西和济肾脏病医院,山西
56884,52076191,大理市妇幼保健院,云南
56885,52065314,昌黎县人民医院,河北
56886,52064732,深圳永福妇科医院,广东
56887,52064761,黑龙江省第二医院,黑龙江
56888,52065113,英吉沙县人民医院,新疆
56889,52065684,柘荣县医院,福建
56890,52064765,天津美津宜和妇儿医院有限公司,天津
56891,52065108,横州市妇幼保健院,广西
56892,52064940,北京明谛生物医药科技有限公司,北京
56893,52094057,许昌县人民医院,河南
56894,52065726,天津市红桥区中医医院,天津
56895,52065754,鸿富锦精密电子（郑州）有限公司,河南
56896,52065728,招远市中医院,山东
56897,52065795,上海市奉贤区奉城医院,上海
56898,52065802,烟台牟平区中医医院,山东
56899,52065810,新平彝族傣族自治县人民医院,云南
56900,52065999,天津微纳芯科技有限公司,天津
56901,52094584,北京朝阳中西医结合急诊抢救医院,北京
56902,52094724,林州市肿瘤医院,河南
56903,52094751,芜湖济民医院,安徽
56904,52094727,海安市妇幼保健计划生育服务中心,江苏
56905,52094059,秦皇岛市抚宁区中医院,河北
56906,52094428,武汉美年大健康体检管理有限公司,湖北
56907,52094652,北方工业大学,北京
56908,52094345,中卫市妇幼保健院,宁夏
56909,52094346,宁夏回族自治区干部疗养院,宁夏
56910,52094489,南昌市第五医院,江西
56911,52094570,四平中韩妇女儿童医院,吉林
56912,52094759,台州市妇女儿童医院,浙江
56913,52023368,广东省监狱中心医院,广东
56914,52066371,杭州市西溪医院,浙江
56915,52023461,汕头潮南民生医院,广东
56916,52076013,青岛市第七人民医院,山东
56917,52076202,郴州市嘉禾县人民医院,湖南
56918,52076344,宿迁枣林医院,江苏
56919,52076350,无锡嘉仕恒信医院有限公司,江苏
56920,52094756,沈阳何氏眼科医院,辽宁
56921,52094152,青岛万达国际医院,山东
56922,52076262,五原县隆兴昌镇社区卫生服务中心,内蒙古
56923,52094146,湛江开发区仁瑞医院,广东
56924,52094294,协和医院（内蒙古）有限公司,内蒙古
56925,52094321,北京凯捷伟业科技有限公司-仓库,北京
56926,52094427,重庆大健康健康体检管理有限公司,重庆
56927,52094765,南京华银医学检验所有限公司,江苏
56928,52076594,昌平区南口医院,北京
56929,52076629,藁城市中西医结合医院,河北
56930,52094883,乌恰县人民医院,新疆
56931,52023452,宝山区吴淞街道社区卫生服务中心,上海
56932,52023475,西安医学院第二附属医院,陕西
56933,52094998,鹤岗市中医院,黑龙江
56934,52023491,铜川矿务局中心医院,陕西
56935,52076820,平南县中医医院,广西
56936,52076998,武汉华大医学检验所有限公司,湖北
56937,52094876,遵义市中医院,贵州
56938,52076718,赣州市赣县区第三人民医院（赣县区妇幼保健院）,江西
56939,52076767,株洲市中心医院田心院区,湖南
56940,52076790,北京市长青肛肠医院,北京
56941,52076844,赤峰市医院,内蒙古
56942,52076713,北京长安中西医结合医院,北京
56943,52076893,重庆市沙坪坝区妇幼保健院,重庆
56944,52094851,河南宏力医院,河南
56945,52094954,辽宁雅仕杰医学检验有限公司,辽宁
56946,52076676,吉林省监狱管理局中心医院,吉林
56947,52076919,抚顺市第二医院,辽宁
56948,52064607,无锡市新区医院,江苏
56949,52076623,呼伦贝尔市第三人民医院（呼伦贝尔市精神卫生中心）,内蒙古
56950,52066212,楚雄州禄丰县人民医院,云南
56951,52023488,陕西省人民医院,陕西
56952,52066233,贵州医科大学附属肿瘤医院,贵州
56953,52066428,百色市田阳县中医院,广西
56954,52066494,昆明医科大学,云南
56955,52066532,中国人民解放军第四零五医院,山东
56956,52066839,眉山市仁寿县第二人民医院,四川
56957,52066539,来宾市卫校附院,广西
56958,52066781,辽宁省健康产业集团铁煤总医院,辽宁
56959,52066541,来宾市妇幼保健院,广西
56960,52066696,蒙阴县妇幼保健院,山东
56961,52066103,张家界市永定区妇幼保健院,湖南
56962,52066268,青海省妇女儿童医院,青海
56963,52094852,连平县第二人民医院,广东
56964,52094930,蕲春县李时珍医院,湖北
56965,52066488,汕头大学精神卫生中心,广东
56966,52095172,呼和浩特市春明医院,内蒙古
56967,52066430,宁波东易专科医院有限公司,浙江
56968,52094873,东莞市精神卫生中心（东莞新涌医院）,广东
56969,52094994,韶关市职业病防治院(韶关市第二人民医院),广东
56970,52094995,台山市第二人民医院,广东
56971,52095195,英德市桥头镇卫生院,广东
56972,52094848,菏泽市郓城县郭屯镇中心卫生院,山东
56973,52094997,北京市朝阳区东湖社区卫生服务中心,北京
56974,52094654,江津西城医院,重庆
56975,52095399,上饶市中医院,江西
56976,52095374,芷江县中医医院,湖南
56977,52095401,新干县中医院,江西
56978,52066454,成都国光电气股份有限公司医院,四川
56979,52066534,上海市长航医院,上海
56980,52023411,浦东新区凌桥卫生院,上海
56981,52023414,上海市浦东医院,上海
56982,52066038,上海北加生化试剂有限公司,上海
56983,52066543,巴彦淖尔市五原县社区卫生体检中心,内蒙古
56984,52066936,新沂市妇幼保健所,江苏
56985,52095413,广东省梅州市梅县区中医医院,广东
56986,52095456,英德市黄花镇卫生院,广东
56987,52065697,常州市钟楼区永红街道社区卫生服务中心,江苏
56988,52023419,上海市杨浦区平凉社区卫生服务中心,上海
56989,52066847,北京二十一世纪医院有限公司,北京
56990,52023432,上海中医药大学附属曙光医院东院,上海
56991,52023444,徐汇区徐家汇街道社区卫生服务中心,上海
56992,52069612,怀集县精神病医院,广东
56993,52023457,上海市徐汇区田林街道社区卫生服务中心,上海
56994,52023420,普陀区人民医院,上海
56995,52066919,莆田市仙游县妇幼保健院,福建
56996,52023469,长治医学院附属和平医院,山西
56997,52023470,长治市人民医院,山西
56998,52094847,慈溪市横河中心卫生院,浙江
56999,52094877,东莞长安厦边医院,广东
57000,52066921,重庆嘉陵医院有限公司,重庆
57001,52066988,阜阳市太和县人民医院,安徽
57002,52095433,册亨县人民医院,贵州
57003,52095457,山东颐养健康集团双山医院,山东
57004,52095461,新乡医学院第一附属医院滑县医院,河南
57005,52095400,上饶市第三人民医院,江西
57006,52095519,淮河能源控股集团有限责任公司职业病防治院,安徽
57007,52069851,常山县人民医院（常山县人民医院医疗服务共同体）,浙江
57008,52095140,正大天晴药业集团南京顺欣制药有限公司,江苏
57009,52095043,深圳卓康门诊部,广东
57010,52066854,北京市丰台区老年人协会莲花池康复医院,北京
57011,52069606,菏泽市中医医院,山东
57012,52095432,雄县中医医院,河北
57013,52076786,深圳美中宜和医疗投资管理有限公司,广东
57014,52023494,山西省肿瘤医院,山西
57015,52095405,镇沅县振太镇中心卫生院,云南
57016,52095484,宁夏回族自治区人民医院(西夏分院),宁夏
57017,52095529,临沂市妇女儿童医院(滨河院区),山东
57018,52095386,赣州市第五人民医院,江西
57019,52095568,厦门医学院附属口腔医院,福建
57020,52066859,上海广慈医学高科技公司,上海
57021,52095458,济南国医堂医院,山东
57022,52066800,内蒙古阿拉善盟阿拉善右旗蒙医医院,内蒙古
57023,52095472,黑龙江省宁安农场医院,黑龙江
57024,52095505,哈尔滨血液病肿瘤研究所,黑龙江
57025,52095543,荆州市中医医院,湖北
57026,52095549,南昌大学附属口腔医院,江西
57027,52095541,武汉市爱尔眼科医院,湖北
57028,52095516,西安曲江妇产医院有限公司,陕西
57029,52095652,南宁爱尔眼科医院,广西
57030,52095647,贵阳爱尔眼科医院有限公司,贵州
57031,52095674,松阳县人民医院,浙江
57032,52095679,长沙唯嘉医疗管理有限公司,湖南
57033,52095643,江西省皮肤病专科医院,江西
57034,52095686,运城市妇幼保健院(运城市儿童医院),山西
57035,52095720,临沂市人民医院北城新区医院,山东
57036,52095683,晋城市妇幼保健计划生育服务中心-新院区,山西
57037,52095688,运城盈康一生总医院（运城第一医院）,山西
57038,52095563,肇庆市高要区妇幼保健院,广东
57039,52095666,南宁市第九人民医院,广西
57040,52095680,长沙金域医学检验所有限公司（长沙乐好妇产医院）,湖南
57041,52095659,修文百信医院,贵州
57042,52095634,新疆佳音医院吐鲁番分医院,新疆
57043,52095711,勃利县中医院,黑龙江
57044,52095772,贵州天健七十三医院,贵州
57045,52095588,青海省藏医院,青海
57046,52095757,监利县中医院,湖北
57047,52095691,中国人民解放军中部战区空军医院,山西
57048,52095201,迪庆藏族自治州人民医院,云南
57049,52095175,海南一龄医疗产业发展有限公司,海南
57050,52095299,BD-北京凯捷伟业科技有限公司,北京
57051,52095317,BD-甘肃瑞琪医疗设备有限公司-收货,甘肃
57052,52095318,BD-杭州迪安基因工程有限公司-收货,浙江
57053,52095337,BD-陕西君耀体外诊断试剂有限公司-收货,陕西
57054,52095171,二连浩特市妇幼保健所,内蒙古
57055,52095565,枣庄市立第二医院,山东
57056,52095547,舟山市普陀区中医院,浙江
57057,52095615,普洱市人民医院妇女儿童医院,云南
57058,52095198,盐城市响水县响水镇卫生院,江苏
57059,52095423,邵阳市中西医结合医院,湖南
57060,52095734,长春迪安医学检验所有限公司,吉林
57061,52095804,武冈云山医院,湖南
57062,52095830,公主岭名泽医院,吉林
57063,52095849,泰州泽泰综合门诊有限公司,江苏
57064,52095850,远大赛威信生命科学（南京）有限公司,江苏
57065,52095703,乌兰县蒙医医院,青海
62200,52096808,故城县中医院,河北
57066,52095795,聊城千岛山庄医院,山东
57067,52095813,北京海淀区温泉镇社区卫生服务中心,北京
57068,52095817,西安天骄疗养服务有限公司,陕西
57069,52095730,上海荻硕贝肯医学检验所有限公司,上海
57070,52023521,中国人民解放军北部战区总医院,辽宁
57071,52095514,重庆市永川海名微中西医结合医院,重庆
57072,52023518,沈阳二四五医院,辽宁
57073,52066940,苏州市相城区计划生育指导站,江苏
57074,52066942,南通市海安县划生育指导站,江苏
57075,52066954,淮安市洪泽区妇幼保健院,江苏
57076,52066956,淮安市盱眙县计划生育指导站,江苏
57077,52066964,盐城市响水县划生育指导站,江苏
57078,52066974,镇江市润州区计划生育宣传指导站,江苏
57079,52066976,泰州市计划生育指导所,江苏
57080,52066982,泰州市高港区计划生育指导站,江苏
57081,52069615,台州恩泽医疗中心（台州恩泽医院）,浙江
57082,52077220,深圳市光明区人民医院(东院区),广东
57083,52077236,杭州市儿童医院,浙江
57084,52077410,丰顺县中医院,广东
57085,52095970,嵩县人民医院,河南
57086,52095945,遵义迪安医学检验中心有限公司,贵州
57087,52095933,江西省上高县人民医院,江西
57088,52066920,保山市安利医院有限责任公司,云南
57089,52095906,长顺县人民医院,贵州
57090,52095959,呼伦贝尔市海拉尔区玛丽妇产医院,内蒙古
57091,52095973,合浦县妇幼保健院,广西
57092,52095996,浦北县中医医院,广西
57093,52069714,深圳华大医学检验实验室,广东
57094,52070267,深圳市核子基因科技有限公司,广东
57095,52023527,沈阳医学院附属中心医院,辽宁
57096,52067029,新和县人民医院,新疆
57097,52077296,拜城县人民医院,新疆
57098,52095842,五常市五常镇医院,黑龙江
57099,52070276,宁德市闽东医院,福建
57100,52070506,北京市房山区精神病医院,北京
57101,52095875,烟台鲁东医院,山东
57102,52070336,北京博尔诚医学检验所,北京
57103,52070590,华润医药商业集团有限公司,北京
57104,52066782,赣州市中医院,江西
57105,52077646,深圳燕罗塘医院,广东
57106,52070084,大连理工大学,辽宁
57107,52077176,东软熙康体检中心大连店,辽宁
57108,52096027,惠阳长安医院,广东
57109,52077691,钦州市妇幼保健院,广西
57110,52077631,天津权健肿瘤医院,天津
57111,52095587,盐城市第四人民医院,江苏
57112,52095617,广元市第二人民医院,四川
57113,52070233,邯郸市磁县人民医院,河北
57114,52077211,爱科恩临床医学研究（北京）有限公司,北京
57115,52095583,中国人民解放军联勤保障部队第903医院机场路分院,浙江
57116,52096075,沂源县中医医院,山东
57117,52096121,哈尔滨市第一专科医院,黑龙江
57118,52070196,徐闻县第二人民医院,广东
57119,52095798,苏州新世纪儿童医院,江苏
57120,52095816,盐城市第二人民医院,江苏
57121,52096008,沧源县人民医院,云南
57122,52070670,泸州市纳溪区人民医院,四川
57123,52095864,常州瑞金医院,江苏
57124,52096020,汕头市澄海区人民医院,广东
57125,52096023,饶平县人民医院,广东
57126,52070849,山西迪安医学检验中心有限公司,山西
57127,52070892,渭南经济技术开发区人民医院,陕西
57128,52070852,中国药科大学新药安全评价研究中心,江苏
57129,52096142,瑞安市锦湖街道卫生院,浙江
57130,52070946,泸水市人口和计划生育局,云南
57131,52071016,重庆迪安医学检验中心有限公司,重庆
57132,52096068,清河县中医院,河北
57133,52096173,枝江市人民医院,湖北
57134,52071071,北京杏园金方国医医院,北京
57135,52071153,营口港医院,辽宁
57136,52071159,营口市妇产儿童医院,辽宁
57137,52070972,阳春市中医院,广东
57138,52070740,东营慈铭门诊部,山东
57139,52071011,鸿运华宁（杭州）生物医药有限公司,浙江
57140,52023554,深圳迈瑞生物医疗电子股份有限公司,广东
57141,52023577,深圳市三九医院有限公司,广东
57142,52096087,台江县人民医院,贵州
57143,52096122,哈尔滨市普宁医院,黑龙江
57144,52096153,广元市精神卫生中心,四川
57145,52096244,绥滨县人民医院,黑龙江
57146,52096273,成都百利多特生物药业有限责任公司,四川
57147,52096219,北京晞景北苑儿童诊所,北京
57148,52096324,荆州市沙市区妇幼保健院,湖北
57149,52096346,金溪县人民医院,江西
57150,52096305,舒城县中医院,安徽
57151,52096488,云南九洲医院有限公司,云南
57152,52096502,文山州妇幼保健院,云南
57153,52096509,巧家县人民医院,云南
57154,52096225,西藏自治区藏医院,西藏
57155,52096513,河池市宜州区人民医院,广西
57156,52096518,容县中医院,广西
57157,52096240,天津脉络生物科技有限公司,天津
57158,52096365,贵溪市中医院,江西
57159,52096233,广州市南沙区灵山医院,广东
57160,52096308,密云县第二人民医院,北京
57161,52096313,北京市东城区朝阳门医院,北京
57162,52096049,杭州瑞金门诊部有限公司,浙江
57163,52095999,包头市第六医院,内蒙古
57164,52096185,山东省鲁南眼科医院,山东
57165,52096253,青岛市昌德妇女儿童医院,山东
57166,52096344,天津市静海区中医医院,天津
57167,52096426,通许丽星中医院综合医院,河南
57168,52096282,颍上县中医院,安徽
57169,52096629,西安市灞桥区中医医院,陕西
57170,52096307,淮南市中医院,安徽
57171,52096644,洛川县医院,陕西
57172,52096367,南昌县人民医院,江西
57173,52096368,井冈山市中心医院,江西
57174,52096649,延长县中医院,陕西
57175,52096333,厦门市鼓浪屿干部疗养院,福建
57176,52096653,志丹县中医医院,陕西
57177,52096658,神木县中医院,陕西
57178,52096326,巴东县中医医院,湖北
57179,52096353,瑞昌市妇幼保健院,江西
57180,52096386,文昌市人民医院,海南
57181,52096389,遂溪县妇幼保健院,广东
57182,52096393,湛江市第四人民医院,广东
57183,52096422,淇县人民医院,河南
57184,52096414,卢氏县人民医院,河南
57185,52096427,杞县人民医院,河南
57186,52096428,尉氏县人民医院,河南
57187,52096440,汤阴县人民医院（安阳市第八人民医院）,河南
57188,52096245,信阳职业技术学院附属医院,河南
57189,52096569,菏泽开发区中心医院(菏泽曹州医院）,山东
57190,52096409,上蔡县人民医院,河南
57191,52096373,新余矿业医院,江西
57192,52096420,西平县中医院,河南
57193,52096434,河南省煤炭总医院,河南
57194,52096442,沁阳市公费医疗医院,河南
57195,52096448,周口卫校附属医院,河南
57196,52096479,新绛县中医院,山西
57197,52096480,运城市中医医院,山西
57198,52096511,南宁市第一人民医院琅东分院,广西
57199,52096486,大同市平城中医院,山西
57200,52096553,北京市朝阳区将台第二社区卫生服务中心,北京
57201,52096776,龙口市妇幼保健院,山东
57202,52096499,师宗县中医院,云南
57203,52096587,渭南市中医医院,陕西
57204,52096501,富源县妇幼保健计划生育服务中心,云南
57205,52096622,蒲城县妇幼保健院,陕西
57206,52096630,旬邑县中医医院,陕西
57207,52096633,淳化县中医医院,陕西
57208,52096636,永寿县中医医院,陕西
57209,52096638,咸阳市口腔医院,陕西
57210,52096642,三原县中医医院,陕西
57211,52096677,永寿县人民医院,陕西
57212,52096681,成都市龙泉驿区中医医院,四川
57213,52096742,北镇市人民医院,辽宁
57214,52096745,海城市中医院,辽宁
57215,52096697,眉山市东坡区中医骨伤科医院,四川
57216,52096698,洪雅县人民医院,四川
57217,52096506,红河州第四人民医院,云南
57218,52096527,科左中旗蒙医院,内蒙古
57219,52096533,北京市怀柔区雁栖医院,北京
57220,52096547,北京优翔国际医疗投资管理有限公司,北京
57221,52096560,菏泽市牡丹区中心医院,山东
57222,52096571,海东地区人民医院,青海
57223,52096573,都兰县蒙藏医医院,青海
57224,52096578,称多县人民医院,青海
57225,52096579,青海省湟中县第一人民医院,青海
57226,52096598,玉门市第一人民医院,甘肃
57227,52096605,临夏市民族医院,甘肃
57228,52096607,甘南州人民医院,甘肃
57229,52096613,民乐县人民医院,甘肃
57230,52096616,格尔木市妇幼保健院,青海
57231,52096618,大通回族土族自治县中医院,青海
57232,52096665,华亭市第一人民医院,甘肃
57233,52096673,天水市第四人民医院,甘肃
57234,52096562,郓城县妇幼保健院,山东
57235,52096610,麦积康宁医院,甘肃
57236,52096624,西安630医院,陕西
57237,52096689,大竹县中医院,四川
57238,52096693,四川华蓥山广能（集团）有限责任公司总医院,四川
57239,52096716,遂宁市民康医院,四川
57240,52096719,江油市中医院,四川
57241,52096722,南充市身心医院,四川
57242,52096531,北京国门医院,北京
57243,52096736,彰武县中医医院,辽宁
57244,52096739,灯塔市中医院,辽宁
57245,52096740,沈阳市和平区妇婴医院,辽宁
57246,52096725,巴州区第三人民医院,四川
57247,52096727,南充市妇孺医院,四川
57248,52070258,上海市浦东新区沪东社区卫生服务中心,上海
57249,52070182,天津医科大学总医院滨海医院,天津
57250,52070588,北京华诚晟徽医疗科技有限公司,北京
57251,52096756,广汉市第二人民医院,四川
57252,52096801,北京市昌平区天通苑中医医院,北京
57253,52096802,北京民康医院,北京
57254,52096803,北京市海淀区北下关社区卫生服务中心,北京
57255,52096785,射阳县中医院,江苏
57256,52096818,思南县民族中医院,贵州
57257,52096820,印江土家族苗族自治县民族中医院,贵州
57258,52096831,息烽县中医院,贵州
57259,52096558,单县妇幼保健院,山东
57260,52070339,奇台县妇幼保健医院,新疆
57261,52077722,天津市滨海新区塘沽妇产医院,天津
57262,52096832,修文县人民医院,贵州
57263,52096839,贵定县人民医院,贵州
57264,52096840,金沙县中医院,贵州
57265,52077810,包头市九原区人民医院,内蒙古
57266,52096851,巍山彝族回族自治县人民医院,云南
57267,52096859,福贡县人民医院,云南
57268,52096761,威远县第三人民医院,四川
57269,52096747,丽水市莲都区人民医院,浙江
57270,52096819,贞丰县人民医院,贵州
57271,52096806,魏县第二人民医院,河北
57272,52096807,涉县妇幼保健院,河北
57273,52096811,鹿泉市人民医院,河北
57274,52096838,安顺市妇幼保健院,贵州
57275,52096796,北京京煤集团总医院大台医院,北京
57276,52096852,耿马县人民医院,云南
57277,52096853,永德县人民医院,云南
57278,52096861,凤庆县中医医院,云南
57279,52096863,永德县中医院,云南
57280,52096915,托里县人民医院,新疆
57281,52096865,云龙县人民医院,云南
57282,52096918,乌苏市中医医院,新疆
57283,52096866,宁洱哈尼族彝族自治县人民医院,云南
57284,52096937,解放军第十五医院,新疆
57285,52096871,双柏县人民医院,云南
57286,52096997,北京德胜门中医院,北京
57287,52096998,北京市宣武区天桥医院,北京
57288,52096975,陕西理工学院南区校医院,陕西
57289,52097011,重庆市奉节县妇幼保健院,重庆
57290,52096980,宝鸡市第三人民医院,陕西
57291,52096875,深圳市龙岗区第五人民医院,广东
57292,52096877,新丰县中医院,广东
57293,52096878,深圳市龙岗区第四人民医院,广东
57294,52096879,深圳市大鹏新区南澳人民医院,广东
57295,52096812,沙河市人民医院,河北
57296,52096893,会同县妇幼保健院,湖南
57297,52096895,麻阳苗族自治县中医医院,湖南
57298,52096898,宁远县中医医院,湖南
57299,52096951,青铜峡市中医医院,宁夏
57300,52096954,宁夏回族自治区贺兰县中医院,宁夏
57301,52096955,海原县中医医院,宁夏
57302,52097030,中铁四局集团第四工程有限公司职工医院,安徽
57303,52096872,景洪市中傣医医院,云南
57304,52096873,广东省荣誉军人康复医院,广东
57305,52096917,石河子纺织医院,新疆
57306,52096943,宁夏宝石花长庆医院,宁夏
57307,52096957,汉阴县妇幼保健院,陕西
57308,52096958,汉滨区第三人民医院,陕西
57309,52096961,岚皋县人民医院,陕西
57310,52096982,平罗县中医院,宁夏
57311,52096989,迁西县人民医院,河北
57312,52096991,崇礼县中医院,河北
57313,52096994,河间市中医院,河北
57314,52096974,西安迪安-城固县航空新城医院,陕西
57315,52096977,西安日化医院,陕西
57316,52096978,西安一四一医院分院,陕西
57317,52096986,西安唐城医院,陕西
57318,52078300,汶上县人民医院,山东
57319,52096084,陕西国药器械医学诊断试剂有限公司-收货,陕西
57320,52096095,广州市黄埔区红山街社区卫生服务中心,广东
57321,52096113,深圳市大族都安健康管理有限公司,广东
57322,52070672,深圳市中西医结合医院,广东
57323,52071257,齐齐哈尔医学院附属第一医院,黑龙江
57324,52071277,陕西中医药大学附属医院,陕西
57325,52096141,深圳怡康妇产医院,广东
57326,52071165,保山市中医医院,云南
57327,52071081,秦皇岛市骨科医院,河北
57328,52096065,无锡恒康医院有限公司,江苏
57329,52071243,高平市人民医院,山西
57330,52071247,锦州市太和区医院,辽宁
57331,52071376,温岭东方医院,浙江
57332,52071083,秦皇岛市青龙县人民医院,河北
57333,52071273,吴忠市人民医院,宁夏
57334,52071478,敦煌市医院,甘肃
57335,52071458,上海兰卫佳生医药科技有限公司,上海
57336,52071162,驻马店市第一人民医院,河南
57337,52096170,天津市医科大学口腔医院,天津
57338,52071484,北京市丰台区右安门社区服务中心,北京
57339,52071574,汉源县人民医院,四川
57340,52097016,重庆市万州区中医院,重庆
57341,52071642,通辽霍林郭勒市人口和计划生育服务站,内蒙古
57342,52096182,呼伦贝尔市第二人民医院,内蒙古
57343,52071524,张家口市张北县医院,河北
57344,52097038,上海交通大学医学院附属上海儿童医学中心海南医院,海南
57345,52097058,山东省第一康复医院,山东
57346,52097039,中国科学技术大学附属第一医院(安徽省立医院)感染病院区(住院部),安徽
57347,52071766,英德市东华镇中心卫生院（英德市东华医院）,广东
57348,52071526,漯河市中医院,河南
57349,52071473,河南中恒雅泰医疗检验技术有限公司,河南
57350,52097064,中置盛京老年病医院,辽宁
57351,52097067,庄河市中心医院北院,辽宁
57352,52097139,玉溪九洲医院,云南
57353,52097140,昆明妇产科医院,云南
57354,52097167,兰陵县东方社区卫生服务站,山东
57355,52097073,江门市江海区中西医结合医院,广东
57356,52071659,凉山州德昌县中医院,四川
57357,52096184,乌鲁木齐市口腔医院,新疆
57358,52071673,唐山玉田县妇幼保健院,河北
57359,52071741,克孜勒苏柯尔克孜自治州人民医院,新疆
57360,52071817,厦门宝太生物科技股份有限公司,福建
57361,52077203,沧州市中心医院脑科院区,河北
57362,52071245,葫芦岛市连山区人民医院,辽宁
57363,52077002,呼和浩特新华卓越门诊部,内蒙古
57364,52071335,深圳奥萨医药有限公司,广东
57365,52077563,特克斯县人民医院,新疆
74137,52700004,长岛县中医院,山东
57366,52078485,克拉玛依市雅典娜社区门诊,新疆
57367,52077426,北京管庄第二社区卫生服务中心,北京
57368,52078583,宜昌邦康综合门诊有限公司,湖北
57369,52078681,贵州省司法警察医院,贵州
57370,52077866,永州市中心医院南院,湖南
57371,52078240,枣阳市妇幼保健院,湖北
57372,52078334,霸州市第三医院,河北
57373,52077746,成都市郫都区人民医院,四川
57374,52097147,合肥高新心血管病医院,安徽
57375,52097095,重庆大学附属三峡医院健康管理中心,重庆
57376,52097174,深圳雪象医院,广东
57377,52097027,来安县人民医院,安徽
57378,52096995,白沟新城人民医院,河北
57379,52097059,石家庄市荣复军人疗养院,河北
57380,52097055,沾化县第二人民医院,山东
57381,52077431,湖州新浙北综合门诊部合伙企业,浙江
57382,52097148,霸州广德森医院,河北
57383,52097107,诸暨市浬浦镇中心卫生院,浙江
57384,52071905,蒙阴县中医院,山东
57385,52096303,厦门湖里天伦医院有限公司,福建
57386,52096231,上海功嘉实业有限公司-收货,上海
57387,52096271,成都美美妇产医院,四川
57388,52096682,成都市老年康疗院,四川
57389,52096701,仁寿县骨科医院,四川
57390,52096469,长治市城区人民医院,山西
57391,52096591,渭源县人民医院,甘肃
57392,52096599,兰州市西固区妇幼保健院,甘肃
57393,52097262,合肥京东方医院,安徽
57394,52097182,安徽省立医院感染病院区（门诊）,安徽
57395,52096678,长春中医药大学附属医院定西医院,甘肃
57396,52077943,利川市汪营镇中心卫生院,湖北
57397,52096788,淮安市楚州中医院,江苏
57398,52078461,北京乐健东外门诊部有限公司,北京
57399,52078294,成都市金牛区妇幼保健院,四川
57400,52097265,旬阳市人民医院,陕西
57401,52097181,深圳博瀚医学检验实验室,广东
57402,52097339,昭通市彝良县中医医院,云南
57403,52097271,惠水县妇幼保健院,贵州
57404,52097321,永福县妇幼保健院,广西
57405,52078674,朝阳市第四医院,辽宁
57406,52097352,杭州天瑞医院,浙江
57407,52097356,龙游肿瘤医院,浙江
57408,52097359,绍兴城东医院,浙江
57409,52097247,上海普恩海汇医学检验所有限公司,上海
57410,52097291,北京百汇朝外诊所,北京
57411,52078454,上海新瑞医疗中心,上海
57412,52097343,上海白泽医学检验所有限公司,上海
57413,52078406,浙江大学医学院附属第四医院,浙江
57414,52097355,厦门翔安平安桥医院,福建
57415,52078790,衡水卫生学校附属医院,河北
57416,52023483,晋中市第二人民医院,山西
57417,52023576,深圳市龙岗区布吉预防保健所,广东
57418,52097409,山南市人民医院,西藏
57419,52097399,汕尾市陆丰健安医院,广东
57420,52097462,平潭县平原中心卫生院,福建
57421,52097389,大厂回族自治县中医医院,河北
57422,52097386,松原市宁江区同心医院,吉林
57423,52023589,河北医科大学第四医院,河北
57424,52097303,上海德达医院,上海
57425,52023590,北京市石景山区中医医院,北京
57426,52023500,榆林市星元医院,陕西
57427,52097513,泗洪县妇产医院,江苏
57428,52097451,上海市黄浦区半淞园街道社区卫生服务中心,上海
57429,52023499,阳泉市第一人民医院,山西
57430,52023598,首都对外经济贸易大学校医院,北京
57431,52023582,四川省肿瘤医院,四川
57432,52023629,中华人民共和国深圳海关,广东
57433,52097531,普瑞基准科技（北京）有限公司,北京
57434,52023565,深圳市罗湖区人民医院,广东
57435,52023644,太原市商业职工医院,山西
57436,52096867,大理州中医院,云南
57437,52023661,台州市中医院,浙江
57438,52096914,托克逊县人民医院,新疆
57439,52096920,新疆兵团农十三师火箭农场医院,新疆
57440,52096899,桂阳县中医医院,湖南
57441,52096901,邵阳县妇幼保健院,湖南
57442,52097012,永川市妇幼保健院,重庆
57443,52078826,曲靖市罗平县人民医院,云南
57444,52096929,鄯善县妇幼保健院,新疆
57445,52096935,哈密市妇幼保健医院,新疆
57446,52096940,呼图壁县中医医院,新疆
57447,52078747,上海华测艾普医学检验所有限公司,上海
57448,52078770,台州市路桥区第二人民医院,浙江
57449,52079091,深圳市龙岗区第八人民医院,广东
57450,52078979,仪陇县妇幼保健院,四川
57451,52078899,武夷山市妇幼保健院,福建
57452,52078921,廊坊矿区第一医院,河北
57453,52079065,九江市修水县妇幼保健院,江西
57454,52079071,九江市妇幼保健院,江西
57455,52097553,重庆市公共卫生医疗救治中心平顶山分院,重庆
57456,52097540,宁波鄞州华茂医院,浙江
57457,52097578,潍坊960不孕不育研究院,山东
57458,52097591,上海度微医学检验所有限公司,上海
57459,52071632,巴彦淖尔市临河区人民医院,内蒙古
57460,52071640,五原县妇幼保健计划生育服务中心,内蒙古
57461,52071688,天津市第一中心（滨海）医院,天津
57462,52071754,重庆市南岸区妇幼保健院,重庆
57463,52097599,河源华信泰康医院有限公司,广东
57464,52097615,四川省司法警官总医院,四川
57465,52097500,乌兰察布颐寿康复护理医院,内蒙古
57466,52072010,广州医科大学第一附属医院海印分院,广东
57467,52072216,防城港市第一人民医院,广西
57468,52097090,连云港市灌云县精神病院,江苏
57469,52071822,肇庆市四会市中医院,广东
57470,52072137,兴化市人民医院,江苏
57471,52097111,陈巴尔虎旗蒙医医院,内蒙古
57472,52097195,成都安琪儿妇产医院(蜀汉院区),四川
57473,52097692,威海市胸科医院（威海市传染病医院）,山东
57474,52097319,重庆民众体检中心,重庆
57475,52097639,哈尔滨市香坊区和平社区卫生服务中心,黑龙江
57476,52097686,郑州奥美康复医院,河南
57477,52097327,包头文治中西医结合医院,内蒙古
57478,52097721,广水市第二人民医院,湖北
57479,52097748,遵义康美健健康体检中心,贵州
57480,52078769,宁波市北仑区妇幼保健院,浙江
57481,52097853,昆明天伦妇产医院,云南
57482,52097714,平度市奉德内分泌糖尿病医院,山东
57483,52078541,厦门万泰凯瑞生物技术有限公司,福建
57484,52097851,秦皇岛玛丽妇科医院,河北
57485,52097852,许昌玛丽妇科医院,河南
57486,52097316,无锡民众体检中心,江苏
57487,52078539,宁波鄞州区计划生育宣传技术指导站,浙江
57488,52097749,贵阳市观山湖区世纪城卫生服务中心,贵州
57489,52097655,北京市丰台区东高地街道万东社区卫生服务站,北京
57490,52097656,北京市丰台区东高地街道益丰园社区卫生服务站,北京
57491,52097657,北京市大兴区祥医中健医院,北京
57492,52097455,苏州康培朗门诊部,江苏
57493,52072231,安徽省食品药品检验研究院,安徽
57494,52072447,莱州市第二人民医院,山东
57495,52072054,都安瑶族自治县人民医院,广西
57496,52097860,宜阳计划生育服务站,河南
57497,52072366,浙江长兴博济医院,浙江
57498,52097779,沈阳麦克奥迪病理诊断中心有限公司,辽宁
57499,52097812,深圳市锦瑞生物科技有限公司,广东
57500,52097784,临澧县中医院,湖南
57501,52097539,泰康仙林鼓楼医院,江苏
57502,52023603,苏州市眼耳鼻喉科医院,江苏
57503,52097793,睢县中医院,河南
57504,52023622,南方医科大学南方医院,广东
57505,52023611,顺德区聚龙医院,广东
57506,52023635,山东省煤炭泰山疗养院,山东
57507,52023637,台山市黄邝爱莲医院,广东
57508,52023657,太原钢铁（集团）有限公司总医院迎新医院,山西
57509,52079093,湖北省中医院凤凰门诊部,湖北
57510,52078918,四川沃文特生物技术有限公司,四川
57511,52078999,佛山高明杨梅医院有限责任公司,广东
57512,52079121,南京东瑞医院,江苏
57513,52071896,阆中市中医医院,四川
57514,52072332,重庆市万州区妇幼保健院,重庆
57515,52072058,岳西县妇幼保健计划生育服务中心,安徽
57516,52079095,武汉市武东医院,湖北
57517,52072559,北京华都中医医院,北京
57518,52072110,揭阳市揭西县中医医院,广东
57519,52072130,宣城市仁杰医院,安徽
57520,52072306,鹿泉市妇幼保健院,河北
57521,52072573,宁夏回族自治区宁东医院,宁夏
57522,52072716,阳高县人民医院,山西
57523,52072958,中信惠州医院有限公司,广东
57524,52072236,江油市九〇三医院,四川
57525,52023679,天津市公安医院,天津
57526,52023686,天津市中心妇产科医院,天津
57527,52072279,德惠市人民医院,吉林
57528,52097888,东营康之惠健康管理有限公司国贸大厦综合门诊部,山东
57529,52097901,杭州莱和生物技术有限公司,浙江
57530,52097924,东营正骨医院,山东
57531,52072902,腾冲县界头中心卫生院,云南
57532,52097960,广州美兆健康管理有限公司,广东
57533,52097554,临城县人民医院,河北
57534,52097565,江西省长征医院,江西
57535,52097583,新河县人民医院,河北
57536,52097621,梅州市五华县龙村镇中心卫生院,广东
57537,52073005,洛阳市第六人民医院,河南
57538,52097819,商丘市睢阳区妇幼保健院,河南
57539,52097746,滁州市第一人民医院（南院区）,安徽
57540,52097859,西安美莱医学美容医院,陕西
57541,52097825,合肥友好医院,安徽
57542,52073127,苏州华测生物技术有限公司,江苏
57543,52072746,贺州市妇幼保健院,广西
57544,52072895,凤翔县人民医院,陕西
57545,52073003,柳林县人民医院,山西
57546,52072782,来宾市武宣县妇幼保健院,广西
57547,52072784,武宣县人民医院,广西
57548,52097818,延津县人民医院,河南
57549,52097865,合浦现代医院,广西
57550,52072969,北京九华医院有限公司,北京
57551,52097474,上海一康康复医院,上海
57552,52097857,沈阳沈大医院,辽宁
57553,52097824,运城市现代妇科医院,山西
57554,52097873,武义县妇幼保健院,浙江
57555,52097917,长子县人民医院,山西
57556,52097571,仪征市人民医院,江苏
57557,52073126,武汉市体育科学研究所,湖北
57558,52097886,娄底市卫校附属医院,湖南
57559,52078815,剑川县人民医院,云南
57560,52078901,大田县妇幼保健院,福建
57561,52097858,大连辛寨子中西医结合医院,辽宁
57562,52097963,北京四惠中医医院,北京
57563,52079522,天津多克隆临检,天津
57564,52079080,漳州市医院朝阳分院,福建
57565,52079084,云南省人口和计划生育科学技术研究所,云南
57566,52080128,新疆医科大学第七附属医院,新疆
57567,52080364,青岛市市北区妇幼保健院,山东
57568,52079686,朝阳市中医院,辽宁
57569,52097998,深圳市辰纳生物科技有限公司,广东
57570,52098005,普洱博亚肾脏病医院,云南
57571,52080287,保定牡丹妇婴医院,河北
57572,52098007,浙江舟山普陀广华医院,浙江
57573,52098008,岱山广华骨伤医院,浙江
57574,52098018,巨野煤田中心医院,山东
57575,52098017,绵阳高新区医院,四川
57576,52080289,沈阳市康平县人民医院,辽宁
57577,52098033,宜昌迪安医学检验实验室,湖北
57578,52098015,磐安县第二人民医院,浙江
57579,52079498,北京市朝阳区结核病门诊部,北京
57580,52098090,六安市人民医院河西分院,安徽
57581,52098100,天津河西普瑞医院,天津
57582,52097660,石横特钢集团有限公司职工医院,山东
57583,52098040,盘州新兴医院,贵州
57584,52097663,泸州长生众康肾病医院,四川
57585,52097674,阳江安琪儿妇产医院,广东
57586,52098126,固始县中医院,河南
57587,52079789,福建泰普生物科学有限公司,福建
57588,52098069,绍兴悦程妇产医院,浙江
57589,52098127,丽水挚爱综合门诊部有限公司,浙江
57590,52097687,洪雅峨眉半山健康管理有限公司,四川
57591,52097757,信宜市新里友好综合门诊部,广东
57592,52097811,济南市天桥区人民医院,山东
57593,52098116,崇左市第二人民医院,广西
57594,52098204,北京家恩德仁医院,北京
57595,52072221,无锡市第二中医医院,江苏
57596,52097753,长子县中医院,山西
57597,52073177,秦皇岛工人医院,河北
57598,52073347,湖南熙康健康管理有限公司仁术熙康综合门诊部,湖南
57599,52073018,江门台山市广海镇中心卫生院,广东
57600,52073235,沭阳县计划生育宣传技术指导站,江苏
57601,52072315,额尔古纳市人民医院,内蒙古
57602,52073371,广西南宁灵康赛诺科生物科技有限公司,广西
57603,52073484,陕西省康复医院,陕西
57604,52073609,眉山市妇幼保健院,四川
57605,52073495,北京奥北中医医院,北京
57606,52073632,北京市朝阳区东风社区卫生服务中心,北京
57607,52073607,梧州市藤县妇幼保健院,广西
57608,52072842,常宁市人民医院,湖南
57609,52072790,邛崃东华医院,四川
57610,52072967,上海瑞新医疗中心有限公司,上海
57611,52072942,宁波市精神病医院,浙江
57612,52073214,第二军医大学东方肝胆外科研究所国家肝癌科学中心,上海
57613,52073179,河北省青县渤海石油装备第一机械厂医院,河北
57614,52098004,海南迪安医学检验中心有限公司,海南
57615,52098014,汕头大学·香港中文大学联合汕头国际眼科中心,广东
57616,52098028,韶关市慢性病防治院,广东
57617,52098199,龙门县妇幼保健院,广东
57618,52097923,重庆市渝东医院,重庆
57619,52097926,枣庄市市中区妇幼保健医院,山东
57620,52098025,北海市人民医院银滩医院,广西
57621,52098202,都安全医疗青岛福州南路诊所,山东
57622,52073430,东丰县中医院,吉林
57623,52072721,泉州德诚医院,福建
57624,52079919,广州市汇翰贸易有限公司,广东
57625,52073290,内蒙古大学,内蒙古
57626,52097909,东乌珠穆沁旗蒙医医院,内蒙古
57627,52098214,上海君实生物医药科技股份有限公司,上海
57628,52098144,曲周县妇幼保健院,河北
57629,52080448,乌兰察布医学高等专科学校附属医院,内蒙古
57630,52098162,磴口县人民医院,内蒙古
57631,52098172,杭州怡丹生物技术有限公司-仓库,浙江
57632,52073762,肥东县中医医院,安徽
57633,52073955,米易县公共卫生医疗服务中心,四川
57634,52073958,繁昌中医院,安徽
57635,52080584,常州市鼎武康复医院,江苏
57636,52098086,涟水县第三人民医院,江苏
57637,52073800,深圳市龙华区妇幼保健院,广东
57638,52073947,常德市第三人民医院,湖南
57639,52073944,白城市洮南神经精神病医院,吉林
57640,52073413,上海市浦东新区公利医院金桥门诊部,上海
57641,52074485,资阳市雁江区妇保健院,四川
57642,52073807,贵阳市乌当区人民医院,贵州
57643,52074442,桂林市社会福利医院,广西
57644,52073598,常州市新北区三井人民医院,江苏
57645,52073715,上海市嘉定区嘉定镇街道社区服务中心,上海
57646,52073761,东明县妇幼保健院,山东
57647,52074023,明光市中医院,安徽
57648,52081022,日照市五莲县中医院,山东
57649,52081184,麻栗坡县人民医院,云南
57650,52081243,深圳爱康国宾科发门诊部,广东
57651,52074027,霍林郭勒市妇幼保健医院,内蒙古
57652,52074113,东营市河口区人民医院,山东
57653,52074452,汉滨区第二医院,陕西
57654,52073892,兰州交通大学校医院,甘肃
57655,52074754,诸城市妇幼保健院,山东
57656,52074068,伊金霍洛旗人民医院,内蒙古
57657,52074351,鄂尔多斯市乌审旗医院,内蒙古
57658,52074617,上海市青浦区盈康护理院,上海
57659,52074505,温州医科大学,浙江
57660,52080907,沈阳市大东区中医院,辽宁
57661,52081213,荥阳市妇幼保健院,河南
57662,52081597,桐庐县中医院,浙江
57663,52080656,泸县第二人民医院,四川
57664,52080705,内江市第三人民医院,四川
57665,52080784,犍为县人民医院,四川
57666,52081083,北京朝阳区麦子店社区卫生服务中心,北京
57667,52080625,澧县妇幼保健院,湖南
57668,52081373,东风公司花果医院,湖北
57669,52081216,三亚中心医院（海南省第三人民医院）,海南
57670,52081438,62030部队医院,北京
57671,52081677,嘉定区征兵体检站,上海
57672,52081789,海南金域医学检验中心有限公司,海南
57673,52081698,广州好运医院,广东
57674,52081525,兰陵县人民医院,山东
57675,52081799,大同煤矿集团有限责任公司职业病防治院,山西
57676,52081856,赣州市兴国县人民医院,江西
57677,52074609,昆皓医学技术咨询(上海)有限公司,上海
57678,52080373,滨州市中医医院,山东
57679,52081253,新乡雅仕杰医学检验所（有限合伙）,河南
57680,52081732,周口市中医院,河南
57681,52080979,上海新华医疗开发公司,上海
57682,52098265,泰康同济（武汉）医院,湖北
57683,52098271,东莞万福妇产医院,广东
57684,52074533,肥东县人民武装部,安徽
57685,52081335,西安市长安区医院,陕西
57686,52073935,罗田县万密斋医院,湖北
57687,52081559,抚顺市清原满族自治县中医院,辽宁
57688,52074154,遂宁市第一人民医院,四川
57689,52074966,中国人民解放军广州海军医院,广东
57690,52075387,丘北县人民医院,云南
57691,52075382,贵港市第二人民医院,广西
57692,52081923,北京市丰台区妇幼保健院,北京
57693,52081886,上海市青浦区朱家角人民医院,上海
57694,52081895,昆明市第二人民医院,云南
57695,52081896,玉溪市中医院,云南
57696,52081801,杭州艾迪康医学实验室-乐清开发区医院有限公司分点,浙江
57697,52098259,四川大学华西第二医院锦江院区,四川
57698,52081563,哈尔滨市双城区人民医院,黑龙江
57699,52081615,鄂尔多斯东胜医院,内蒙古
57700,52081913,鄂尔多斯市中医院,内蒙古
57701,52075135,辽宁辉山乳业集团有限公司,辽宁
57702,52081954,敦化市中医院,吉林
57703,52081965,辽源市妇婴医院,吉林
57704,52081967,辽源市西安区人民医院,吉林
57705,52081968,辽源市龙山区人民医院,吉林
57706,52081974,吉林省电力医院,吉林
57707,52081979,长春市南关区曙光医院,吉林
57708,52081959,白城市传染病医院,吉林
57709,52081934,首都医科大学附属北京同仁医院丰台同仁京苑医院,北京
57710,52075022,浙江大学医学院附属邵逸夫医院下沙院区,浙江
57711,52075508,云南圣约翰心脏病医院,云南
57712,52074531,武汉欣益康医疗科技有限公司,湖北
57713,52081929,北京市羊坊店医院,北京
57714,52081993,广汉市妇幼保健院,四川
57715,52082018,东营市东营区中心医院,山东
57716,52098255,吕梁市中医院,山西
57717,52098354,重庆市渝北区妇幼保健计划生育服务中心,重庆
57718,52082009,固原市人民医院,宁夏
57719,52082043,晋中市妇幼保健院,山西
57720,52082044,汾西矿业集团总医院,山西
57721,52082064,广东省第二人民医院民航院区,广东
57722,52081299,南京市六合区妇幼保健所,江苏
57723,52098332,上海思路迪生物医学科技有限公司,上海
57724,52074776,大连市金州区中医医院,辽宁
57725,52098363,丹东新区医院,辽宁
57726,52098418,北京椿萱茂凯健养老服务,北京
57727,52081487,淄博市周村区妇幼保健医院,山东
57728,52098340,北京香山医院,北京
57729,52098243,柘城县妇幼保健院,河南
57730,52075408,张家港市中医医院,江苏
57731,52098530,开原市中医医院,辽宁
57732,52075507,海克维尔基因（北京）研究院,北京
57733,52075540,重庆市高新区人民医院,重庆
57734,52098410,国际医学生殖中心,陕西
57735,52075535,湖北省人民医院东院,湖北
57736,52098454,慈铭健康体检管理集团有限公司北京奥亚医院,北京
57737,52098411,昌邑宏伟综合门诊部,山东
57738,52098536,郑州金域临床检验中心有限公司,河南
57739,52098416,上海凯健华鹏老年服务,上海
57740,52098417,上海凯健华展老年护理有限公司保健站,上海
57741,52098420,上海丽铂医疗美容门诊部,上海
57742,52098341,湛江麻章辉文医院,广东
57743,52098469,四川科伦博泰生物医药股份有限公司,四川
57744,52098539,揭阳仁济医院有限公司,广东
57745,52098499,广州迈景基因医学科技有限公司,广东
57746,52098348,古县医疗集团（古县人民医院）,山西
57747,52098353,重庆两江新区人民医院,重庆
57748,52098532,苏州大学附属第四医院,江苏
57749,52098575,抚州市临川区第三人民医院,江西
57750,52098552,广州凯普医学检验所有限公司,广东
57751,52098588,爱尔眼科医院集团股份有限公司,湖南
57752,52098628,哈尔滨国生生物科技股份有限公司,黑龙江
57753,52098503,宁陵县人民医院,河南
57754,52075158,上海市第一妇婴保健院东院,上海
57755,52098517,青岛坤如玛丽老年病医院有限公司,山东
57756,52098580,枣庄市妇幼保健院老院,山东
57757,52075391,大连市妇女儿童医疗中心（集团）体育新城院区,辽宁
57758,52075166,新华重庆健康管理中心,重庆
57759,52081903,包头市达茂旗医院,内蒙古
57760,52082069,五华县人民医院,广东
57761,52082081,清远市佛冈县妇幼保健院,广东
57762,52098586,北京市海淀区上地园区社区卫生服务中心,北京
57763,52082070,汕头市人民医院金平院区,广东
57764,52082080,清远市中医院,广东
57765,52081919,阿拉善左旗蒙中医院,内蒙古
57766,52098610,承德围场妇幼保健院,河北
57767,52082142,盐城市中医院,江苏
57768,52082008,天津市蓟县人民医院,天津
57769,52098771,大石桥市中医院,辽宁
57770,52098738,新疆塔城地区妇幼保健院,新疆
57771,52098739,赤峰市精神病防治院,内蒙古
57772,52098772,中国人民武装警察部队西藏总队医院,西藏
57773,52098787,巩义市中医院,河南
57774,52098789,河南省省直第一医院,河南
57775,52098790,河南省胸科医院西院区,河南
57776,52098791,获嘉县人民医院,河南
57777,52098808,杭州市富阳区第二人民医院,浙江
57778,52098809,杭州市富阳区第三人民医院,浙江
57779,52098836,陕西沣东国际医院,陕西
57780,52098614,汉中市铁路中心医院,陕西
57781,52098662,威海市中心医院科技城分院,山东
57782,52098818,砀山县中医医院,安徽
57783,52098833,苏州市第七人民医院（苏州大学附属第二医院浒关分院）,江苏
57784,52098620,魏县妇幼保健院,河北
57785,52098802,费县妇幼保健院,山东
57786,52098875,徐水县人民医院,河北
57787,52098881,山西省昔阳县人民医院,山西
57788,52098882,和顺县人民医院,山西
57789,52098886,易县妇幼保健院,河北
57790,52098887,涞水县妇幼保健院,河北
57791,52098895,阜平县中医院,河北
57792,52098914,围场县中医院,河北
57793,52098917,滦平县妇幼保健院,河北
57794,52098924,晋州市中医院,河北
57795,52098927,井陉县妇幼保健院,河北
57796,52098931,迁西县妇幼保健院,河北
57797,52098770,辽河油田妇幼医院,辽宁
57798,52098792,河南省信阳市固始县人民医院(老院区),河南
57799,52098736,贵州医科大学第二附属医院翁义病区,贵州
57800,52098935,乐亭县中医院,河北
57801,52098829,重庆美兆医院管理有限公司华融门诊部,重庆
57802,52098860,黟县人民医院,安徽
57803,52098672,吉林威尔斯肿瘤医院有限公司,吉林
57804,52098697,哈尔滨和美妇产医院,黑龙江
57805,52081999,西南医科大学附属中医医院,四川
57806,52098865,寻乌县中医院,江西
57807,52082181,唐山市眼科医院,河北
57808,52082183,唐山市第二医院,河北
57809,52082184,唐山市第五医院,河北
57810,52082188,张家口市万全县中医院,河北
57811,52082189,张家口市万全区医院,河北
57812,52082195,张家口市宣化区中医院,河北
57813,52082222,河北省优抚医院,河北
57814,52082227,元氏县医院,河北
57815,52082228,石家庄市动力机械厂职工医院,河北
57816,52098595,济南北城医院,山东
57817,52098666,杭州红房子妇产医院,浙江
57818,52075420,古田东区医院有限公司,福建
57819,52075456,莆田妇产专科医院,福建
57820,52082160,萍乡市中医院,江西
57821,52082162,广东省人民医院赣州医院,江西
57822,52082071,河源市中医院,广东
57823,52082075,深圳市宝安区中医院,广东
57824,52082076,深圳市宝安区福永人民医院,广东
57825,52098837,安丘市妇幼保健院,山东
57826,52082127,伊犁哈萨克自治州中医院,新疆
57827,52098856,凤台县中医院,安徽
57828,52098969,定襄县人民医院,山西
57829,52098970,岢岚县人民医院,山西
57830,52098992,交口县人民医院,山西
57831,52082095,北海市中医院,广西
57832,52098938,新安县人民医院,河南
57833,52098996,全州县人民医院,广西
57834,52098942,宁陵县中医院,河南
57835,52098946,义马市人民医院,河南
57836,52098947,河南省登封市妇幼保健院,河南
57837,52099111,南京美兆健康管理有限公司新街口门诊部,江苏
57838,52099118,长丰县中医医院,安徽
57839,52098973,芮城县妇幼保健院,山西
57840,52098990,运城市临猗县人民医院,山西
57841,52099003,钟祥市妇幼保健院,湖北
57842,52099006,桃源县妇幼保健计划生育服务中心,湖南
57843,52099112,湘潭县中医医院,湖南
57844,52098985,天津市民族医院,天津
57845,52098943,郏县妇幼保健院（老院区）,河南
57846,52098944,鲁山县中医院（老院区）,河南
57847,52099053,金乡县计划生育妇幼保健服务中心,山东
57848,52098979,济源市妇幼保健院（老院区）,河南
57849,52099082,山东宏葵医学检验实验室股份有限公司,山东
57850,52099052,成武东大中医医院,山东
57851,52098988,盂县人民医院,山西
57852,52099019,新田县中医医院,湖南
57853,52099033,镇巴县中医院,陕西
57854,52099067,海林市妇幼保健院,黑龙江
57855,52099123,广州市白云区永平街社区卫生服务中心,广东
57856,52099144,莱阳市第一人民医院,山东
57857,52099065,长沙市第九医院,湖南
57859,52099097,河北省遵化市中医院,河北
57860,52099098,河北省遵化市妇幼保健院,河北
57861,52099177,眉山泌尿外科医院,四川
57862,52099094,香格里拉市妇幼保健院,云南
57863,52099119,商河县中医院,山东
57864,52099120,建水县中医医院,云南
57865,52099228,鸡西矿业集团机电总厂医院,黑龙江
57866,52099260,昆明市晋宁区妇幼保健计划生育服务中心,云南
57867,52099056,达川区人民医院,四川
57868,52099205,无锡美兆门诊部有限公司,江苏
57869,52099160,公安县妇幼保健院,湖北
57870,52099240,浙江大学医学院附属口腔医院,浙江
57871,52099146,易县杏林医院,河北
57872,52099290,萍乡汉和医院,江西
57873,52099176,辽源市人民医院,吉林
57874,52099167,东营华健医院有限公司,山东
57875,52099174,青岛圣林源老年病医院,山东
57876,52099277,天津市河西区康复医院,天津
57877,52099211,巨野县北城医院,山东
57878,52082025,济南市第二人民医院,山东
57879,52099270,景宁畲族自治县人民医院,浙江
57880,52099235,华北石油第一机械厂医院,河北
57881,52082035,浮山县医疗集团（浮山县人民医院）,山西
57882,52082140,中国航天科技集团公司七三八疗养院,江苏
57883,52076116,北京燕竹医院,北京
57884,52098446,鱼台县妇幼保健计划生育服务中心,山东
57885,52099285,首都医科大学附属北京同仁医院托管北京扶正肿瘤医院,北京
57886,52082125,乌鲁木齐市计划生育宣传技术指导所,新疆
57887,52075851,漳州市第五医院,福建
57888,52076080,闸北区北站医院,上海
57889,52075549,衡阳县人民医院,湖南
57890,52075600,中国人民解放军总装备部无锡疗养院,江苏
57891,52076084,南京天伦医院,江苏
57892,52075692,泉州市第一医院（新院）,福建
57893,52075849,武汉市第二中西医结合医院(武汉六七二医院),湖北
57894,52076422,漾濞彝族自治县人民医院,云南
57895,52075949,东营市东城医院,山东
57896,52076089,中山市第二人民医院,广东
57897,52076424,富宁县人民医院,云南
57898,52076500,双鸭山煤炭总医院,黑龙江
57899,52076165,陕西佰美基因股份有限公司,陕西
57900,52076765,扎鲁特旗人民医院,内蒙古
57901,52098681,武汉汇信科技发展有限责任公司,湖北
57902,52098742,昌吉市妇幼保健院,新疆
57903,52098786,四川西昌康复医院,四川
57904,52098801,如皋博爱医院有限公司,江苏
57905,52075602,建昌县人民医院,辽宁
57906,52075739,宁波东方亚健康门诊部有限公司,浙江
57907,52076717,上海远大心胸医院,上海
57908,52076120,岳阳县中医院,湖南
57909,52098883,朔州市山阴县人民医院,山西
57910,52099440,成都锦江爱康君安综合门诊部有限公司,四川
57911,52099459,崇仁县中医院,江西
57912,52099460,广昌县中医院,江西
57913,52082232,无极县中医院,河北
57914,52082237,河北省深泽县医院,河北
57915,52082266,衡水市复员退伍军人精神病院,河北
57916,52099304,鞍山高新医院有限公司,辽宁
57917,52082406,东山县医院,福建
57918,52082407,漳州市云霄县妇幼保健院,福建
57919,52082429,龙岩市上杭县中医院,福建
57920,52082434,龙岩市永定县妇幼保健院,福建
57921,52082439,首钢水钢总医院,贵州
57922,52082441,贵州利美康外科医院,贵州
57923,52082270,衡水市第五人民医院,河北
57924,52082277,邢台市中医院,河北
57925,52082295,邯郸市第五医院,河北
57926,52082297,邯郸市邯邢冶金矿山管理局职工总医院,河北
57927,52082298,邯郸市人民医院,河北
57928,52099465,安远县中医院,江西
57929,52099466,安远县妇女儿童医院,江西
57930,52099478,寻乌县妇幼保健院,江西
57931,52099501,安义县中医院,江西
57932,52099502,南昌县妇幼保健院,江西
57933,52082461,重庆市巴南区人民医院,重庆
57934,52082466,重庆市第七人民医院,重庆
57935,52099334,前海人寿幸福之家养老院,广东
57936,52099439,额敏县妇幼保健院,新疆
57937,52099357,桑珠孜区人民医院,西藏
57938,52099371,连云港裕隆医学检验实验室有限公司,江苏
57939,52099379,北京复兴博爱眼科医院,北京
57940,52099821,延寿县妇幼保健院,黑龙江
57941,52099550,南丰县中医院,江西
57942,52082381,张家川回族自治县第一人民医院,甘肃
57943,52099325,天津市河西区妇产科医院,天津
57944,52082275,河北省荣誉军人康复医院,河北
57945,52099515,德兴市中医院,江西
57946,52099341,遂川县光华医院,江西
57947,52099489,万安县人民医院,江西
57948,52099387,汝州市第一人民医院(老院区),河南
57949,52099259,安徽省公共卫生临床中心(安徽省传染病医院),安徽
57950,52082383,甘肃迪安托管共建-张掖市民乐县中医院,甘肃
57951,52099239,华北石油运输医院,北京
57952,52099409,襄阳市中心医院（北区）,湖北
57953,52099470,江西省宁都县中医院,江西
57954,52099475,瑞金市中医院,江西
57955,52099476,崇义县妇幼保健所,江西
57956,52082335,绍兴文理学院附属医院,浙江
57957,52099477,宁都县妇幼保健院,江西
57958,52099490,浮梁县妇幼保健所,江西
57959,52082346,咸宁市第一人民医院,湖北
57960,52082366,常德市石门县人民医院,湖南
57961,52099354,中国科学院大学深圳医院（光明）光明社区健康服务中心,广东
57962,52082316,缙云县人民医院,浙江
57963,52099556,铜鼓县人民医院,江西
57964,52099567,永新县中医院,江西
57965,52082367,常德市第四人民医院北区,湖南
57966,52099580,高碑店市妇幼保健院,河北
57967,52099581,河北省容城县妇幼保健院,河北
57968,52099582,容城县中医院,河北
57969,52099586,邱县中医院,河北
57970,52099593,成安县中医院,河北
57971,52099597,邱县妇幼保健院,河北
57972,52099606,安平县妇幼保健院,河北
57973,52099612,饶阳县妇幼保健院,河北
57974,52099616,大城县医院,河北
57975,52099617,霸州市妇幼保健院,河北
57976,52099621,青龙满族自治县妇幼保健院,河北
57977,52099623,赞皇县中医院,河北
57978,52099625,正定县妇幼保健站,河北
57979,52099632,南和县中医院,河北
57980,52099636,巨鹿县中医院,河北
57981,52099640,平乡县中医院,河北
57982,52099644,赤城县中医院,河北
57983,52099446,东至县妇幼保健院,安徽
57984,52099448,来安县中医院,安徽
57985,52082395,厦门市思明区妇幼保健院,福建
57986,52099712,永城煤电（集团）有限责任公司总医院,河南
57987,52099656,怀安县医院,河北
57988,52082380,长沙市中医医院(长沙市第八医院),湖南
57989,52082271,衡水市第四医院,河北
57990,52099670,温县中医院（老院区）,河南
57991,52099674,修武县中医院,河南
57992,52099698,漯河市舞阳县中心医院,河南
57993,52099699,漯河市舞阳县中医院,河南
57994,52099729,叶县妇幼保健院,河南
57995,52082446,中国人民武装警察部队辽宁省总队医院,辽宁
57996,52099745,卢氏县妇幼保健院,河南
57997,52082447,沈阳市苏家屯区妇婴医院,辽宁
57998,52099747,灵宝市妇幼保健院,河南
57999,52099495,修水县中医院,江西
58000,52099496,庐山区妇幼保健站,江西
58001,52099500,湖口县中医院,江西
58002,52099748,永城市妇幼保健院,河南
58003,52099528,嘉兴市南湖区中心医院,浙江
58004,52099529,浦江县第二医院,浙江
58005,52099660,安阳市林州市中医院,河南
58006,52099663,安阳县第二人民医院,河南
58007,52099668,浚县妇幼保健院,河南
58008,52099679,栾川县妇幼保健院,河南
58009,52099685,宜阳县中医院,河南
58010,52099690,新安县妇幼保健院,河南
58011,52099694,新安县中医院,河南
58012,52099743,濮阳市清丰县中医院,河南
58013,52099744,濮阳市范县中医院,河南
58014,52099710,新野县人民医院,河南
58015,52099711,南阳新野县中医院,河南
58016,52099763,河南省信阳市罗山县妇幼保健院,河南
58017,52099756,河南省封丘县中医院,河南
58018,52099778,郑州市中牟县妇幼保健院,河南
58019,52082401,宁德市中医院,福建
58020,52082417,福建省福州神经精神病防治院,福建
58021,52099815,黑龙江省大庆市杜蒙县人民医院,黑龙江
58022,52099844,北安市中医院,黑龙江
58023,52099856,富锦市中医院,黑龙江
58024,52099868,克东县人民医院,黑龙江
58025,52099869,泰来县妇幼保健院,黑龙江
58026,52099874,黑龙江省富裕县中医院,黑龙江
58027,52099880,齐齐哈尔市龙江县妇幼保健院,黑龙江
58028,52099886,青冈县中医院,黑龙江
58029,52099898,嘉荫县妇幼保健院,黑龙江
58030,52099767,河南省信阳市罗山县中医院,河南
58031,52099768,淮滨县中医院,河南
58032,52099900,大安市中医院,吉林
58033,52099901,洮南市妇幼保健院,吉林
58034,52099908,临江市妇幼保健院,吉林
58035,52099909,农安县中医院,吉林
58036,52099912,德惠市妇幼保健院,吉林
58037,52098959,吉县人民医院,山西
58038,52098960,汾西县人民医院,山西
58039,52098963,永和县人民医院,山西
58040,52099913,蛟河市中医院,吉林
58041,52099919,东辽县中医院,吉林
58042,52099925,乾安县妇幼保健院,吉林
58043,52082225,石家庄市中医院,河北
58044,52076154,安徽济民肿瘤医院,安徽
58045,52076200,上海市劳教局第三劳动教养管理所,上海
58046,52099899,嘉荫县中医院,黑龙江
58047,52098951,陈巴尔虎旗人民医院,内蒙古
58048,52076627,深圳市广生医院,广东
58049,52076249,眉山市中医医院（眉山市东坡区人民医院）,四川
58050,52077184,衢州市第三医院(衢州市老年康复医院),浙江
58051,52076724,莆田秀屿区医院,福建
58052,52076194,北京怡健殿诊所有限公司,北京
58053,52076850,辽阳市第九人民医院,辽宁
58054,52077425,通化矿业（集团）有限责任公司总医院,吉林
58055,52099010,衡南县中医医院,湖南
58056,52077411,渭南市精神卫生中心,陕西
58057,52082488,双鸭山市人民医院,黑龙江
58058,52082722,上海市东华医院,上海
58059,52077519,北京军大医院,北京
58060,52082733,浙江蓝森生物科技有限公司,浙江
58061,52082745,曹县磐石医院,山东
58062,52082459,重庆市九龙坡区第二人民医院,重庆
58063,52082499,齐齐哈尔第一医院分院公安医院,黑龙江
58064,52082502,齐齐哈尔市和平医院,黑龙江
58065,52099264,丰镇市中蒙医院,内蒙古
58066,52082744,建始县中医院,湖北
58067,52082483,青海省妇幼保健院,青海
58068,52082924,南京迪安医学检验所有限公司-南京华世佳宝医院分点,江苏
58069,52082473,延安市博爱医院,陕西
58070,52082654,北京迈基诺基因科技股份有限公司,北京
58071,52099930,吉林省柳河县妇幼保健院,吉林
58072,52099931,和龙市妇幼保健院,吉林
58073,52099932,图们市妇幼保健院,吉林
58074,52099944,阜新蒙古族自治县妇幼保健院,辽宁
58075,52099939,本溪市卫生学校附属医院,辽宁
58076,52099822,木兰县人民医院,黑龙江
58077,52099823,木兰县妇幼保健院,黑龙江
58078,52099774,许昌市襄城县妇幼保健院,河南
58079,52099775,禹州市中心医院（老院区）,河南
58080,52099777,许昌市鄢陵县妇幼保健院,河南
58081,52099786,扶沟县中医院,河南
58082,52099793,沈丘县中医院,河南
58083,52099797,遂平县妇幼保健院,河南
58084,52099798,平舆县妇幼保健院,河南
58085,52099976,科尔沁左翼中旗人民医院,内蒙古
58086,52099977,科左中旗中心医院,内蒙古
58087,52099988,鄄城县妇幼保健院,山东
58088,52099989,曹县妇幼保健院,山东
58089,52099996,莘县妇幼保健院,山东
58090,52099997,高唐县妇幼保健院,山东
58091,52099950,黑山县妇幼保健院,辽宁
58092,52077548,营口市西市社区卫生服务中心,辽宁
58093,52099800,正阳县妇幼保健院,河南
58094,52099806,西平县妇幼保健所,河南
58095,52099810,确山县中医院,河南
58096,52077736,浙江数问生物技术有限公司,浙江
58097,52310722,上海玉兰生物技术有限公司,上海
58098,52077858,北京尔康百旺医院,北京
58099,52077629,贵州省湄潭县人民医院,贵州
58100,52077938,海南省边防总队医院,海南
58101,52099828,依兰县中医院,黑龙江
58102,52099829,通河县中医院,黑龙江
58103,52099830,方正县妇幼保健院,黑龙江
58104,52099850,密山市妇幼保健院,黑龙江
58105,52099894,呼玛县人民医院,黑龙江
58106,52099827,木兰县中医院,黑龙江
58107,52312668,上海益健医学服务中心,上海
58108,52313073,上海捷门生物技术有限公司,上海
58109,52099307,漳州妇幼医院,福建
58110,52078225,成都市青白江区人民医院,四川
58111,52076599,高境镇社区卫生服务中心,上海
58112,52077153,安宁鼎立医院,云南
58113,52077571,乌鲁木齐市慈铭门诊部,新疆
58114,52078213,新宾满族自治县人民医院,辽宁
58115,52077680,东兰县人民医院,广西
58116,52077682,兴业县人民医院,广西
58117,52077686,博白县人民医院,广西
58118,52077696,鄂尔多斯中华情糖尿病医院,内蒙古
58119,52077543,安庆市红十字博爱医院,安徽
58120,52076788,北京市海淀区花园路社区卫生服务中心,北京
58121,52077145,广州中医药大学金沙洲医院,广东
58122,52600013,新疆生产建设兵团第八师一五二团医院,新疆
58123,52600016,厦门市波生生物技术有限公司,福建
58124,52077183,郧西县中医医院,湖北
58125,52077120,上海外高桥保税区医疗保健中心,上海
58126,52099370,南通市肾脏病医院,江苏
58127,52099378,广州胜康医院,广东
58128,52099384,济南市中西医结合医院,山东
58129,52082849,广东省干部疗养院,广东
58130,52082347,大悟县人民医院,湖北
58131,52082375,湖南中医药大学第二附属医院,湖南
58132,52099322,塔尔拉克乡卫生院,新疆
58133,52077589,乌兰木伦中心卫生院,内蒙古
58134,52082793,广州慈铭东风门诊部有限公司,广东
58135,52082918,峨山彝族自治县人民医院,云南
58136,52099524,上海市杨浦区精神卫生中心,上海
58137,52099552,南通市第四人民医院,江苏
58138,52600132,威海市复退军人康宁医院,山东
58139,52600163,云南美年大健康产业有限公司北京路分院,云南
58140,52600280,海阳市妇幼保健院,山东
58141,52600508,霍城县妇幼保健院,新疆
58142,52600511,昭苏县中医医院,新疆
58143,52082382,定西市人民医院,甘肃
58144,52083058,宣恩县中西医结合医院,湖北
58145,52600125,大同大学,山西
58146,52600587,四川友谊医院,四川
58147,52082927,中翰盛泰生物技术股份有限公司,浙江
58148,52314618,上海申索佑福医学诊断用品有限公司,上海
58149,52099946,锦西化工总厂职工医院,辽宁
58150,52083053,邹城市中医院,山东
58151,52600276,鹿邑真源医院,河南
58152,52600326,周口东新医院,河南
58153,52600372,安徽未名细胞治疗有限公司医院秦皇岛分院,河北
58154,52600691,泉州丰泽延年健康管理中心,福建
58155,52600279,鄢陵县中医院,河南
58156,52600703,天津市河西医院,天津
58157,52600405,新乡仁爱医院,河南
58158,52600448,圣宝妇产医院,北京
58159,52600070,呼和浩特石化天然气有限公司,内蒙古
58160,52600560,瑞金市妇幼保健院,江西
58161,52600425,娄底市妇幼保健院,湖南
58162,52600723,鄱阳县人民医院,江西
58163,52600429,西安国际医学投资股份有限公司,陕西
58164,52083288,合肥熙康健康管理有限公司,安徽
58165,52600772,贵州省大方县人民医院,贵州
58166,52083328,济南博航生物技术有限公司,山东
58167,52600496,石河子开发区医院,新疆
58168,52600954,梅州市梅江区妇幼保健计划生育服务中心,广东
58169,52601068,水富市人民医院,云南
58170,52600877,唐山利康医院,河北
58171,52600505,北京百汇医疗,北京
58172,52601028,泉州东南医院,福建
58173,52083678,上海亚能医疗器械有限公司,上海
58174,52600599,长岭县中医院,吉林
58175,52600692,北京瑞京糖尿病医院,北京
58176,52600502,北京市平谷岳协医院,北京
58177,52600879,三穗县人民医院,贵州
58178,52083837,青岛大学附属医院(市北院区),山东
58179,52600705,黔西南布依族苗族自治州人民医院,贵州
58180,52600758,犍为县中医医院,四川
58181,52600725,上饶市肿瘤医院,江西
58182,52600867,北京天伦不孕不育医院,北京
58183,52083669,拜泉县人民医院,黑龙江
58184,52023701,天全县人民医院,四川
58185,52023723,兵器工业总医院,陕西
58186,52083047,永州市妇幼保健医院,湖南
58187,52600491,昆明市第三人民医院长坡院区,云南
58188,52083675,北京大望路急诊抢救医院,北京
58189,52077229,宁波市计划生育技术指导站,浙江
58190,52077205,北京旭日鸿升生物技术有限公司,北京
58191,52023720,万荣县人民医院,山西
58192,52083771,海南省肿瘤医院,海南
58193,52082614,上海吉丰实业有限公司-收货,上海
58194,52082616,青州市妇幼保健院,山东
58195,52601107,尚志市中医院,黑龙江
58196,52601130,德化县中医院,福建
58197,52082723,无锡市新吴区中医医院,江苏
58198,52082691,北京化工大学,北京
58199,52601098,上海真固生物科技有限公司,上海
58200,52099959,科右前旗人民医院,内蒙古
58201,52099974,扎兰屯市妇幼保健院,内蒙古
58202,52099980,凉城县妇幼保健所,内蒙古
58203,52099964,扎赉特旗中医院,内蒙古
58204,52099966,包头市石拐区医院,内蒙古
58205,52099967,固阳县人民医院,内蒙古
58206,52099981,兴和县中医院,内蒙古
58207,52099994,泗水县中医院,山东
58208,52601176,山西省针灸研究所(山西中医药大学附属针灸推拿医院、山西省针灸医院)(建设南路院区,山西
58209,52082894,武警云南省总队医院,云南
58210,52311870,上海市松卫医工贸有限公司,上海
58211,52078400,北京中能建医院,北京
58212,52077735,暨南大学附属顺德医院(佛山市顺德区第二人民医院、佛山市顺德区冯尧敬纪念医院),广东
58213,52078313,江苏省医疗器械检验所,江苏
58214,52077862,无锡明德老年病医院,江苏
58215,52600389,重庆爱尔眼科医院,重庆
58216,52083104,四川农业大学国家实验猕猴种源基地,四川
58217,52083840,鸡西市精神病防治院,黑龙江
58218,52083925,中国人民解放军第四零七医院,山东
58219,52083294,荔波县人民医院,贵州
58220,52600018,新和县维吾尔医院,新疆
58221,52077945,廊坊万福医院,河北
58222,52078597,济南圣玛丽亚妇产医院,山东
58223,52083708,吉林省松原富华妇产医院,吉林
58224,52077787,黄石普仁医院,湖北
58225,52078496,张庙街道长江路社区卫生服务中心,上海
58226,52078498,虹口区江湾镇社区卫生服务中心,上海
58227,52083385,深圳普门科技有限公司,广东
58228,52083603,郴州市第三人民医院,湖南
58229,52600451,沈阳唯晟（经销商自用或报损）,辽宁
58230,52600522,广州拜康医疗门诊部,广东
58231,52023672,藤县人民医院,广西
58232,52600600,罗氏诊断产品（上海）有限公司-维修支持中心,上海
58233,52600712,通辽市蒙医整骨医院,内蒙古
58234,52600869,重庆康华众联心血管病医院有限公司,重庆
58235,52023691,天津中医药大学第二附属医院,天津
58236,52023694,天津市第一医院,天津
58237,52083739,济南盛世立日医疗科技有限公司,山东
58238,52023664,泰兴市人民医院,江苏
58239,52023683,武警天津总队医院,天津
58240,52601115,厦门前埔医院,福建
58241,52023729,威海市妇幼保健院,山东
58242,52023781,乌鲁木齐市第一人民医院分院,新疆
58243,52023808,西安市儿童医院,陕西
58244,52023811,西安市体育学院,陕西
58245,52084293,云南艾迪康医学检验所有限公司,云南
58246,52084470,哈尔滨市人口和计划生育技术服务中心,黑龙江
58247,52600933,温州老年病医院有限公司,浙江
58248,52601061,东莞市茶山医院,广东
58249,52601063,沭阳县同济医院,江苏
58250,52601397,乐昌市妇幼保健院,广东
58251,52601415,磁县中医院,河北
58252,52601225,扎鲁特旗蒙医医院,内蒙古
58253,52601299,和静县康立医院,新疆
58254,52601367,龙陵县人民医院,云南
58255,52084450,安庆市第四人民医院,安徽
58256,52083963,杭州美中宜和妇儿医院,浙江
58257,52084030,温州康宁医院股份有限公司,浙江
58258,52084437,英德市九龙镇卫生院,广东
58259,52084353,北京东方京都投资管理有限公司（京都国际儿童医院）,北京
58260,52084465,中国建筑材料科学研究院管庄东里医院,北京
58261,52084126,济宁市兖州区人民医院(济宁医学院附属医院兖州院区),山东
58262,52084207,台州美兆健康体检中心,浙江
58263,52084562,温州百佳东方妇产医院有限公司,浙江
58264,52084497,法库县中心医院,辽宁
58265,52084794,昆明健之佳体检中心,云南
58266,52084593,成都市新都区妇幼保健院,四川
58267,52084587,南京市中西医结合医院,江苏
58268,52084680,北京世纪兴华医院,北京
58269,52023744,温州市人民医院,浙江
58270,52023840,杭州萧山市第三人民医院,浙江
58271,52084580,山西省荣军精神康宁医院,山西
58272,52023815,通城县人民医院,湖北
58273,52023857,喀什地区第一人民医院,新疆
58274,52084827,浦江县妇幼保健院（浦江县妇幼保健计划生育服务中心）,浙江
58275,52601269,郑州华卓医院,河南
58276,52601421,富顺县晨光医院（富顺县第三人民医院）,四川
58277,52023834,湘潭市中心医院,湖南
58278,52084885,石城县人民医院,江西
58279,52085105,北京市海淀区上庄镇社区卫生服务中心,北京
58280,52601424,资阳市雁江区人民医院,四川
58281,52601428,乐至县中医医院,四川
58282,52084953,海盐县中医院,浙江
58283,52601429,简阳市妇幼保健院,四川
58284,52085112,北京联合大学,北京
58285,52601433,江安县中医医院,四川
58286,52601437,屏山县中医医院,四川
58287,52601443,高县人民医院,四川
58288,52601447,珙县人民医院,四川
58289,52601452,天全县中医医院,四川
58290,52085107,兴平市人民医院,陕西
58291,52601179,上海益诺思生物技术股份有限公司,上海
58292,52085011,诺思格(北京)医药科技股份有限公司,北京
58293,52085209,浙江大学医学院附属儿童医院(滨江院区),浙江
58294,52085248,重庆市荣昌区人民医院,重庆
58295,52601461,沧州市南大港医院,河北
58296,52078338,山东省委机关医院,山东
58297,52078481,泰安市第一人民医院,山东
58298,52078499,上海市静安区静安寺街道社区卫生服务中心,上海
58299,52601723,成都肛肠专科医院,四川
58300,52601726,郫县第二人民医院,四川
58301,52601732,成都市金牛区中医医院,四川
58302,52601737,都江堰市第二人民医院,四川
58303,52601754,成都心血管病医院,四川
58304,52601710,成都市老年病医院,四川
58305,52601721,彭州市第二人民医院,四川
58306,52601763,西安医臻生物医药科技有限公司,陕西
58307,52601273,淮安市洪泽区中医院,江苏
58308,52601759,清河县中心医院,河北
58309,52601340,常州市钟楼区邹区卫生院,江苏
58310,52078813,宾川县中医医院,云南
58311,52078822,昆明市石林县人民医院,云南
58312,52078427,重庆大学医院,重庆
58313,52078830,昆明医科大学第二附属医院石林天奇医院,云南
58314,52078776,中国人民解放军第十六医院,新疆
58315,52078777,额敏县人民医院,新疆
58316,52601506,友谊县人民医院,黑龙江
58317,52601757,勉县妇幼保健院,陕西
58318,52085173,上海八通生物科技有限公司,上海
58319,52085126,南昌大愿医院,江西
58320,52078725,中粮营养健康研究院,北京
58321,52601338,哈尔滨摩拉体检中心,黑龙江
58322,52078249,宜昌出入境检验检疫局,湖北
58323,52078789,和龙市人民医院,吉林
58324,52078895,北京固生堂潘家园中医医院,北京
58325,52602070,石阡县人民医院,贵州
58326,52602157,商洛市镇安县妇幼保健院,陕西
58327,52602160,珠海丽珠圣美医疗诊断技术有限公司,广东
58328,52602161,宝鸡文理学院校医院,陕西
58329,52602061,广东省人民政府机关门诊部,广东
58330,52078973,拉萨市人民医院,西藏
58331,52079077,桂平市中医院,广西
58332,52079079,北京惠民中医儿童医院,北京
58333,52079086,南京医科大学附属逸夫医院,江苏
58334,52601921,永修县中医院,江西
58335,52079067,湖口县人民医院,江西
58336,52079069,九江开发区人民医院,江西
58337,52078468,辛集市第二医院,河北
58338,52078469,赵县人民医院,河北
58339,52078649,廊坊广安医院,河北
58340,52078778,蚌埠五和医院,安徽
58341,52078601,泰安市岱岳区妇幼保健院,山东
58342,52602153,甘谷县中医院,甘肃
58343,52084717,深圳中山妇产医院,广东
58344,52023778,新疆维吾尔自治区职业病医院,新疆
58345,52084124,苏州市养老产业发展有限公司（养老院）,江苏
58346,52023785,新疆维吾尔自治区维吾尔医医院,新疆
58347,52023786,乌鲁木齐市妇幼保健院,新疆
58348,52023860,新疆生产建设兵团第五师医院,新疆
58349,52023845,长宁区新华街道社区卫生服务中心,上海
58350,52023769,武汉市第九医院,湖北
58351,52023773,武汉市普仁医院,湖北
58352,52023837,孝感市中心医院,湖北
58353,52085347,佰奥达生物科技（武汉）股份有限公司,湖北
58354,52023890,西藏自治区第二人民医院,西藏
58355,52023891,中国人民解放军第八医院,西藏
58356,52023832,襄阳五洲医院,湖北
58357,52023859,克拉玛依市中心医院,新疆
58358,52023873,新兴县中医院,广东
58359,52023876,信宜市人民医院,广东
58360,52023900,盐城市第一人民医院,江苏
58361,52023904,阳西县人民医院,广东
58362,52023918,北京市延庆区医院（北京大学第三医院延庆医院）,北京
58363,52023905,阳泉煤业集团总医院,山西
58364,52023942,永嘉县人民医院,浙江
58365,52023948,长岭炼油厂职工医院,湖南
58366,52023907,阳泉市第三人民医院,山西
58367,52023943,永州市第三人民医院,湖南
58368,52023963,曲靖市妇幼保健院（寥廓院区）,云南
58369,52602103,云南新昆华医院,云南
58370,52023895,徐州九七医院,江苏
58371,52023888,景洪市第一人民医院（主院区）,云南
58372,52023998,本溪满族自治县第一人民医院,辽宁
58373,52084830,广州亿仁医院,广东
58374,52602162,西安理工大学校医院,陕西
58375,52602171,成都市第八人民医院,四川
58376,52602209,文山市人民医院,云南
58377,52602174,四川电力医院,四川
58378,52602175,乐山市市中区肿瘤医院,四川
58379,52602176,攀钢西昌医院,四川
58380,52602287,鹤庆县人民医院,云南
58381,52602460,瓦房店妇婴医院有限公司,辽宁
58382,52024004,浙江大学医学院附属儿童医院（湖滨院区）,浙江
58383,52023962,云南省中医医院,云南
58384,52602194,灯塔市中心医院,辽宁
58385,52602203,济南迪安医学检验中心有限公司-周村区人民医院分点,山东
58386,52602253,青岛中康大泽健康管理有限公司,山东
58387,52602335,信阳市第四人民医院,河南
58388,52602461,北京凡知医学科技有限公司,北京
58389,52085131,四川普莱美生物科技集团有限公司,四川
58390,52601699,成都双楠医院,四川
58391,52601715,成都中山骨科医院,四川
58392,52601734,成都满地可医院,四川
58393,52601739,都江堰市红十字会医院,四川
58394,52078824,会泽县人民医院,云南
58395,52078970,北京黑庄户医院,北京
58396,52602256,临朐县中医院,山东
58397,52602579,江西理工大学校医院,江西
58398,52080328,吉木乃县人民医院,新疆
58399,52602338,雷州市人民医院,广东
58400,52085169,常州市钟楼区西林街道社区卫生服务中心,江苏
58401,52601499,无锡华山医疗门诊部,江苏
58402,52601562,南京都安全门诊部有限公司,江苏
58403,52080629,天津迪安医学检验实验室有限公司,天津
58404,52080659,郑州市公交医院,河南
58405,52079073,东莞市人民医院谢岗院区,广东
58406,52080811,沂南中医医院,山东
58407,52079075,英德市中医院,广东
58408,52080321,阳山县妇幼保健院,广东
58409,52078767,南京中医药大学健康园体检中心,江苏
58410,52080414,中国人民解放军海军陆战队医院,广东
58411,52080430,武汉张喜生中医门诊部,湖北
58412,52079573,鄂尔多斯市中心医院（康巴什部）,内蒙古
58413,52601969,中山亚太医院,广东
58414,52085426,北京首医临床医学科技有限公司,北京
58415,52023993,招远市人民医院,山东
58416,52024003,浙江省人民医院望江山分院,浙江
58417,52024019,浙江大学医学院附属第二医院,浙江
58418,52078808,苏州市相城区漕湖人民医院,江苏
58419,52023987,湛江市港区人民医院,广东
58420,52024008,德清县人民医院,浙江
58421,52602345,河南省第二人民医院,河南
58422,52079713,桦甸市中医院,吉林
58423,52602170,成都怡宁医院有限公司,四川
58424,52085491,乌鲁木齐市米东区矿业医院,新疆
58425,52085289,海口玛丽医院,海南
58426,52085349,内蒙古迪安丰信医疗科技有限责任公司,内蒙古
58427,52602224,二连浩特市蒙中医院,内蒙古
58428,52602575,营口市站前威博医院,辽宁
58429,52080712,芜湖市第五人民医院,安徽
58430,52080800,习水绿洲消化病医院,贵州
58431,52081127,吕梁市离石区人民医院,山西
58432,52081235,武汉市精神卫生中心,湖北
58433,52602583,南京世和基因生物技术股份有限公司,江苏
58434,52081076,安徽省中西医结合医院,安徽
58435,52081346,东营市东营区人民医院,山东
58436,52081177,武汉熙康健康管理有限公司,湖北
58437,52602592,至本医疗科技（上海）有限公司,上海
58438,52081237,许昌生殖医学专科医院,河南
58439,52081407,上海艾瑞德生物科技有限公司,上海
58440,52023861,新疆医科大学第一附属医院,新疆
58441,52023921,烟台市中医医院,山东
58442,52602702,黑龙江省花园强制隔离戒毒所,黑龙江
58443,52023986,广东省农垦中心医院,广东
58444,52602810,广州广钢新城医院有限公司,广东
58445,52602470,镇远县人民医院,贵州
58446,52602508,梁山县计划生育服务站,山东
58447,52602528,绵阳爱贝尔妇产医院,四川
58448,52602589,广州华大基因科技有限公司,广东
58449,52602824,盐津县人民医院,云南
58450,52602386,寿光市济生医院,山东
58451,52602479,浙江雅达国际康复医院有限公司,浙江
58452,52602618,烟台弘意中西医结合医院,山东
58453,52602639,烟台新凤凰医院有限公司,山东
58454,52604481,临泉县妇幼保健计划生育服务中心,安徽
58455,52602828,北京博奥医学检验所有限公司,北京
58456,52604486,北京丰台国康中西医结合医院,北京
58457,52604914,济宁第一人民医院东院区,山东
58458,52604920,信阳市第三人民医院,河南
58459,52604967,广州华大基因医学检验所有限公司,广东
58460,52602624,解放军总后勤部司令部管理保障局第一门诊部,北京
58461,52602480,容县黎村中心卫生院,广西
58462,52602804,长春市肿瘤医院,吉林
58463,52604538,北京市丰台区马家堡街道城南嘉园社区卫生服务站,北京
58464,52604596,海尔施生物医药股份有限公司,浙江
58465,52605094,杭州明州医院有限公司,浙江
58466,52605123,浙江明州康复医院有限公司,浙江
58467,52605127,准格尔旗妇幼保健院（准格尔旗妇幼保健计划生育服务中心）,内蒙古
58468,52604612,临清市第二人民医院,山东
58469,52080291,武警广东总队医院番禺分院,广东
58470,52080937,北京解放军总参第一门诊部（解放军第309医院旃坛寺门诊部）,北京
58471,52080977,深圳市冠智博贸易有限公司,广东
58472,52081056,佛山市仁和中医院,广东
58473,52085371,天坛社区医院,北京
58474,52081702,望奎县人民医院,黑龙江
58475,52081020,镇江市丹徒区人民医院,江苏
58476,52081045,宁波市北仑区宗瑞医院,浙江
58477,52085433,合肥春乐医疗设备有限公司,安徽
58478,52085626,宿迁市钟吾医院,江苏
58479,52085462,河北省故城县医院,河北
58480,52081706,山西大学医院,山西
58481,52085692,阳泉市矿区医疗集团,山西
58482,52085669,北京十八里店社区卫生服务中心,北京
58483,52085852,石林县妇幼保健中心,云南
58484,52024030,广州市增城区新塘镇中心卫生院(广州市增城区新塘医院),广东
58485,52024009,奉化市人民医院,浙江
58486,52024031,广州市增城区人民医院,广东
58487,52024040,解放军联勤保障部队第988医院,河南
58488,52024041,郑州大学第五附属医院,河南
58489,52024050,中牟县人民医院,河南
58490,52604483,上海华大医学检验所,上海
58491,52085210,上海允晟医学检验所,上海
58492,52081935,吉林医药学院附属医院,吉林
58493,52081936,吉林市妇产医院,吉林
58494,52605922,金华市婺城区妇幼保健院,浙江
58495,52081716,深圳市龙岗区妇幼保健院,广东
58496,52081938,吉林市第六人民医院,吉林
58497,52081946,吉林省神经精神病医院,吉林
58498,52081947,四平市传染病医院,吉林
58499,52081874,上海市崇明区传染病医院,上海
58500,52081483,来宾市兴宾区人民医院,广西
58501,52082014,安徽中医药大学第一附属医院,安徽
58502,52081523,祁门县中医医院,安徽
58503,52081768,燕郊人民医院,河北
58504,52081958,白城中医院,吉林
58505,52081960,白城市医院,吉林
58506,52081524,金乡宏大医院有限公司,山东
58507,52081914,杭锦旗人民医院,内蒙古
58508,52081977,长春八一医院,吉林
58509,52081978,长春国际旅行卫生保健中心,吉林
58510,52082002,四川省乐至县人民医院,四川
58511,52081186,连云港赣榆县妇幼保健院,江苏
58512,52081425,常熟东南医院,江苏
58513,52081444,中国人民解放军总医院（高干）西院,北京
58514,52081485,潍坊高新技术产业开发区人民医院,山东
58515,52606307,北京市公安局监所管理总队,北京
58516,52606386,罗平县妇幼保健计划生育服务中心,云南
58517,52605760,上海颐邦生物技术中心,上海
58518,52606512,台江县妇幼保健院,贵州
58519,52605470,东胜区妇幼保健计划生育服务中心,内蒙古
58520,52606548,邓州市中心医院,河南
58521,52605743,迁安亲和脑中风专科医院,河北
58522,52606438,铜陵市人民医院东部院区,安徽
58523,52603099,上海市虹口区嘉兴路街道社区卫生服务中心（天宝路）,上海
58524,52604889,陕西凯弘达二级-北京唯康达科技有限公司,陕西
58525,52604925,济南惠祺（经销商自用或报损）,山东
58526,52604937,山东宜诚医疗科技有限公司（经销商自用或报损）,山东
58527,52603085,如皋市胜利医院,江苏
58528,52086099,十堰市妇幼保健院五堰院区,湖北
58529,52085930,重庆医科大学附属第一医院金山医院,重庆
58530,52085597,天津艾迪康医学检验实验室有限公司,天津
58531,52082052,云浮市新兴县妇幼保健院,广东
58532,52082053,罗定市妇幼保健院,广东
58533,52082086,吴川市人民医院,广东
58534,52082093,新丰县人民医院,广东
58535,52082094,韶关市曲江区中医院,广东
58536,52082013,六安市中医院,安徽
58537,52082019,临沂市第四人民医院,山东
58538,52082017,阜阳市肿瘤医院,安徽
58539,52082168,唐山市丰南区中医院,河北
58540,52082169,唐山市丰南区医院,河北
58541,52082187,廊坊市中医院,河北
58542,52081948,四平市生殖保健医院,吉林
58543,52082078,深圳市盐田区梅沙医院,广东
58544,52082098,南宁市宾阳县人民医院,广西
58545,52082099,南宁市社会福利医院,广西
58546,52606552,辽阳肿瘤医院,辽宁
58547,52085636,北京中大中医医院,北京
58548,52085652,北京国卫医院有限公司,北京
58549,52085838,北京华益精点生物技术有限公司,北京
58550,52082023,北京中医药大学东方医院枣庄医院,山东
58551,52082028,济宁市中医院,山东
58552,52082034,烟台市福山区人民医院,山东
58553,52085705,海南海医药物安全性评价研究有限责任公司,海南
58554,52085878,天津市北辰医院,天津
58555,52085918,北京易达康信科技有限公司,北京
58556,52085843,宁波一院龙山医院医疗健康集团,浙江
58557,52606560,爱威科技股份有限公司,湖南
58558,52606601,深圳宝生妇儿科医院,广东
58559,52085967,龙岩慈爱医院有限公司,福建
58560,52081617,莆田盛兴医院,福建
58561,52081792,新疆维吾尔自治区阿克苏地区妇幼保健院,新疆
58562,52081599,高邮市中医医院东区,江苏
58563,52081782,常州市钟楼区五星街道社区卫生服务中心,江苏
58564,52081884,上海市长宁区精神卫生中心,上海
58565,52606602,开阳县妇幼保健院,贵州
58566,52606723,宁国市妇幼保健计划生育服务中心,安徽
58567,52085857,西畴县第一人民医院,云南
58568,52607031,青岛友谊整骨医院,山东
58569,52607064,日照白求恩医院,山东
58570,52607072,普陀仁济医院,浙江
58571,52606709,兴业县妇幼保健院,广西
58572,52607030,陆川县妇幼保健院,广西
58573,52086325,封开县人民医院,广东
58574,52086470,淮安中山医院,江苏
58575,52086582,桐庐县妇幼保健院,浙江
58576,52086730,安徽未名细胞治疗有限公司医院,安徽
58577,52086735,珠海市金湾区红旗镇卫生院,广东
58578,52086064,国药集团云南医疗器械有限公司,云南
58579,52086417,深圳澳东检验检测科技有限公司,广东
58580,52086671,中卫市人民医院,宁夏
58581,52086676,石嘴山市妇幼保健院,宁夏
58582,52605858,成都同昌医学检验所有限公司,四川
58583,52086972,日照市结核病防治所,山东
58584,52086583,杭州市萧山区第二人民医院,浙江
58585,52086647,晋中德源投资有限公司,山西
58586,52085883,漳州市漳浦县绥安社区卫生服务中心,福建
58587,52607106,北京索真医学检验实验室有限公司,北京
58588,52086826,东北大学医院,辽宁
58589,52087053,中国兵器第二零五研究所,陕西
58590,52086962,杭州美联医学检验所有限公司,浙江
58591,52087463,塔城市妇幼保健院,新疆
58592,52087589,淮南市第二人民医院,安徽
58593,52086680,荆州市复员退伍军人精神病医院,湖北
58594,52087110,玉溪市第三人民医院北院区,云南
58595,52606067,广东省未知商业公司 Dummy Account,广东
58596,52087274,南京金域医学检验所有限公司-盐城卫生技术学院医学技术学院分点,江苏
58597,52082007,天津市泰达医院,天津
58598,52082029,淄博市山东金岭铁矿医院,山东
58599,52082038,太原市万柏林区医疗集团(太原市万柏林区医疗集团中心医院、太原市万柏林区中心医院),山西
58600,52082039,太原市妇幼保健院,山西
58601,52607578,新疆康圣达医学检验所有限公司,新疆
58602,52082100,南宁市第一人民医院,广西
58603,52082146,上饶市广信区人民医院,江西
58604,52082149,九江市柴桑区人民医院,江西
58605,52607935,南通肿瘤医院(南院),江苏
58606,52607423,金华职业技术学院医学院教学基地门诊部,浙江
58607,52082112,广西桂东人民医院,广西
58608,52606555,睢县人民医院,河南
58609,52607885,杭州玛莉亚妇产医院,浙江
58610,52607421,襄城县人民医院,河南
58611,52607906,阳春市岗美卫生院,广东
58612,52607908,东莞市大朗拘留所,广东
58613,52606078,浙江省未知商业公司 Dummy Account,浙江
58614,52606080,江西省未知商业公司 Dummy Account,江西
58615,52606087,西藏自治区未知商业公司 Dummy Account,西藏
58616,52606093,天津市未知商业公司 Dummy Account,天津
58617,52606556,博鳌恒大国际医院,海南
58618,52087108,昆明市东川区中医医院,云南
58619,52606597,海南博鳌银丰康养国际医院有限公司,海南
58620,52606763,哈尔滨美瑞医疗设备有限公司,黑龙江
58621,52606505,内蒙古锡林郭勒盟西乌珠穆沁旗蒙医医院,内蒙古
58622,52086006,石家庄市第一医院中心院区,河北
58623,52086287,浙江医院三墩院区,浙江
58624,52087178,长安医院,陕西
58625,52087428,枞阳县妇幼保健院（枞阳县妇幼保健计划生育服务中心）,安徽
58626,52087429,太湖县妇幼保健计划生育服务中心（太湖县妇幼保健院）,安徽
58627,52086091,无锡锡山健安门诊部,江苏
58628,52082150,九江市石化医院,江西
58629,52082152,九江市第六人民医院,江西
58630,52087515,襄樊市襄州区惠民医院,湖北
58631,52082163,鹰潭市中医院,江西
58632,52082164,余江区人民医院,江西
58633,52082101,南宁市红十字会医院,广西
58634,52082106,桂林市第九人民医院,广西
58635,52082110,桂林电子科技大学校医院,广西
58636,52087770,崇阳县中医院,湖北
58637,52087816,淮北市妇幼保健院,安徽
58638,52087817,六安市寿县妇幼保健院,安徽
58639,52087860,福州市长乐区妇幼保健院,福建
58640,52082203,张家口市第二医院,河北
58641,52082206,张家口市蔚县中医院,河北
58642,52082209,阳原县人民医院,河北
58643,52082219,沧州市海兴县利民医院,河北
58644,52082243,石家庄市赞皇县人民医院,河北
58645,52082249,石家庄第二棉纺织厂职工医院,河北
58646,52082263,秦皇岛经济技术开发区医院,河北
58647,52082264,天津市肿瘤医院秦皇岛医院,河北
58648,52082269,衡水市第二人民医院,河北
58649,52082280,河北省眼科医院,河北
58650,52087924,内江市东兴区人民医院,四川
58651,52082272,衡水心血管病医院,河北
58652,52082288,邯郸市天康中医院,河北
58653,52082307,濮阳市油田总医院,河南
58654,52087923,新郑市华信民生医院,河南
58655,52082282,涉县人民医院,河北
58656,52082285,邯郸市第一医院东区,河北
58657,52082287,大名县人民医院,河北
58658,52087348,德江县人民医院,贵州
58659,52088254,靖西县妇幼保健院,广西
58660,52088277,佛山市顺德区妇幼保健院,广东
58661,52088588,洞泾卫生院,上海
58662,52088414,广州市胸科医院第二门诊部,广东
58663,52086471,苏州市相城区太平街道社区卫生服务中心,江苏
58664,52087514,广水市中医院,湖北
58665,52087572,赣南医科大学第一附属医院黄金院区,江西
58666,52088183,于都县人民医院,江西
58667,52088316,三门峡市陕州区人民医院,河南
58668,52608774,田林县中医医院,广西
58669,52088661,北京市丰台区青塔街道社区卫生服务中心,北京
58670,52088353,中国农业大学西区社区服务中心,北京
58671,52088465,北京市通州区西集卫生院,北京
58672,52088286,常德新华卓越门诊部,湖南
58673,52088510,上海市闵行区龙柏社区卫生服务中心,上海
58674,52088532,上海市黄浦区打浦桥街道社区卫生服务中心,上海
58675,52088599,北京市通州区精神病医院,北京
58676,52088213,兰州大学第一医院西站院区,甘肃
58677,52082308,中国人民解放军联勤保障部队第九八八医院（焦作院区）,河南
58678,52088111,通化市血管病医院,吉林
58679,52087659,潍坊荣浩化工科技有限公司,山东
58680,52087814,定州市李亲顾中心卫生院,河北
58681,52088095,宁波中瑞医疗器械有限公司,浙江
58682,52087180,太仓友谊医院,江苏
58683,52088185,怀来世济医院,河北
58684,52088571,阜新蒙古族自治县人民医院,辽宁
58685,52088786,北京太和妇产医院,北京
58686,52087024,天津市滨海新区中医医院杭州道院区,天津
58687,52086489,检验科,上海
58688,52086805,北京市和睦家五道口诊所,北京
58689,52087647,山东省医学科学院颈肩腰腿痛医院,山东
58690,52082349,宜昌市远安县人民医院,湖北
58691,52082314,郑州市第八人民医院,河南
58692,52082317,龙泉市人民医院,浙江
58693,52082281,冀中能源邢台矿业集团有限责任公司总医院,河北
58694,52082336,普陀山佛教协会普济医院,浙江
58695,52082340,横店文荣医院,浙江
58696,52082326,建德市第二人民医院,浙江
58697,52082337,义乌市第三人民医院,浙江
58698,52082341,金华市第五医院,浙江
58699,52082362,鄂州市中心医院,湖北
58700,52082364,岳阳岳化医院,湖南
58701,52082342,屯昌县人民医院,海南
58702,52082344,海口市中医医院,海南
58703,52082360,湖北省钟祥市中医院,湖北
58704,52082396,厦门市集美区灌口医院,福建
58705,52082357,湖北江汉油田总医院五七院区,湖北
58706,52082368,澧县人民医院,湖南
58707,52082363,随州市曾都医院,湖北
58708,52082411,漳州市人民医院,福建
58709,52082412,诏安县中医院,福建
58710,52082416,漳州市第二中医院,福建
58711,52082427,漳平市妇幼保健院,福建
58712,52082431,龙岩市武平县中医院,福建
58713,52082400,周宁县医院,福建
58714,52082402,南安市医院,福建
58715,52082436,龙岩市连城县妇幼保健院,福建
58716,52082437,汀州中医院,福建
58717,52082442,贵州电力职工医院,贵州
58718,52082421,福州市第六医院,福建
58719,52082489,哈尔滨市中医医院,黑龙江
58720,52082491,大庆油田南区医院,黑龙江
58721,52082456,鞍山市第二医院,辽宁
58722,52082653,珲春市中医院,吉林
58723,52082497,黑龙江省农垦总局齐齐哈尔分局中心医院,黑龙江
58724,52082500,齐齐哈尔医学院第二附属医院,黑龙江
58725,52082506,齐齐哈尔市第一神经精神病医院,黑龙江
58726,52082462,重庆市梁平县中医院,重庆
58727,52082655,上饶春华医院,江西
58728,52082440,安顺市人民医院,贵州
58729,52607434,嘉定区菊园社区卫生服务中心,上海
58730,52607447,奉贤区新寺社区卫生服务中心,上海
58731,52607557,北京伽拓医药研究有限公司,北京
58732,52608329,国家广播电影电视总局机关服务中心,北京
58733,52087714,扬中市人民医院,江苏
58734,52087755,大理大学第一附属医院,云南
58735,52087758,章丘市妇幼保健院,山东
58736,52608395,明码（上海）生物科技有限公司,上海
58737,52608577,上海中科润达医学检验实验室有限公司,上海
58738,52609602,阜新市细河区华东街道卫生院,辽宁
58739,52082681,海南大学,海南
58740,52609013,上海市中西医结合学会,上海
58741,52608375,中国电子科技集团公司第十四研究所,江苏
58742,52609312,湖南博和阳光医疗健康产业有限公司,湖南
58743,52082892,昆明市呈贡区人民医院,云南
58744,52082369,慈利县人民医院,湖南
58745,52082385,白银市第一人民医院,甘肃
58746,52083321,成都东部新区第二人民医院,四川
58747,52082740,阳信县人民医院,山东
58748,52088337,中国农业大学东区社区卫生服务中心（中国农业大学东区医院）,北京
58749,52082484,青海省心脑血管病专科医院,青海
58750,52609579,潍坊滨海经济技术开发区人民医院,山东
58751,52609615,广州市花都区赤坭镇卫生院,广东
58752,52610264,中山市三角医院,广东
58753,52609691,银川博尚慢性病医院,宁夏
58754,52088546,泰安市岱岳区黄前医院,山东
58755,52088547,江门市中晖医疗设备有限公司,广东
58756,52088785,广东省第二荣军医院,广东
58757,52088789,一龄博士国际旅游医疗海南总院,海南
58758,52088807,冠县新华医院,山东
58759,52083054,公主岭市肾病医院,吉林
58760,52083181,上海浙利实业有限公司,上海
58761,52609670,上海圆和新太门诊部,上海
58762,52609308,杭州迪安西医诊所,浙江
58763,52609614,广州市海珠区生命汇医疗门诊部,广东
58764,52610292,大兴区学生卫生保健中心,北京
58765,52088801,耒阳市妇幼保健院,湖南
58766,52088865,海南方卓医院投资管理有限公司,海南
58767,52088804,安仁县人民医院,湖南
58768,52089072,中日友好医院北区,北京
58769,52610916,昆明三博脑科医院,云南
58770,52609996,佛山市高明区人民医院(妇幼院区),广东
58771,52088714,四川省医学科学院.四川省人民医院洪河医院（四川省医学科学院附属医院）,四川
58772,52610682,深圳宏丰药物研究所,广东
58773,52610683,深圳新锦华妇产医院,广东
58774,52609668,上海桐树生物科技有限公司,上海
58775,52088951,南阳市第一人民医院,河南
58776,52610363,长兴中一综合门诊部有限公司,浙江
58777,52610903,宁晋康怡医院,河北
58778,52089568,东辽县人民医院,吉林
58779,52088879,天津市电力医院,天津
58780,52089005,文山市妇幼保健计划生育服务中心,云南
58781,52089362,贵州安康医学检验中心,贵州
58782,52089363,厦门大学附属第一医院鼓浪屿医院,福建
58783,52082474,延安市宝塔区人民医院,陕西
58784,52082485,七台河市人民医院,黑龙江
58785,52083283,铜川市人民医院（北院）,陕西
58786,52083444,宁安市中医院,黑龙江
58787,52089601,山西和谐健康体检中心并州南路分部,山西
58788,52610934,二七区人民医院,河南
58789,52610969,涧西区人民医院,河南
58790,52610979,开封市第二中医院禹王台分院,河南
58791,52083731,上海市虹口区欧阳路街道社区卫生服务中心,上海
58792,52084294,重庆市沙坪坝区陈家桥医院,重庆
58793,52082410,漳州市芗城区妇幼保健院,福建
58794,52082426,漳平市中医院,福建
58795,52082554,重庆华医皮肤病医院,重庆
58796,52089035,绍兴锐纳生物科技有限公司,浙江
58797,52089622,宁波甬康综合门诊部有限公司,浙江
58798,52609240,淄博广电医院,山东
58799,52088999,腾冲县腾越镇小西卫生院,云南
58800,52089042,天长市计划生育服务站,安徽
58801,52610980,开封市鼓楼医院,河南
58802,52611030,新乡市中医院,河南
58803,52089067,广元市计量检定测试所医化检验室,四川
58804,52089085,陕西熙康健康管理有限公司,陕西
58805,52611138,广州曼陀罗医疗门诊部有限公司,广东
58806,52611143,哈尔滨双华医院有限公司,黑龙江
58807,52611157,洪雅县人民医院七里坪门诊部,四川
58808,52088826,赣州市赣县区人民医院,江西
58809,52089418,保靖县中医院,湖南
58810,52089427,盐城市阜宁县人民医院,江苏
58811,52083751,南方医科大学第五附属医院,广东
58812,52083752,北京博济健康体检管理中心,北京
58813,52611027,南阳医学高等专科学校第三附属医院,河南
58814,52083358,天津港口医院,天津
58815,52083728,海南全球教育医疗产业投资管理有限公司,海南
58816,52611031,中国空空导弹研究院洛阳二零二医院,河南
58817,52082850,徐州市东方人民医院,江苏
58818,52083045,南华大学附属第三医院,湖南
58819,52083679,北京百子湾和美妇儿医院,北京
58820,52084029,南京华世佳宝妇产医院,江苏
58821,52089716,山西医科大学第二医院(西院区),山西
58822,52084128,茂县计划生育宣传技术指导站,四川
58823,52084168,中山市骨科医院,广东
58824,52084213,重庆市万州区妇幼保健院百安分院,重庆
58825,52083923,河南省洛阳正骨医院（河南省骨科医院）郑州院区,河南
58826,52084508,内蒙古民族大学蒙医药学院,内蒙古
58827,52084163,济南市历下区人民医院,山东
58828,52610936,许昌市烧伤医院,河南
58829,52610993,建德中医院,浙江
58830,52084594,杭州市余杭区中医院,浙江
58831,52089901,爱尔眼科医院集团股份有限公司长沙爱尔眼科医院,湖南
58832,52610357,阳春市三甲卫生院,广东
58833,52611039,西南医科大学附属医院康健城院区,四川
58834,52611141,哈尔滨德馨综合门诊部,黑龙江
58835,52611219,臻悦生物科技江苏有限公司,江苏
58836,52084320,宁医总院贺兰医院,宁夏
58837,52084469,湖南省财贸医院,湖南
58838,52611474,惠东城南医院,广东
58839,52610600,北京市海淀区中医医院,北京
58840,52610997,台州骨伤医院,浙江
74349,52700709,桐梓县中医院,贵州
58841,52611165,嘉兴浙健科技城门诊部有限公司,浙江
58842,52611546,博奥体检中心,江西
58843,52611547,国博体检中心,江西
58844,52610921,周口第五人民医院,河南
58845,52610958,汝州市人民医院(朝阳院区),河南
58846,52610959,平顶山市第五人民医院,河南
58847,52611043,河南济钢医院,河南
58848,52610957,商丘市妇幼保健院,河南
58849,52611873,巴彦县百康中医门诊部,黑龙江
58850,52611473,颍上九合医院有限公司,安徽
58851,52611865,广东南芯医疗科技有限公司,广东
58852,52611499,北京市海淀区西北旺镇社区卫生服务中心,北京
58853,52089050,济宁市任城区人民医院,山东
58854,52089399,重庆市安琪儿妇产医院,重庆
58855,52089606,济南天凯医疗器械有限公司,山东
58856,52610321,南京诺唯赞医疗科技有限公司,江苏
58857,52089397,南京市职业病防治院,江苏
58858,52610901,宁波市鄞州区第三医院,浙江
58859,52084714,贵航平坝医院,贵州
58860,52024013,建德市第一人民医院,浙江
58861,52024051,中山市古镇人民医院,广东
58862,52610940,许昌市第六人民医院,河南
58863,52610960,平顶山第三人民医院,河南
58864,52083714,民航上海医院,上海
58865,52084288,福建省立金山医院,福建
58866,52611894,三河国济医院,河北
58867,52089213,福州上工汇健康体检中心,福建
58868,52610663,轮台县阳霞镇医院,新疆
58869,52612162,山东博科诊断科技有限公司,山东
58870,52089843,云南省监狱管理局中心医院,云南
58871,52084223,四川大学华西第四医院,四川
58872,52611942,江岸区车站街社区卫生服务中心,湖北
58873,52612278,石门县红十字会医院,湖南
58874,52700031,陵川县妇幼保健院,山西
58875,52612284,陵城区义渡口镇中心卫生院,山东
58876,52612292,北京先声医学检验实验室有限公司,北京
58877,52611916,上海派森诺医学检验所有限公司,上海
58878,52089905,重庆金域医学检验所有限公司-合川区妇幼保健院分点,重庆
58879,52700034,沁水县中医院,山西
58880,52700059,方山县中医院,山西
58881,52700065,交城县中医院,山西
58882,52700068,孝义市妇幼保健院,山西
58883,52700075,保德县中医院,山西
58884,52700084,偏关县妇幼保健院,山西
58885,52700089,定襄县妇幼保健院,山西
58886,52700093,运城市临猗县妇幼保健院,山西
58887,52700030,左云县中医院,山西
58888,52700036,灵石县中医院,山西
58889,52700039,山西省昔阳县妇幼保健院,山西
58890,52700044,左权县中医(综合)医院,山西
58891,52611861,东莞国境口岸医院,广东
58892,52700117,北票市中医院,辽宁
58893,52700098,万荣县妇幼保健院,山西
58894,52700101,垣曲县妇幼保健院,山西
58895,52700106,平陆县中医院癫痫脑病分院,山西
58896,52700107,永济市中医院,山西
58897,52627058,华垠康(北京)医学检验实验室有限公司,北京
58898,52700125,抚松县中医院,吉林
58899,52089711,六安市红十字中心血站,安徽
58900,52089882,信宜市中医院,广东
58901,52611194,深圳市远大肛肠医院,广东
58902,52089906,珠海市第五人民医院,广东
58903,52090263,乐清市第六人民医院,浙江
58904,52084679,呼伦贝尔市仁合健康体检中心有限责任公司,内蒙古
58905,52084690,盐城协和医院,江苏
58906,52084997,德阳市罗江区人民医院,四川
58907,52084760,京山仁和医院,湖北
58908,52084951,玉林市妇幼保健院,广西
58909,52084981,奉贤区妇幼保健所,上海
58910,52085010,柳州市潭中人民医院,广西
58911,52084689,郑州华山医院,河南
58912,52084682,上海集爱遗传与不育诊疗中心,上海
58913,52084923,嵊州康复医院,浙江
58914,52089982,涞水县赵各庄中心卫生院,河北
58915,52090201,金昌市中西医结合医院,甘肃
58916,52084586,太原市杏花岭区坝陵桥社区卫生服务中心,山西
58917,52084715,富锦市第三医院,黑龙江
58918,52090279,广州市天河区慢性病防治中心,广东
58919,52090411,上海市精神卫生服务中心闵行分院,上海
58920,52090264,烟台龙矿中心医院,山东
58921,52090276,厦门市思明区莲前街道社区服务中心,福建
58922,52085109,河北省体育科学研究所,河北
58923,52090416,无棣县中医院,山东
58924,52700164,穆棱市妇幼保健院,黑龙江
58925,52090491,合山市人民医院,广西
58926,52700264,河源市紫金县中医院,广东
58927,52700268,东源县人民医院,广东
58928,52700269,河源市东源县中医院,广东
58929,52700181,通河县人民医院,黑龙江
58930,52700256,福建省漳州市南靖县妇幼保健院,福建
58931,52084355,东华大学,上海
58932,52084551,南京惠杰医疗科技有限公司,江苏
58933,52700310,宁明县人民医院,广西
58934,52084576,苏州明基医院,江苏
58935,52700320,资源县妇幼保健院,广西
58936,52700322,全州县中医医院,广西
58937,52700331,南丹县人民医院,广西
58938,52700332,宜州市中医院,广西
58939,52700334,大化瑶族自治县妇幼保健院,广西
58940,52090347,合肥千麦医学检验实验室有限公司,安徽
58941,52084513,黄冈市妇幼保健院,湖北
58942,52090497,凤凰县人民医院,湖南
58943,52084952,镇赉县人民医院,吉林
58944,52090417,青岛市慧康医院,山东
58945,52700141,济源市中医院,河南
58946,52700155,灵宝市中医院,河南
58947,52700176,商丘市第二人民医院,河南
58948,52700111,黄河医院,山西
58949,52700130,海兴县医院,河北
58950,52700132,河北省荣军医院,河北
58951,52700194,辛集市中医院,河北
58952,52700227,四会市人民医院,广东
58953,52700270,揭西县妇幼保健院,广东
58954,52700274,连南瑶族自治县中医院,广东
58955,52700286,乳源瑶族自治县妇幼保健院,广东
58956,52700152,林西县医院,内蒙古
58957,52700287,新丰县妇幼保健院,广东
58958,52700290,始兴县中医院,广东
58959,52090496,天津悦和康生物技术有限公司,天津
58960,52090674,北京市丰台区马家堡社区卫生服务中心,北京
58961,52090427,北京卫人中医医院,北京
58962,52700135,息县人民医院(信阳师范大学人民医院),河南
58963,52700138,吉林市第二人民医院,吉林
58964,52700127,哈尔滨市道里区人民医院,黑龙江
58965,52611611,泰安中医二院,山东
58966,52611752,四川省抗癌协会,四川
58967,52611961,淄博市淄川区妇幼保健计划生育服务中心,山东
58968,52700145,克山县第一人民医院,黑龙江
58969,52700140,济南市济阳区中医医院,山东
58970,52700150,梨树县中医院,吉林
58971,52700151,辽阳县中医院,辽宁
58972,52700180,洮南市中医院,吉林
58973,52090638,北京首儿窦店儿童医院,北京
58974,52611895,赣榆区门河卫生院,江苏
58975,52700293,阳西县中医院,广东
58976,52700294,郁南县人民医院,广东
58977,52700298,徐闻县妇幼保健院,广东
58978,52700299,廉江市中医院,广东
58979,52700382,神农架林区妇幼保健院,湖北
58980,52700384,竹溪县妇幼保健院,湖北
58981,52700231,政和县医院,福建
58982,52700246,福安市妇幼保健院,福建
58983,52700260,广州民康医院,广东
58984,52700385,丹江口市妇幼保健院,湖北
58985,52700456,湖南省新晃侗族自治县妇幼保健院,湖南
58986,52700486,湖南省江永妇幼保健院,湖南
58987,52700490,湖南省江永县中医院,湖南
58988,52090886,安阳市妇幼保健院,河南
58989,52700493,湖南省江华瑶族自治县人民医院,湖南
58990,52700500,岳阳楼区妇幼保健院,湖南
58991,52700506,株洲县中医院,湖南
58992,52700508,炎陵县中医院,湖南
58993,52090888,安徽医科大学附属阜阳医院,安徽
58994,52700216,南阳卧龙医院,河南
58995,52700217,淅川县第二人民医院,河南
58996,52024070,中山大学肿瘤防治中心,广东
58997,52700335,巴马县人民医院,广西
58998,52024063,中山大学附属第五医院,广东
58999,52024085,驻马店市中心医院,河南
59000,52700340,南丹县中医院,广西
59001,52700342,富川瑶族自治县妇幼保健院,广西
59002,52700344,忻城县中医院,广西
59003,52700377,洪湖市妇幼保健院,湖北
59004,52700345,合山市中医院,广西
59005,52700350,藤县中医院,广西
59006,52612299,上海市司法鉴定中心,上海
59007,52700518,大冶市人民医院,湖北
59008,52700380,江陵县妇幼保健院,湖北
59009,52700528,洪湖市中医院,湖北
59010,52700049,永和县中医院,山西
59011,52700541,荆州市第二人民医院,湖北
59012,52700002,宁阳县妇幼保健院,山东
59013,52700139,济南市槐荫人民医院,山东
59014,52090126,广东星汇丰医疗器械有限公司,广东
59015,52085128,中华人民共和国莆田出入境检验检疫局,福建
59016,52032912,保定市第二中心医院,河北
59017,52700121,丹东市第三医院,辽宁
59018,52085024,国药中生生物技术研究院有限公司,北京
59019,52700549,龙州县中医院,广西
59020,52700550,隆安县妇幼保健院,广西
59021,52700054,大宁县中医院,山西
59022,52700072,古交市中医院,山西
59023,52700352,屯昌县妇幼保健院,海南
59024,52700354,乐东黎族自治县妇幼保健院,海南
59025,52700355,东方市中医院,海南
59026,52700398,通城县中医院,湖北
59027,52700399,赤壁市中医院,湖北
59028,52085019,北京惠兰医院,北京
59029,52700555,那坡县中医院,广西
59030,52700457,双峰县妇幼保健院,湖南
59031,52700463,娄底市第二人民医院,湖南
59032,52700473,韶山市妇幼保健所,湖南
59033,52700510,丹江口市第一医院,湖北
59034,52700581,永福县人民医院,广西
59035,52700533,化州市中医院,广东
59036,52700520,当阳市人民医院,湖北
59037,52700529,洪江市人民医院,湖南
59038,52700531,新晃侗族自治县人民医院,湖南
59039,52700537,会同县中医院,湖南
59040,52700576,湘阴县人民医院新院区,湖南
59041,52700585,长沙县第一人民医院,湖南
59042,52700545,冷水江市人民医院,湖南
59043,52700602,湘潭市第六人民医院,湖南
59044,52700673,天柱县中医院,贵州
59045,52700676,玉屏侗族自治县中医院,贵州
59046,52700655,昭苏县妇幼保健站,新疆
59047,52700749,德钦县妇幼保健院,云南
59048,52700752,泸西县妇幼保健院,云南
59049,52700607,布尔津县妇幼保健院,新疆
59050,52700622,泽普县妇幼保健站,新疆
59051,52700645,富蕴县人民医院,新疆
59052,52700648,青河县人民医院,新疆
59053,52700677,织金县中医院,贵州
59054,52700679,平塘县人民医院,贵州
59055,52700666,贵州盘江煤电集团有限责任公司医院,贵州
59056,52700685,威宁县中医院,贵州
59057,52700669,晴隆县人民医院,贵州
59058,52700691,大方县妇幼保健院,贵州
59059,52700661,洛浦县人民医院,新疆
59060,52700753,蒙自县妇幼保健院,云南
59061,52700755,云南省红河县妇幼保健院,云南
59062,52700671,贞丰县民族中医院,贵州
59063,52700674,兴仁县中医院,贵州
59064,52700756,河口瑶族自治县妇幼保健院,云南
59065,52700759,元阳县妇幼保健院,云南
59066,52700760,金平苗族瑶族傣族自治县妇幼保健院,云南
59067,52700767,云南省工人疗养院,云南
59068,52700770,永胜县中医院,云南
59069,52700771,华坪县妇幼保健院,云南
59070,52700786,云县中医院,云南
59071,52700805,永德县妇幼保健院,云南
59072,52700729,大姚县妇幼保健院,云南
59073,52700732,牟定县妇幼保健院,云南
59074,52700733,武定县妇幼保健院,云南
59075,52700735,南涧彝族自治县妇幼保健院,云南
59076,52700736,宾川县妇幼保健院,云南
59077,52700742,巍山县妇幼保健院,云南
59078,52700699,凯里市妇幼保健院,贵州
59079,52700719,松桃苗族自治县人民医院,贵州
59080,52700745,陇川县妇幼保健院,云南
59081,52700746,梁河县妇幼保健院,云南
59082,52700813,师宗县妇幼保健院,云南
59083,52700777,巍山县中医院,云南
59084,52700782,贡山县县人民医院,云南
59085,52700815,曲靖市马龙区妇幼保健计划生育服务中心,云南
59086,52700841,西双版纳傣族自治州妇幼保健院,云南
59087,52700789,永仁县中医院,云南
59088,52700843,景洪市妇幼保健院,云南
59089,52700790,元谋县中医院,云南
59090,52700791,武定中医院,云南
59091,52700808,怒江州妇幼保健院,云南
59092,52700818,江城哈尼族彝族自治县人民医院,云南
59093,52700823,江城哈尼族彝族自治县妇幼保健站,云南
59094,52700825,西盟佤族自治县人民医院,云南
59095,52700831,景谷傣族彝族自治县人民医院,云南
59096,52700833,澜沧县中医院,云南
59097,52700839,丘北县妇幼保健院,云南
59098,52700890,循化撒拉族自治县人民医院,青海
59099,52700892,青海省果洛州人民医院,青海
59100,52700897,久治县人民医院,青海
59101,52700901,昂欠县医院,青海
59102,52700876,勐海县人民医院,云南
59103,52700881,曲靖市第三人民医院,云南
59104,52700851,峨山县妇幼保健院,云南
59105,52700853,云南省澄江县中医院,云南
59106,52700860,巧家县妇幼保健院,云南
59107,52700862,水富县妇幼保健院,云南
59108,52700864,鲁甸县妇幼保健院,云南
59109,52700866,绥江县妇幼保健计划生育服务中心（绥江县妇幼保健院）,云南
59110,52700867,镇雄县妇幼保健院,云南
59111,52700872,洱源县人民医院,云南
59112,52700904,尖扎县人民医院,青海
59113,52700907,民和回族土族自治县人民医院,青海
59114,52700917,永昌县中医院,甘肃
59115,52700932,舟曲县人民医院,甘肃
59116,52700933,积石山县人民医院,甘肃
59117,52700939,和政县人民医院,甘肃
59118,52700943,东乡族自治县人民医院,甘肃
59119,52700949,泾川县人民医院,甘肃
59120,52085035,前郭县中医院,吉林
59121,52085097,温州佑安医院有限公司佑安为真医学研究所,浙江
59122,52700874,景洪市第一人民医院（南院区）,云南
59123,52700927,兰州兰石医院有限公司,甘肃
59124,52700952,灵台县人民医院,甘肃
59125,52700953,崇信县中医医院,甘肃
59126,52700970,秦安县妇幼保健站,甘肃
59127,52700174,山东省戴庄医院,山东
59128,52090489,福建中医药大学附属康复医院,福建
59129,52090675,北京深迈瑞医疗电子技术研究院有限公司,北京
59130,52090792,北京市通州区梨园社区卫生服务中心,北京
59131,52085049,首都医科大学附属北京地坛医院徐州医院,江苏
59132,52700367,英山县妇幼保健院,湖北
59133,52090745,大冶有色金属公司总医院,湖北
59134,52090838,金堂县第二人民医院,四川
59135,52090890,西安市碑林区中医医院,陕西
59136,52090911,安庆市怀宁县腊树镇卫生院,安徽
59137,52090562,利川宏信和谐医院,湖北
59138,52085415,哈尔滨市第六医院（哈尔滨市传染病医院）,黑龙江
59139,52090724,大新县人民医院,广西
59140,52090742,吉林国文医院,吉林
59141,52090767,东南大学附属中大医院江北分院,江苏
59142,52090887,龙岩市新罗区妇幼保健院,福建
59143,52700142,建昌县中医院,辽宁
59144,52090545,葫芦岛市武警8620部队医院,辽宁
59145,52085380,郑州安图科技发展有限公司,河南
59146,52700426,桂东县中医院,湖南
59147,52700436,永兴县中医院,湖南
59148,52700437,宜章县妇幼保健院,湖南
59149,52700439,安仁县妇幼保健院,湖南
59150,52700446,衡阳市第三人民医院(北院),湖南
59151,52700447,衡南县妇幼保健院,湖南
59152,52700877,弥渡县中医医院,云南
59153,52700883,绥江县中医院,云南
59154,52700990,宜君县人民医院,陕西
59155,52090794,浏阳市北盛镇中心卫生院,湖南
59156,52700368,麻城市妇幼保健院,湖北
59157,52700369,武穴市中医院,湖北
59158,52701000,延长县妇保院,陕西
59159,52091059,北京市丰台区长辛店社区卫生服务中心,北京
59160,52091063,王佐社区服务中心,北京
59161,52090790,包头昆河医院,内蒙古
59162,52090969,杭州迪安生物技术有限公司,浙江
59163,52090903,安徽天伦不孕不育专科医院,安徽
59164,52091120,杭州市富阳区第一人民医院,浙江
59165,52700551,隆回县中医院,湖南
59166,52700559,祁东县人民医院,湖南
59167,52701001,子长县中医院,陕西
59168,52701004,延川县妇幼保健院,陕西
59169,52701006,黄龙县人民医院,陕西
59170,52701009,黄龙县中医院,陕西
59171,52701014,横山县医院,陕西
59172,52701019,吴堡县中医院,陕西
59173,52701054,扶风县中医医院,陕西
59174,52701056,千阳县人民医院,陕西
59175,52701059,眉县人民医院,陕西
59176,52701129,江孜县人民医院,西藏
59177,52701130,西藏昌都地区丁青县人民医院,西藏
59178,52701131,西藏拉萨市达孜县人民医院,西藏
59179,52701132,西藏林芝地区察隅县人民医院,西藏
59180,52701083,西安市周至县妇幼保健站,陕西
59181,52701137,西藏日喀则市仲巴县人民医院,西藏
59182,52701143,西藏昌都市八宿县卫生服务中心,西藏
59183,52701149,西藏阿里地区革吉县人民医院,西藏
59184,52701150,西藏林芝地区朗县人民医院,西藏
59185,52701152,西藏日喀则市定日县人民医院,西藏
59186,52701157,拉萨市林周县人民医院,西藏
59187,52701164,那曲市申扎县人民医院,西藏
59188,52700566,团风县人民医院,湖北
59189,52701166,西藏昌都地区洛隆县人民医院,西藏
59190,52701170,西藏山南市洛扎县人民医院,西藏
59191,52701172,西藏日喀则市定结县人民医院,西藏
59192,52090990,北京孙河社区卫生服务中心,北京
59193,52090991,北京金盏第二社区卫生服务中心,北京
59194,52701062,太白县中医院,陕西
59195,52701191,成都红星老年病医院,四川
59196,52701177,西藏那曲地区安多县人民医院,西藏
59197,52701181,西藏那曲地区双湖特别区人民医院,西藏
59198,52701184,西藏林芝地区米林县人民医院,西藏
59199,52701201,稻城县妇幼保健院,四川
59200,52701202,甘孜县妇幼保健院,四川
59201,52701203,新龙县妇幼保健院,四川
59202,52701206,九龙县妇幼保健院,四川
59203,52701213,炉霍县妇幼保健院,四川
59204,52701216,巴塘县妇幼保健院,四川
59205,52091074,厦门大学附属第一医院思明分院,福建
59206,52091355,青岛市口腔医院,山东
59207,52701220,乐山市井研县妇幼保健院,四川
59208,52701229,隆昌县妇幼保健院,四川
59209,52701233,盐边县妇幼保健院,四川
59210,52701236,宝兴县中医院,四川
59211,52701251,白玉县人民医院,四川
59212,52701252,汶川县人民医院,四川
59213,52701253,若尔盖县人民医院,四川
59214,52701264,雅江县人民医院,四川
59215,52701265,壤塘县人民医院,四川
59216,52701267,色达县人民医院,四川
59217,52701268,巴塘县人民医院,四川
59218,52701271,泸定县中医院,四川
59219,52701272,松潘县人民医院,四川
59220,52700971,张家川回族自治县中医院,甘肃
59221,52700983,玉树县妇幼综合医院,青海
59222,52700989,玉树州妇保院,青海
59223,52091454,敖汉旗中医蒙医医院,内蒙古
59224,52701045,石泉县中医院,陕西
59225,52701046,宁陕县中医院,陕西
59226,52701047,白河县中医院,陕西
59227,52701050,紫阳县中医院,陕西
59228,52701051,旬阳县中医院,陕西
59229,52701088,通江县中医院,四川
59230,52701093,宣汉县妇幼保健院,四川
59231,52701098,武胜县妇幼保健院,四川
59232,52701100,华蓥市妇幼保健院,四川
59233,52701102,苍溪县妇幼保健院,四川
59234,52701110,盐亭县妇幼保健院,四川
59235,52701111,平武县妇幼保健站,四川
59236,52701112,盐亭县中医院,四川
59237,52701117,平武县人民医院,四川
59238,52701123,大英县中医院,四川
59239,52701125,射洪县妇幼保健院,四川
59240,52701194,中江县妇幼保健院,四川
59241,52701298,中江县第四人民医院,四川
59242,52701341,西安华都医院,陕西
59243,52091415,艾瑞体检中心,河南
59244,52091529,厦门生命互联科技有限公司,福建
59245,52700589,福州神康医院,福建
59246,52700612,且末县妇幼保健站,新疆
59247,52701313,华北石油井下医院,河北
59248,52700580,应城市人民医院,湖北
59249,52700914,临洮县人民医院,甘肃
59250,52700615,博州妇幼保健院,新疆
59251,52701063,太白县医院,陕西
59252,52701070,城固县中医院,陕西
59253,52701071,陕西省汉中疗养院,陕西
59254,52700625,鄯善县人民医院,新疆
59255,52700638,新疆巴州若羌县人民医院,新疆
59256,52700658,柯坪县人民医院,新疆
59257,52701338,淄博十字会昌国医院,山东
59258,52700696,水城县中医院,贵州
59259,52091601,江苏鹍远生物科技股份有限公司,江苏
59260,52701079,山阳县妇幼保健院,陕西
59261,52701084,丹凤县医院,陕西
59262,52091495,郓城县中医院,山东
59263,52701359,云南肾脏病医院,云南
59264,52700924,窑街煤电有限责任公司医院,甘肃
59265,52700959,庆阳市西峰区人民医院,甘肃
59266,52700960,宁县中医院,甘肃
59267,52701273,会东县人民医院,四川
59268,52701286,金阳县人民医院,四川
59269,52701287,冕宁县医院,四川
59270,52701288,越西县第一人民医院,四川
59271,52701296,资中县中医院,四川
59272,52701297,自流井区第二人民医院,四川
59273,52701308,城口县人民医院,重庆
59274,52701340,山西现代妇产医院,山西
59275,52701347,天津华山医院,天津
59276,52701320,广州益寿医院,广东
59277,52701364,汕尾中山医院,广东
59278,52091624,安徽中医药大学第二附属医院,安徽
59279,52701378,顺昌县妇幼保健院,福建
59280,52701309,天府矿务局职工总医院,重庆
59281,52091619,浙江大学校医院,浙江
59282,52091622,常山县妇幼保健院,浙江
59283,52701366,西安安琪儿妇产医院,陕西
59284,52091614,苏州市广济医院,江苏
59285,52701414,西安雁塔能康中西医结合医院有限公司,陕西
59286,52701418,温州市鹿城区人民医院,浙江
59287,52701426,赤峰天仁医院,内蒙古
59288,52701339,淄博新华医院,山东
59289,52091475,上海嘉静门诊部有限公司,上海
59290,52701342,上海嘉华医院,上海
59291,52085486,保定市第一中心医院西院,河北
59292,52701431,宁城县妇幼保健计划生育服务中心,内蒙古
59293,52701435,通辽市监狱,内蒙古
59294,52091626,广德县中医院,安徽
59295,52701415,平顶山市计划生育科学技术研究所,河南
59296,52701462,上海纳诺医院,上海
59297,52091717,泰州市姜堰中医院,江苏
59298,52091769,成武县妇幼保健计划生育服务中心,山东
59299,52091627,黄山市第三人民医院,安徽
59300,52085492,天津市静海区妇幼保健计划生育服务中心,天津
59301,52091629,宁国市中医院,安徽
59302,52701400,中国人民解放军第五三五医院,湖南
59303,52701484,浏阳市古港镇中心卫生院,湖南
59304,52091773,菏泽市第二人民医院,山东
59305,52091775,菏泽市妇幼保健院,山东
59306,52091815,青岛市城阳区第二人民医院,山东
59307,52091999,栖霞市中医院,山东
59308,52092003,威海市机关医院,山东
59309,52092005,文登妇幼保健院,山东
59310,52092007,烟台市直机关医院,山东
59311,52092008,烟台市万华医院,山东
59312,52092013,招远市妇幼保健院,山东
59313,52701467,潮安佳华医院,广东
59314,52092017,霍邱县中医院,安徽
59315,52091777,巨野县中医院,山东
59316,52091778,鄄城县人民医院,山东
59317,52091825,东昌府区妇幼保健院,山东
59318,52091834,青岛华山妇产医院有限公司,山东
59319,52701434,中国医科大学附属盛京医院雍森医院,辽宁
59320,52701469,吉安康明眼科医院,江西
59321,52701471,本溪华大医学检验所有限公司,辽宁
59322,52701485,方大医疗营口人民医院,辽宁
59323,52701492,济凡生物科技(北京)有限公司,北京
59324,52091733,电白县妇幼保健院,广东
59325,52091704,苏州星湖医院,江苏
59326,52701470,云南科耀医学检验实验室,云南
59327,52701480,贵阳中医甲状腺医院,贵州
59328,52701411,潍坊市市立医院,山东
59329,52701537,新余美康盛德医学检验实验室有限公司,江西
59330,52091844,费县中医医院,山东
59331,52091030,淄博市中医医院,山东
59332,52091065,河北丹济科技有限公司,河北
59333,52091089,苍溪瑞祥医院,四川
59334,52091143,呼伦贝尔市妇幼保健计划生育服务中心,内蒙古
59335,52701504,上海吉凯医学检验所有限公司,上海
59336,52701554,北京协和建昊医药技术开发有限责任公司,北京
59337,52085628,邹城市人民医院,山东
59338,52085678,福建省职业病与化学中毒预防控制中心,福建
59339,52701494,北京华佑精神康复医院有限公司,北京
59340,52091020,江苏省龙潭监狱医院,江苏
59341,52085625,杭州市上城区南星街道社区卫生服务中心,浙江
59342,52085431,白碱滩第一社区医院,新疆
59343,52085497,日照市精神卫生中心,山东
59344,52085622,忻城县人民医院,广西
59345,52085859,马关县人民医院,云南
59346,52085848,黄州区妇幼保健院,湖北
59347,52085578,重庆市垫江县人民医院,重庆
59348,52033024,中国人民解放军96607部队医院,陕西
59349,52032846,阿拉善盟特戈熙甲状腺病蒙医专科医院,内蒙古
59350,52086015,北镇市中医院,辽宁
59351,52085845,梅州市五华县妇幼保健院,广东
59352,52085389,银川市永宁县人民医院,宁夏
59353,52085638,行唐县妇幼保健院,河北
59354,52085675,宜昌市中心人民医院,湖北
59355,52085709,北京市药品检验所,北京
59356,52024068,中山市石岐苏华赞医院,广东
59357,52024069,中山市坦洲医院,广东
59358,52024080,珠海市医疗中心,广东
59359,52032073,南宁市佳业医疗设备有限责任公司,广西
59360,52085919,北京中生金域诊断技术股份有限公司,北京
59361,52032903,中国人民解放军第二零六医院,吉林
59362,52032913,中国人民解放军总医院第九医学中心,北京
59363,52024081,中国人民解放军第一六八医院,广东
59364,52032899,肇庆市第一人民医院,广东
59365,52033108,成都大学附属医院,四川
59366,52701333,邗江扬子妇科医院,江苏
59367,52701318,广州现代医院,广东
59368,52701319,广州长安医院,广东
59369,52701322,深圳福华中西医结合医院,广东
59370,52701638,西南财经大学医院,四川
59371,52033068,德宏州人民医院,云南
59372,52091677,常州市青龙街道卫生服务中心,江苏
59373,52091682,苏州市吴中区甪直人民医院,江苏
59374,52091707,苏州理想眼科医院,江苏
59375,52091725,句容市天王镇中心卫生院,江苏
59376,52092015,安徽省宿州市第二人民医院,安徽
59377,52701569,勉县红十字医院,陕西
59378,52091727,句容市中医院,江苏
59379,52091758,泰州市第三人民医院,江苏
59380,52091766,邳州市社会福利中心,江苏
59381,52701600,深圳市罗湖医院集团医学检验中心,广东
59382,52033252,广东省人民医院惠福西门诊部,广东
59383,52092057,遂宁市传染病医院,四川
59384,52701597,北京晶科瑞基因生物科技有限公司,北京
59385,52701602,北京德威铭达医学检验所,北京
59386,52701672,济南安佳妇产医院,山东
59387,52701520,上海市黄浦区豫园街道社区卫生服务中心,上海
59388,52701608,通辽市科尔沁区第四人民医院,内蒙古
59389,52701667,历下区第三人民医院,山东
59390,52092058,永顺县中医院,湖南
59391,52092179,永州市中心医院,湖南
59392,52701403,首都医科大学北京妇产医院西院,北京
59393,52092172,驻香港部队后勤卫生处,nan
59394,52701707,博罗县中医院,广东
59395,52701482,南京一民医院,江苏
59396,52091918,宜兴海吉亚医院,江苏
59397,52091810,兖矿集团有限公司第三医院,山东
59398,52091820,济宁市妇幼保健计划生育服务中心,山东
59399,52091933,广州市中治生物技术有限公司,广东
59400,52701726,张家口万全区医院,河北
59401,52701757,保定曲阳恒州医院,河北
59402,52701733,中山市食品药品综合检测中心,广东
59403,52701729,天门康城医院有限公司,湖北
59404,52701734,湘西新途病理诊断有限公司,湖南
59405,52701777,定陶县中医院,山东
59406,52701410,天津市宝坻区钰华医院,天津
59407,52701695,泰禾医疗集团,北京
59408,52701713,建昌县新区医院,辽宁
59409,52701717,南阳市第二人民医院官庄分院社区服务中心,河南
59410,52701737,上海美兆喆源门诊部有限公司,上海
59411,52701784,浙江美兆医疗投资管理有限公司,浙江
59412,52085939,新疆军区总医院幸福路医疗区,新疆
59413,52701793,揭阳市榕城区砲台镇中心卫生院,广东
59414,52086286,南京市栖霞区妇幼保健院,江苏
59415,52701765,邯郸市第七医院,河北
59416,52701817,双滦肿瘤医院,河北
59417,52086375,蒲县中医院,山西
59418,52701900,巴中市恩阳区人民医院,四川
59419,52701910,南京市第一医院临床核医学中心（新院）,江苏
59420,52701804,济南逻捷信息科技有限公司,山东
59421,52701807,北京同安骨科医院,北京
59422,52701814,郑州和美妇儿医院,河南
59423,52033069,大理白族自治州人民医院,云南
59424,52033093,北京市朝阳区疾病预防控制中心,北京
59425,52701923,西藏驻格尔木办事处职工医院,青海
59426,52701832,武汉济民老年医院,湖北
59427,52033122,湖南中医药大学第一附属医院,湖南
59428,52701834,广宁康健医院,广东
59429,52701884,青岛海洋科学与技术国家实验室,山东
59430,52701894,武汉锦欣中西医结合妇产医院,湖北
59431,52701887,山西省长治市第三人民医院,山西
59432,52701962,永安市燕南街道社区卫生服务中心,福建
59433,52701863,河源颐养福利院,广东
59434,52701965,尤溪县新阳中心卫生院,福建
59435,52701865,清远高新区医院,广东
59436,52701893,康美医院,广东
59437,52701968,泰宁县朱口中心卫生院,福建
59438,52701969,泰宁县杉城社区卫生服务中心,福建
59439,52701970,建宁街道社区卫生服务中心,福建
59440,52701981,三明市梅列区医院,福建
59441,52701985,永安市第三医院,福建
59442,52701991,建宁县妇幼保健院,福建
59443,52702024,贵阳荟康医院,贵州
59444,52702029,康美健康小镇投资（昆明）有限公司,云南
59445,52702031,深圳市普瑞康生物技术有限公司,广东
59446,52702017,泉州台商投资区医院,福建
59447,52702036,福建省医务志愿者协会,福建
59448,52033144,嘉兴市中医院,浙江
59449,52701587,潍坊市寒亭区妇幼保健院,山东
59450,52701618,成都光华妇产医院,四川
59451,52701642,BD-河南德尔格科技有限公司-收货,河南
59452,52701950,铁岭县中心医院,辽宁
59453,52092137,宁波宁海县西店卫生院,浙江
59454,52086281,锡林郭勒盟仁真心脑血管专科医院,内蒙古
59455,52086450,福建医科大学附属第二医院东海分院,福建
59456,52086118,河津市同德医院,山西
59457,52092397,砀山县计划生育服务站,安徽
59458,52092396,温州市中医院水心分院,浙江
59459,52092453,北京市房山区琉璃河社区卫生服务中心,北京
59460,52092356,海南建国医院有限公司,海南
59461,52092439,优和维尔健康产业投资管理（北京）有限公司优和维尔门诊部,北京
59462,52092178,衡阳市中医医院,湖南
59463,52092198,定远县总医院,安徽
59464,52092204,东营市新区医院,山东
59465,52092602,邛崃市医疗中心医院,四川
59466,52092018,霍邱县第一人民医院,安徽
59467,52092199,巢湖电力疗养院,安徽
59468,52092400,湘雅常德医院,湖南
59469,52092323,株洲县妇幼保健院,湖南
59470,52092369,三都水族自治县人民医院,贵州
59471,52092614,庆元县中医院,浙江
59472,52701870,绥中民生医院,辽宁
59473,52092447,漯河市源汇区人民医院,河南
59474,52092548,辽宁中医药大学,辽宁
59475,52092372,嘉兴悦程妇产医院,浙江
59476,52033269,沪东造船集团职工医院,上海
59477,52092711,天柱县人民医院,贵州
59478,52092842,贵港市港北区人民医院,广西
59479,52092856,灵山县第二人民医院,广西
59480,52092716,清远市清城区源潭医院（清远市清城区中医院）,广东
59481,52092924,温州市鹿城区第三人民医院,浙江
59482,52092461,浙江新安国际医院,浙江
59483,52092631,平湖绿康老年康复护理院,浙江
59484,52033254,吐鲁番市人民医院,新疆
59485,52092744,沁阳市妇幼保健院,河南
59486,52701854,深圳友谊医院,广东
59487,52701868,乌鲁木齐市眼耳鼻喉专科医院,新疆
59488,52701874,广东六一儿童医院有限公司,广东
59489,52701741,武汉产品质量监督检验所,湖北
59490,52701931,开平市沙冈张立群医院,广东
59491,52701810,联生药（扬州）生物医药有限公司,江苏
59492,52702030,成都东篱医院,四川
59493,52702039,成都新蜀肿瘤医院,四川
59494,52702043,广东莱恩医药研究院有限公司,广东
59495,52092478,山西稳健医疗科技有限公司,山西
59496,52092566,上海对外经贸大学,上海
59497,52092756,北京市丰台区铁营社区卫生服务中心,北京
59498,52086557,三门县人民医院,浙江
59499,52092834,五台县第一人民医院,山西
59500,52086655,海丰县彭湃纪念医院城东分院,广东
59501,52086748,丽水市第二人民医院,浙江
59502,52092927,永康市第二人民医院,浙江
59503,52092836,夏县人民医院,山西
59504,52092863,瑞昌市人民医院（九江市第七人民医院）,江西
59505,52092917,徐州医科大学附属医院东院,江苏
59506,52092861,沁阳市人民医院,河南
59507,52086556,北京三诺健恒糖尿病医院,北京
59508,52092957,郑州迪安医学检验所有限公司,河南
59509,52702055,深圳华丹医院,广东
59510,52092612,绍兴市中心医院钱清分院,浙江
59511,52092701,无锡百佳妇产医院,江苏
59512,52702048,深圳二十三世纪生命科技有限公司,广东
59513,52702075,佛山市顺德区容桂社区卫生服务中心,广东
59514,52702063,广东福慧医学科技有限公司,广东
59515,52086891,福建省中医药大学附属第三人民医院,福建
59516,52702138,昆明五华保健医院,云南
59517,52702142,宜良博亚血液透析中心,云南
59518,52702172,贵州百灵中医糖尿病医院,贵州
59519,52702136,大庆康达血液透析中心,黑龙江
59520,52086892,北京善方医院有限公司,北京
59521,52086326,封开县第二人民医院,广东
59522,52086449,上海蓝十字脑科医院有限公司,上海
59523,52086785,湘潭市第二人民医院,湖南
59524,52086672,彭阳县人民医院,宁夏
59525,52086555,北京平房社区卫生服务中心,北京
59526,52092960,北京先宝妇产医院有限公司,北京
59527,52092994,上海睿昂生物技术有限公司,上海
59528,52702034,安吉联生医院,浙江
59529,52702088,鄂托克旗蒙医综合医院,内蒙古
59530,52702147,义乌宏悦妇产医院,浙江
59531,52702153,青岛佳家康健康管理有限公司,山东
59532,52702159,青岛佳家康中医医院,山东
59533,52702160,即墨佳家康中医医院,山东
59534,52086991,塔城地区中医医院,新疆
59535,52092764,北京亚太联盟医院管理有限公司-临朐海浮山医院,山东
59536,52702182,绍兴越城新兴医院,浙江
59537,52702213,潍坊都市妇产医院,山东
59538,52086569,大连海事大学,辽宁
59539,52093099,陕西省新安中心医院,陕西
59540,52093105,西安市鄠邑区妇幼保健计划生育服务中心（区妇幼保健院）,陕西
59541,52093106,陕西冶金医院,陕西
59542,52702243,平安好医（武汉）综合门诊部有限公司,湖北
59543,52092849,灵山县中医院,广西
59544,52093073,广州中医药大学第一附属医院白云医院,广东
59545,52086675,盐池县人民医院,宁夏
59546,52086678,隆德县人民医院,宁夏
59547,52092940,包头金氏中医肾病医院,内蒙古
59548,52093000,内蒙古大学医院,内蒙古
59549,52093001,内蒙古农业大学医院,内蒙古
59550,52093010,北京市大兴区妇幼保健院,北京
59551,52093069,华中科技大学同济医学院附属同济医院中法新城院区,湖北
59552,52093096,渭南市富平县妇幼保健院,陕西
59553,52093011,嘉善县中医医院,浙江
59554,52093109,太原市云水医院,山西
59555,52702052,旺苍县中医医院,四川
59556,52702257,南宁市妇幼保健院鲤湾院区,广西
59557,52702270,准格尔旗贵峰医院,内蒙古
59558,52702083,肇庆市高要区金利中心卫生院,广东
59559,52093216,衡阳中医正骨医院,湖南
59560,52093229,盐城市亭湖区人民医院,江苏
59561,52093207,平顶山金健医院,河南
59562,52093040,安新县医院,河北
59563,52702249,瑞安罗阳肛肠医院,浙江
59564,52702268,托克托县中蒙医医院,内蒙古
59565,52702283,中国医科大学附属第一医院浑南院区,辽宁
59566,52702284,瑞安薪堂中医医院,浙江
59567,52093232,北京和睦家中西医结合医院有限公司,北京
59568,52702128,上海颖奕医疗美容门诊部有限公司,上海
59569,52702288,绍兴越城仁济医院,浙江
59570,52702289,诸暨新华医院,浙江
59571,52702215,上海东开医院,上海
59572,52702170,西安市高新区海蓓门诊部,陕西
59573,52702117,宜昌市夷陵区妇幼保健院,湖北
59574,52702248,射阳县妇幼保健院,江苏
59575,52702226,徐州新华医院,江苏
59576,52702254,襄州区人民医院,湖北
59577,52702218,上海尚德医院,上海
59578,52702219,上海明南医院,上海
59579,52086780,漳州正兴医院,福建
59580,52092997,呼和浩特市新城区医院,内蒙古
59581,52033253,遂宁市川中石油医院,四川
59582,52087296,广州市宝创生物技术有限公司,广东
59583,52087297,莱州市慢性病防治院（莱州市精神卫生中心）,山东
59584,52093411,光泽县医院,福建
59585,52093598,青岛西海岸新区妇幼保健计划生育服务中心,山东
59586,52033278,武汉体育学院医院,湖北
59587,52033275,松江卫生局,上海
59588,52034117,青岛市市北区人民医院,山东
59589,52033433,南宁市第五人民医院,广西
59590,52093305,东光县中医院,河北
59591,52093090,西安市阎良区中医医院,陕西
59592,52093275,国家卫生计生委科学技术研究所,北京
59593,52093426,唐山市第八医院,河北
59594,52093427,唐山市古冶区医院,河北
59595,52093428,唐山市开平区医院,河北
59596,52093440,泊头市妇幼保健院,河北
59597,52093296,通州觅子店社区卫生服务中心,北京
59598,52093016,乌拉特后旗人民医院,内蒙古
59599,52087025,天津市东丽区中医医院,天津
59600,52093278,北京亚运村美中宜和妇儿医院,北京
59601,52033814,唐山职业技术学院附属医院,河北
59602,52093501,北京市通州区徐辛庄社区卫生服务中心,北京
59603,52093495,嘉兴市秀洲区新塍医院（嘉兴市秀洲区人民医院）,浙江
59604,52093604,泰顺县中医院,浙江
59605,52093502,北京市通州区于家务社区卫生服务中心,北京
59606,52093513,黑龙江省第二医院南岗分院,黑龙江
59607,52093724,双鸭山妇幼保健院,黑龙江
59608,52093582,石家庄市妇幼保健院,河北
59609,52093718,彭水苗族土家族自治县妇幼保健院,重庆
59610,52093706,蠡县中医院,河北
59611,52087237,北京中科华北中医医院,北京
59612,52093433,香河县中医医院,河北
59613,52093445,项城市第一人民医院,河南
59614,52093713,乐平市中医院,江西
59615,52087276,博罗惠博医院,广东
59616,52093518,讷河市人民医院,黑龙江
59617,52093525,黑河市第二人民医院,黑龙江
59618,52087175,沈阳市沈河区中小学校卫生保健所,辽宁
59619,52087246,河南天佑中西医结合肿瘤医院,河南
59620,52093565,辽阳市中心医院新城医院,辽宁
59621,52033256,北京中同蓝博临床检验所有限公司,北京
59622,52033146,如皋市人民医院,江苏
59623,52033416,杭州市萧山区东方疗养院,浙江
59624,52033423,南京迪安医学检验所有限公司,江苏
59625,52034063,北京洛奇医学检验实验室股份有限公司,北京
59626,52093709,恒兴肿瘤医院,河北
59627,52034134,宿州市立医院,安徽
59628,52093636,海伦市人民医院,黑龙江
59629,52033150,蒙阴县人民医院,山东
59630,52086983,大连经济技术开发区医院,辽宁
59631,52093722,丹娜（天津）生物科技股份有限公司,天津
59632,52087558,海城市中心医院,辽宁
59633,52093811,嫩江县人民医院,黑龙江
59634,52087181,江阴市徐霞客医院,江苏
59635,52093818,锦州市传染病医院,辽宁
59636,52702135,常熟费森尤斯血液透析中心,江苏
59637,52702167,镇江新港医院,江苏
59638,52702192,苏州天合鑫源健康门诊部有限公司,江苏
59639,52702227,苏州博爱医院,江苏
59640,52702231,南通玛丽妇科门诊部,江苏
59641,52033414,武安市第一人民医院,河北
59642,52093633,科济生物医药(上海)有限公司,上海
59643,52087177,莆田市第一医院南日分院（秀屿区南日镇卫生院）,福建
59644,52702389,贵州爱康国宾卓悦健康体检有限公司,贵州
59645,52087632,大连康帝会所,辽宁
59646,52702134,福州费森尤斯血液透析中心,福建
59647,52702324,黄骅市起生医院,河北
59648,52702274,四川口腔医院,四川
59649,52702263,朔州骨外科医院,山西
59650,52702330,临海市紫阳老年医院,浙江
59651,52702331,丽水钭氏医院,浙江
59652,52702269,正蓝旗妇幼保健站,内蒙古
59653,52093019,锡林郭勒盟正蓝旗医院,内蒙古
59654,52093022,大连理工大学医院,辽宁
59655,52093023,锡林郭勒盟东乌珠穆沁旗人民医院,内蒙古
59656,52093157,乌拉特前旗蒙中医医院,内蒙古
59657,52702232,如东县环镇医院,江苏
59658,52702334,武汉虎泉医院有限公司,湖北
59659,52702348,咸丰施润肾病医院,湖北
59660,52093072,常州九洲金东方医院,江苏
59661,52093254,北京博瑞恒久科技有限公司,北京
59662,52087450,麟游县中医院,陕西
59663,52087771,洛阳市妇幼保健院（通衢院区）,河南
59664,52702576,广州平安好医医学检验实验室有限公司,广东
59665,52087763,凭祥市中医院,广西
59666,52702602,恩施市慈铭体检中心,湖北
59667,52702596,云南健测检验检测技术有限公司,云南
59668,52702631,六安市裕安区妇幼保健院,安徽
59669,52087027,北京安定门中医医院,北京
59670,52702637,白云区嘉禾街社区卫生服务中心,广东
59671,52702162,香江集团有限公司,广东
59672,52702700,深圳平安好医医学检验实验室,广东
59673,52093812,高平市中医院,山西
59674,52087892,安庆大健康医疗体检门诊部,安徽
59675,52702290,淮南东方医院集团淮化医院,安徽
59676,52093855,马文军综合门诊部,内蒙古
59677,52702307,上海市嘉定区江桥医院,上海
59678,52702240,成都民用航空医学中心,四川
59679,52702294,淮南东方医院集团谢二医院,安徽
59680,52702349,通辽市中医院,内蒙古
59681,52702426,德州市德城区黄河涯医院,山东
59682,52093161,兴安盟人民医院阿尔山分院,内蒙古
59683,52087685,宁波恒正医疗设备有限公司,浙江
59684,52093725,天津市第二医院,天津
59685,52093849,周口永善医院,河南
59686,52702397,北京市泉康医院管理有限公司,北京
59687,52702634,北京美尔目定慧医院,北京
59688,52702346,电白县那霍卫生院,广东
59689,52702682,无为济民医院北区分院,安徽
59690,52093770,北京市昌平区东小口社区卫生服务中心,北京
59691,52702636,亳州市第五人民医院,安徽
59692,52702640,宣化皇城医院,河北
59693,52094003,枣强县人民医院,河北
59694,52093830,澄迈县妇幼保健院,海南
59695,52093835,疏勒县人民医院,新疆
59696,52093850,绥棱县人民医院,黑龙江
59697,52093892,广州市都安全门诊部有限公司,广东
59698,52093848,商水县人民医院,河南
59699,52093824,辽宁省阜新蒙医药研究所,辽宁
59700,52093891,大安市第一人民医院,吉林
59701,52702322,东莞金美济妇女儿童医院有限公司,广东
59702,52702332,四川格林泰科生物科技有限公司,四川
59703,52087930,中国航空工业集团公司北京航空制造工程研究所门诊部,北京
59704,52087931,北京酒仙桥社区卫生服务中心,北京
59705,52093842,范县人民医院,河南
59706,52093898,白山市江源区人民医院,吉林
59707,52702316,南通市海安县墩头中心卫生院,江苏
59708,52087409,句容市后白卫生院,江苏
59709,52088105,广东省云浮市中医院,广东
59710,52087513,成都宝石花医院,四川
59711,52087571,广元德新肾病医院,四川
59712,52087601,中山标佳生物科技有限公司,广东
59713,52093923,北京奎克生物技术有限公司,北京
59714,52088086,上海天佑医院有限公司,上海
59715,52094004,长兴第二医院,浙江
59716,52094062,漳州卫生职业学院医学检验所,福建
59717,52093933,永平街永泰新村社区卫生服务站,广东
59718,52093959,武汉友芝友医疗科技股份有限公司,湖北
59719,52093379,南码头社区卫生服务中心,上海
59720,52094291,大兴安岭地区第二人民医院,黑龙江
59721,52094293,德惠市民心医院,吉林
59722,52094317,成都千麦医学检验所有限公司,四川
59723,52094007,重庆市潼南区妇幼保健计划生育服务中心,重庆
59724,52094143,伊春市妇幼保健院,黑龙江
59725,52093875,邵阳市妇幼保健院,湖南
59726,52094147,许昌市中医院,河南
59727,52093491,轮台县人民医院,新疆
59728,52093638,厦门莲花医院金尚分院,福建
59729,52094243,富拉尔基区人民医院,黑龙江
59730,52034035,鹤山市妇幼保健院,广东
59731,52087951,河北省武强县医院,河北
59732,52034037,乐昌市人民医院,广东
59733,52093819,天津市口腔医院,天津
59734,52094153,北京华泰益康医学检验实验室有限公司,北京
59735,52702713,日照心脏病医院,山东
59736,52034316,连云港市第一人民医院,江苏
59737,52034326,上海市浦东新区周浦医院,上海
59738,52702726,巢湖市柘皋镇中心卫生院,安徽
59739,52035206,日照市中心医院,山东
59740,52702735,丽江市古城区人民医院,云南
59741,52094253,哈尔滨市老年医院,黑龙江
59742,52702750,三台县第二人民医院,四川
59743,52094365,临泉县人民医院新院区,安徽
59744,52702781,海东市高铁新区医院（海东市儿童诊疗中心）,青海
59745,52034334,国网江苏省电力有限公司徐州供电分公司,江苏
59746,52702335,响水县大有镇卫生院,江苏
59747,52702736,鹤山市宅梧镇中心卫生院,广东
59748,52702918,济南市机关医院,山东
59749,52702767,烟台家美妇产医院,山东
59750,52094372,哈尔滨市阿城区儿童医院,黑龙江
59751,52094477,上海观合医药科技股份有限公司,上海
59752,52702787,北京中医药大学孙思邈医院北院区,陕西
59753,52094514,巴彦县中医院,黑龙江
59754,52094510,聊城市脑科医院,山东
59755,52094511,五常市新华医院,黑龙江
59756,52702790,贵阳中天康养健康体检管理有限公司,贵州
59757,52702747,曲靖市妇幼保健院(南苑新区),云南
59758,52702927,通辽市蒙医医院,内蒙古
59759,52088184,古田县第二医院,福建
59760,52088300,盐边县第二人民医院,四川
59761,52088455,深圳市迈科龙生物技术有限公司,广东
59762,52702701,南通药明康德医药科技有限公司,江苏
59763,52702957,黄河三门峡医院（南院区）,河南
59764,52702932,同心县中医医院,宁夏
59765,52088308,武汉市黄陂区人民医院盘龙城分院,湖北
59766,52088436,高密市中医院,山东
59767,52088284,国防大学第二门诊部,北京
59768,52094488,南昌市三三四医院,江西
59769,52702791,莒州利民医院,山东
59770,52702797,潍坊盛德内科医院,山东
59771,52702771,上海科睿金医学检验所有限公司,上海
59772,52702933,六盘水爱康国宾健康体检中心,贵州
59773,52088317,三门峡市中医院,河南
59774,52702906,郸城友谊医院,河南
59775,52088464,北京裕和中西医结合康复医院有限公司,北京
59776,52702954,山东市立医院控股集团第三医院有限公司,山东
59777,52087827,中铁十七局集团有限公司中心医院,山西
59778,52088216,西安变压器厂职工医院,陕西
59779,52088545,广州市花都区新华社区卫生服务中心,广东
59780,52702960,梅州市梅江区金山街道金山社区卫生服务中心,广东
59781,52703042,铜陵博爱医院,安徽
59782,52703045,合肥金谷康复医院,安徽
59783,52703018,太原市中心医院新院区,山西
59784,52703052,青铜峡市妇幼保健计划生育服务中心,宁夏
59785,52087861,温州市深蓝医院有限公司,浙江
59786,52088159,天津市中医药研究院附属医院,天津
59787,52703012,临沂中科肿瘤医院有限公司,山东
59788,52703023,福州施尔医学检验所有限公司,福建
59789,52703031,陕西师范大学生命科学学院,陕西
59790,52703058,湄潭家礼医院,贵州
59791,52703008,武汉明州康复医院,湖北
59792,52703033,北海市结核病防治院,广西
59793,52702956,新乡市中心医院东区医院,河南
59794,52703009,长沙明州康复医院,湖南
59795,52703070,郴州市苏仙区人民医院有限公司,湖南
59796,52702915,海口友爱医院,海南
59797,52703055,山西省第二人民医院(郑村新院),山西
59798,52703125,西咸德尚医院,陕西
59799,52703147,宁夏宝丰医院有限公司,宁夏
59800,52703179,平凉朝阳医院,甘肃
59801,52703211,延安国际医学中心有限公司,陕西
59802,52703107,上海市浦东新区宣桥社区卫生服务中心,上海
59803,52703215,宝鸡康晨祥医院有限公司,陕西
59804,52703131,上海市浦东新区芦潮港社区卫生服务中心,上海
59805,52703134,哈尔滨工业大学二校区医院,黑龙江
59806,52703219,益阳市赫山区妇幼保健院,湖南
59807,52703217,西安医科肿瘤医院,陕西
59808,52703220,陇县东关医院有限责任公司,陕西
59809,52703221,永寿高新医院,陕西
59810,52703224,西安生力源康复医院有限公司,陕西
59811,52703229,西咸新区家馨和平医院股份有限公司,陕西
59812,52703234,西安和平中医医院,陕西
59813,52703236,西安大秦爱康医院有限公司,陕西
59814,52703240,西安慈航儿童医院有限公司,陕西
59815,52703241,西安雁塔祈康儿童医院,陕西
59816,52702990,同仁堂健康大兴零号店,北京
59817,52703060,威海市中心医院高区医院,山东
59818,52703084,郑州中科甲状腺医院,河南
59819,52703245,西安荣德君佑医院有限公司,陕西
59820,52703247,汉中贝康儿童医院,陕西
59821,52702648,固生堂深圳南山分院,广东
59822,52702662,固生堂成都分院,四川
59823,52093883,曲阜市妇幼保健院,山东
59824,52094516,哈尔滨市呼兰区中医院,黑龙江
59825,52093996,新疆维吾尔自治区中医医院(幸福路分院),新疆
59826,52094585,绥化市中医院,黑龙江
59827,52094064,长葛市人民医院,河南
59828,52703094,信阳市七喜肿瘤医院有限公司,河南
59829,52094522,鄱阳县平安医院,江西
59830,52094569,吉林市龙潭区妇幼保健院,吉林
59831,52094575,集安市医院,吉林
59832,52702660,固生堂苏州桃花坞分院,江苏
59833,52094249,西安友谊医学检验所,陕西
59834,52094251,菏泽市鄄城润聪医院,山东
59835,52088209,南京新华卓越门诊部,江苏
59836,52088287,常州市金坛区第二人民医院,江苏
59837,52094664,瓮安县妇幼保健院,贵州
59838,52094604,临沧市妇幼保健院,云南
59839,52094628,内蒙古民族大学,内蒙古
59840,52094348,平罗县妇幼保健院,宁夏
59841,52094349,盐池县妇幼保健所,宁夏
59842,52094921,保定市人民医院,河北
59843,52094320,北京凯弘达科技有限公司-仓库,北京
59844,52094529,宜兴市红塔医院,江苏
59845,52094393,成都汇瑞新元生物科技有限责任公司,四川
59846,52702729,东莞清溪华美妇产医院,广东
59847,52702751,绵阳城北医院,四川
59848,52702777,珠海禅诚医院,广东
59849,52702844,陕西澜庭医疗科技有限公司,陕西
59850,52702860,成都康弘药业集团股份有限公司,四川
59851,52088503,常熟市支塘中心卫生院,江苏
59852,52702923,海门市滨江街道第一社区卫生服务中心,江苏
59853,52702939,灌南县堆沟港中心卫生院,江苏
59854,52703053,鼓楼区卫生和计划生育局,江苏
59855,52702976,重庆市老年学和老年医学学会,重庆
59856,52703048,大理州妇幼保健院（儿童分院）,云南
59857,52088827,江西省峡江县人民医院,江西
59858,52094655,长春理工大学医院,吉林
59859,52094720,小西天门诊部,北京
59860,52088564,四川现代医院,四川
59861,52088567,重庆容光医院,重庆
59862,52095118,西藏自治区第三人民医院,西藏
59863,52094920,蚌埠市传染病医院,安徽
59864,52088540,徐州九龙妇产医院有限公司,江苏
59865,52088944,株洲市渌口区人民医院,湖南
59866,52095380,南昌曙光手足外科医院,江西
59867,52089009,成都理工大学校医院,四川
59868,52703124,横琴至和国际生命科学中心,广东
59869,52703207,达州中科医院有限公司,四川
59870,52703208,西昌仁爱肿瘤医院有限公司,四川
59871,52703250,重庆两江新华医院,重庆
59872,52703251,重庆合川康宁医院,重庆
59873,52703067,东台市安丰中心卫生院,江苏
59874,52088716,衢州市第二人民医院,浙江
59875,52094662,泰州市姜堰区桥头卫生院,江苏
59876,52094834,公主岭市中医院,吉林
59877,52703268,开江齐悦华康医院有限责任公司,重庆
59878,52703273,重庆新宸医院有限公司,重庆
59879,52703278,重庆欧瑞医院有限公司,重庆
59880,52703282,重庆质子肿瘤医院有限公司,重庆
59881,52703292,重庆学府医院,重庆
59882,52094845,四平市中医院,吉林
59883,52095112,台州东方妇产医院,浙江
59884,52088790,内蒙古乌拉特中旗蒙中医医院,内蒙古
59885,52703193,鄂托克旗妇幼保健计划生育服务中心（鄂托克旗妇幼保健院）,内蒙古
59886,52703203,诸城华元骨科医院,山东
59887,52703257,响水县黄圩镇卫生院,江苏
59888,52703255,武汉凯德维斯生物技术有限公司,湖北
59889,52094952,乐山市市中区妇幼保健院,四川
59890,52703393,昆明和万家妇产医院,云南
59891,52703405,宜良红房子妇科医院,云南
59892,52703409,腾冲市颐康医院有限公司,云南
59893,52703460,贵安新区瑞康医院有限责任公司,贵州
59894,52703461,黔西桦晨医院,贵州
59895,52703462,贵州银海眼科医院有限责任公司,贵州
59896,52703464,贵阳阳光关爱医院,贵州
59897,52703467,思南乾宁精神病医院有限公司,贵州
59898,52703468,瓮安厚德医院,贵州
59899,52703470,黔西鸿安医院,贵州
59900,52703471,六盘水汪家寨医院,贵州
59901,52703473,遵义玛丽妇产医院有限公司,贵州
59902,52703474,贵阳魏源医院有限公司,贵州
59903,52703475,铜仁康复医院,贵州
59904,52703478,遵义康兴医院有限公司,贵州
59905,52703504,烟台中西医肛肠医院（烟台南部中西医结合医院）,山东
59906,52703514,昭通安康肾脏病医院,云南
59907,52703516,云南中德骨科医院,云南
59908,52703518,江城德康医院有限责任公司,云南
59909,52703522,弥勒市龚益民医院有限责任公司,云南
59910,52703526,双江仁爱医院,云南
59911,52703539,昆明霍普禾森医院,云南
59912,52703311,广州市黄埔区九龙镇中心卫生院,广东
59913,52703356,呼和浩特市正广兴华宸门诊,内蒙古
59914,52035453,青岛出入境检验检疫局,山东
59915,52035575,西安医学院第一附属医院,陕西
59916,52088981,武汉金域医学检验所有限公司,湖北
59917,52095409,汕尾市优抚医院,广东
59918,52095411,广西容县罗江镇中心卫生院,广西
59919,52088701,保亭县人口和计划生育局,海南
59920,52088980,十堰市郧阳区妇幼保健院,湖北
59921,52095431,昆明长和天城康复医院,云南
59922,52095119,北川羌族自治县人民医院,四川
59923,52703205,石家庄普康医院有限公司,河北
59924,52088770,吉林省体育科学研究所,吉林
59925,52095038,上海爱康君安门诊部有限公司,上海
59926,52703493,青岛市崂山区金家岭街道康城社区卫生服务站,山东
59927,52035217,浙江绿城心血管病医院,浙江
59928,52095448,上海中大肿瘤医院,上海
59929,52095487,天津市南开区王顶堤医院,天津
59930,52095462,绥芬河市人民医院,黑龙江
59931,52095506,北大荒集团牡丹江医院,黑龙江
59932,52095515,成都华银医学检验所有限公司,四川
59933,52095141,沅陵县中医院,湖南
59934,52095149,祁阳县妇幼保健院,湖南
59935,52095396,井冈山市中医院,江西
59936,52095410,梅州市荣军优抚医院,广东
59937,52095463,武汉北斗星耳鼻喉专科医院,湖北
59938,52095114,中国人民解放军南部战区海军第二医院,海南
59940,52095393,余干县人民医院,江西
59941,52095403,中国食品药品检定研究院大兴新院,北京
59942,52095488,新疆明瑞鑫源商贸有限责任公司,新疆
59943,52088891,黑龙江省神经精神病医院(黑龙江省第三医院、黑龙江省精神卫生中心),黑龙江
59944,52095554,驻马店市第二人民医院,河南
59945,52089008,长白山保护开发区中心医院,吉林
59946,52703076,广西壮族自治区人民医院邕武医院,广西
59947,52089083,松江方松社区卫生院,上海
59948,52095559,大化瑶族自治县人民医院,广西
59949,52095504,迁安亲和苑颐养中心,河北
59950,52088983,冷水江市中医院,湖南
59951,52703102,大同市中西医结合医院（大同市平城区鹿苑街道社区卫生服务中心）,山西
59952,52703306,淮安经济技术开发区徐杨乡卫生院,江苏
59953,52703307,淮安市清江浦区城南街道社区卫生服务中心,江苏
59954,52703309,海门市常乐镇卫生院,江苏
59955,52703325,重庆市恒达园康复医院有限公司,重庆
59956,52703334,北京同仁堂（四川）中西医结合医院有限公司,四川
59957,52703335,成都武侯泰康蓉健综合门诊部有限公司,四川
59958,52703341,成都成华三松医院,四川
59959,52703342,重庆璧山博爱医院,重庆
59960,52703346,成都铜雀台美容整形医院,四川
59961,52095092,四川省创世亚中医疗器械有限责任公司,四川
59962,52095093,罗氏诊断产品（上海）有限公司－培训中心,上海
59963,52095286,BD-广东卫健医疗器械有限公司-收货,广东
59964,52095294,BD-北京巴瑞医疗器械有限公司-器械仓库,北京
59965,52095295,BD-北京凯弘达科技有限公司-收货,北京
59966,52095360,BD-内蒙古迪安丰信医疗科技有限责任公司-收货,内蒙古
59967,52095373,闸北区市北医院分部,上海
59968,52095467,滨海县人民医院,江苏
59969,52703310,海门工业园区（三星镇）卫生院,江苏
59970,52095099,贵州省六盘水市第三人民医院,贵州
59971,52703079,美兆（中国）健康医疗集团,上海
59972,52088880,福建福能健康管理有限公司,福建
59973,52703100,江西圣德医院有限公司,江西
59974,52095525,厦门弘爱医院,福建
59975,52095626,西双版纳州万达医院,云南
59976,52703263,久邦善心门诊部,广东
59977,52703109,嘉兴康华医学检验有限公司,浙江
59978,52703352,北京颐美佳中医院,北京
59979,52095150,蒲县人民医院,山西
59980,52095641,萍乡市第二人民医院,江西
59981,52703496,重庆市大足区第二人民医院,重庆
59982,52095642,昆明安琪儿妇产医院,云南
59983,52703512,厦门市翔安区新圩中心卫生院,福建
59984,52035189,白山市长白朝鲜族自治县中医院,吉林
59985,52035580,欧陆生物科技（上海）有限公司,上海
59986,52089058,济南医院,山东
59987,52089216,重庆市武隆区人民医院,重庆
59988,52095425,醴陵泰安医院,湖南
59989,52095474,西藏山南地区藏医院,西藏
59990,52703712,桂林市朝阳社区卫生服务中心,广西
59991,52089398,沧州市人民医院医专院区,河北
59992,52095551,河南科技大学第二附属医院,河南
59993,52095553,洛阳市第五人民医院,河南
59994,52095566,上海仁爱医院,上海
59995,52095573,南阳市中医院,河南
59996,52095577,安阳市人民医院东区新院,河南
59997,52703767,武汉洪山复新医院,湖北
59998,52703773,武汉马应龙中西医结合肛肠医院,湖北
59999,52703774,武汉马应龙综合门诊部,湖北
60000,52095593,开福区人民医院,湖南
60001,52703259,酒泉市妇幼保健站,甘肃
60002,52703542,平泉市第二医院,河北
60003,52095557,福州市皮肤病防治院,福建
60004,52095571,泉州市第三医院,福建
60005,52703676,海南海航健康管理有限公司,海南
60006,52703703,广西医大开元埌东医院有限责任公司,广西
60007,52095597,株洲恺德心血管病医院,湖南
60008,52095607,辽宁省精神卫生中心,辽宁
60009,52095670,泰康健康产业投资控股有限公司,北京
60010,52703544,郓城诚信医院潘渡分院,山东
60011,52703708,市北谭静中医诊所,山东
60012,52703718,石家庄禾柏生物技术股份有限公司,河北
60013,52089088,烟台爱康国宾健康体检管理有限公司莱山门诊部,山东
60014,52095605,鞍山市第三医院,辽宁
60015,52095611,锦州市康宁医院,辽宁
60016,52095653,长丰县人民医院,安徽
60017,52703756,广州顺姿生综合门诊部有限公司,广东
60018,52703758,广西美澳妇产医院有限公司南宁美澳妇产医院,广西
60019,52703759,南宁和睦家医疗投资有限公司,广西
60020,52703748,南京华晟医学检验实验室有限公司,江苏
60021,52703808,广西中医药大学第一附属医院仙葫院区,广西
60022,52703814,晋中婴泰妇产医院,山西
60023,52703815,太原同善康复医院,山西
60024,52095704,遵义医科大学第二附属医院,贵州
60025,52703729,杭州市余杭区第一人民医院乔司分院,浙江
60026,52089089,东莞市虎门医院（树田总院）,广东
60027,52089435,中国癌症基金会安徽肿瘤康复医院,安徽
60028,52089491,沈阳出入境检验检疫局,辽宁
60029,52089458,西安莲湖好韵门诊部,陕西
60030,52089718,桂林美年大健康健康管理有限公司,广西
60031,52089361,昔阳县乐平镇卫生院,山西
60032,52089573,黄石市第二医院,湖北
60033,52089592,深圳市龙岗区慢性病防治院,广东
60034,52089662,东阳市横店医院,浙江
60035,52089433,台州市路桥博爱医院,浙江
60036,52703621,上海贞固医学检验实验室有限公司,上海
60037,52703735,廊坊诺道中科医学检验实验室有限公司,河北
60038,52703777,沈阳虹桥中医医院,辽宁
60039,52089831,上海浦东华隆堂门诊部,上海
60040,52095718,安图县人民医院,吉林
60041,52089837,北京圣地妇儿医院,北京
60042,52038467,交城县医疗集团（交城县人民医院、交城县医疗集团人民医院）,山西
60043,52095630,南京爱尔眼科医院,江苏
60044,52703350,攀枝花合美家正广兴健康咨询有限公司,四川
60045,52703351,成都高新正广兴门诊部,四川
60046,52703368,叙永巴川精神病医院有限公司,四川
60047,52703378,四川仁泰达医院有限责任公司,四川
60048,52703379,武胜东双滨江医院,四川
60049,52703479,蔺州伊丽莎白亚医院,四川
60050,52703497,巴中华慈医院,四川
60051,52703508,巴中舒康医院有限责任公司,四川
60052,52703589,泸州普贤外科医院（有限合伙）,四川
60053,52703696,深圳博德嘉联医生集团门诊部,广东
60054,52095594,长沙市口腔医院,湖南
60055,52095664,厦门大学附属翔安医院,福建
60056,52095619,新疆佳音医院喀什分院,新疆
60057,52095662,广东省人民医院珠海医院,广东
60058,52095676,岳阳市四人民医院,湖南
60059,52095678,永州市芝山医院,湖南
60060,52095713,武威市中医医院,甘肃
60061,52095673,北京市海淀区清河卫生服务中心,北京
60062,52095824,资阳北辰妇产医院,四川
60063,52095834,蒙自市人民医院,云南
60064,52095756,唐山车城医院,河北
60065,52095780,安图县中医院,吉林
60066,52703667,大连精美达综合门诊部有限公司,辽宁
60067,52095682,鲁西南医院,山东
60068,52095698,兰陵县大仲村中心卫生院,山东
60069,52095739,泉州医学高等专科学校附属人民医院,福建
60070,52703818,沈阳睿铭安医学检验所有限公司,辽宁
60071,52095747,无锡市新吴区新瑞医院(上海瑞金医院无锡分院),江苏
60072,52095723,贵港市覃塘区人民医院,广西
60073,52703827,宁儿医院股份有限公司,湖南
60074,52703906,株洲爱思特医疗美容有限公司,湖南
60075,52703912,湘潭爱思特医疗美容有限公司,湖南
60076,52703937,湘潭市中心医院昭山分院(湖南惠景生殖与遗传专科医院),湖南
60077,52703879,鄂州艾格眼科医院,湖北
60078,52703880,武汉汉阳艾格眼科医院有限公司,湖北
60079,52703848,成武县同慧医院有限公司,山东
60080,52703857,济南佳美健康管理服务有限公司,山东
60081,52703903,沈阳民生耳鼻喉专科医院,辽宁
60082,52703960,北京美澳门诊部,北京
60083,52089736,深圳阳光医院,广东
60084,52703882,黄陂艾格眼科医院,湖北
60085,52703883,武汉民生眼耳鼻喉专科医院,湖北
60086,52703741,南京市溧水区东屏镇卫生院,江苏
60087,52703742,南京市溧水区永阳街道社区卫生服务中心,江苏
60088,52703824,福建医科大学附属协和医院（西院）,福建
60089,52089834,广州爱博恩妇产医院,广东
60090,52703902,保定民生耳鼻喉专科医院,河北
60091,52703939,杭州中卫中医肿瘤医院,浙江
60092,52703943,山东潍坊经济开发区人民医院,山东
60093,52089833,厦门莲花医院莲河总院,福建
60094,52089836,东莞光华医院,广东
60095,52703746,南京新港医院,江苏
60096,52095782,成都万达UPMC国际医院,四川
60097,52703985,重庆植恩源康医学检验实验室有限公司,重庆
60098,52095649,河北省第六人民医院,河北
60099,52095693,二连浩特市东城社区卫生服务中心,内蒙古
60100,52704017,济南中德骨科医院,山东
60101,52089849,台山市水步卫生院,广东
60102,52089881,廉江市妇幼保健院,广东
60103,52704020,长春中德骨科医院,吉林
60104,52704024,达州美年大健康管理有限公司,四川
60105,52095684,山西省太原精神病医院,山西
60106,52704057,荆州华厦眼科医院,湖北
60107,52089853,沭阳县中医院,江苏
60108,52090129,长春金赛药业有限责任公司,吉林
60109,52704061,雅和骨科医疗（广州）有限公司,广东
60110,52703755,长沙市中医康复医院,湖南
60111,52703934,张家界市精神病医院,湖南
60112,52703981,新疆长安中医脑病医院,新疆
60113,52704011,西安雁塔慈益医院,陕西
60114,52704019,青岛市市北区河西街道社区卫生服务中心,山东
60115,52704029,石家庄厚朴病理诊断中心有限公司,河北
60116,52703970,醴陵康复医院有限公司,湖南
60117,52703854,利辛兴华医院,安徽
60118,52704050,永州眼科医院,湖南
60119,52704082,沛县复兴眼科医院,江苏
60120,52704120,广州东沙医院,广东
60121,52704132,广东省第三荣军医院,广东
60122,52704137,开平市荻海医院,广东
60123,52704141,江门市结核病防治所,广东
60124,52704144,梅州金盘医院,广东
60125,52704145,兴宁市第二人民医院,广东
60126,52704148,汕头市金平区第三人民医院,广东
60127,52704154,核工业四一九医院,广东
60128,52704155,深圳市中金岭南股份公司韶关分公司职工医院,广东
60129,52704156,广东省韶关监狱医院,广东
60130,52704158,广东省韶关钢铁集团有限公司医院宝山分院,广东
60131,52704164,云浮硫铁矿企业集团公司医院,广东
60132,52704165,遂溪县中医院,广东
60133,52704071,兰州华厦眼科医院,甘肃
60134,52704077,北京华厦民众眼科医院,北京
60135,52704079,赣州华厦眼科医院,江西
60136,52704021,上海冬雷脑科医院有限公司,上海
60137,52095859,漯河市第六人民医院,河南
60138,52038569,巴彦淖尔市临河区妇幼保健院,内蒙古
60139,52704059,贵阳阳明眼科医院,贵州
60140,52704092,东莞南城美年大健康门诊部,广东
60141,52704177,黄山区中医院,安徽
60142,52704115,佛山市口腔医院,广东
60143,52704117,南方医科大学顺德医院附属杏坛医院,广东
60144,52704213,海珠区南石头街社区卫生服务中心,广东
60145,52704218,爱康国宾贵阳世纪城韦顺达源分院,贵州
60146,52704126,广州文明微创医院,广东
60147,52704127,广州紫荆医院,广东
60148,52704060,鄂州市第三医院,湖北
60149,52704204,常德力源医学检验合伙企业(有限合伙),湖南
60150,52704191,金华市金东区中医院,浙江
60151,52704211,湖南湘雅博爱康复医院,湖南
60152,52704216,太原其美妇产医院,山西
60153,52704221,北海市铁山港区妇幼保健院,广西
60154,52704245,都江堰市第三人民医院,四川
60155,52704263,贵阳铭仁耳鼻喉医院,贵州
60156,52704268,合肥包河医院,安徽
60157,52704166,湛江农垦东方红农场医院,广东
60158,52704231,上海市崇明区城桥镇社区卫生服务中心,上海
60159,52704271,鹤壁煤业（集团）有限责任公司八矿医院,河南
60160,52704256,上海市崇明区港沿镇社区卫生服务中心,上海
60161,52704209,澧县第三人民医院,湖南
60162,52704266,邯郸市中心医院邯山分院,河北
60163,52704067,许昌华厦眼科医院,河南
60164,52704069,郑州华厦视光眼科医院,河南
60165,52704176,上海徐浦中医医院,上海
60166,52704253,阜新矿业(集团)平安医院,辽宁
60167,52704247,福安市计划生育服务站,福建
60168,52704251,福州市精神病人疗养院,福建
60169,52704261,广州博爱医院,广东
60170,52704276,洞口祥和医院,湖南
60171,52704297,开平市水口医院,广东
60172,52704362,汕头市龙湖区第三人民医院,广东
60173,52704280,淮北市第四人民医院,安徽
60174,52704360,陕西红十字友好医院,陕西
60175,52704361,汕头博德眼科医院,广东
60176,52704371,韶关芙蓉新区医院,广东
60177,52704376,上海市崇明区竖新镇社区卫生服务中心,上海
60178,52704289,吉安丽人医院,江西
60179,52704370,上海正德医院,上海
60180,52704487,北京加科思新药研发有限公司,北京
60181,52704273,黑龙江省眼科医院,黑龙江
60182,52704308,芒市华山正发眼科医院,云南
60183,52704351,清河林区人民医院,黑龙江
60184,52704372,深圳大学医院,广东
60185,52704401,芜湖仁济医院,安徽
60186,52704284,吉林市凤凰妇产医院,吉林
60187,52704355,瑞丽市妇幼保健计划生育服务中心,云南
60188,52704404,西双版纳华山眼科医院,云南
60189,52703855,什邡康义精神病医院有限责任公司,四川
60190,52703890,深圳生命之源血液透析中心,广东
60191,52703891,深圳欧可拉普医疗美容诊所,广东
60192,52704285,吉林市脑康医院,吉林
60193,52704310,牡丹江市建国医院,黑龙江
60194,52704290,金华九悦医院,浙江
60195,52704486,厦门达菲医学检验实验室,福建
60196,52703861,天津市滨海新区塘沽街三槐路社区卫生服务中心,天津
60197,52095977,云南德润养老服务投资有限公司,云南
60198,52096007,大姚县中医医院,云南
60199,52095997,浦北县妇幼保健院,广西
60200,52096014,南宁市武鸣区妇幼保健院（南宁市武鸣区妇女儿童医院）,广西
60201,52704383,太原市中心医院北院,山西
60202,52704312,南昌大学医院,江西
60203,52703931,茂名和家宝妇女儿童医院,广东
60204,52703942,都江堰首嘉医院有限公司,四川
60205,52703988,重庆华西牙科医院,重庆
60206,52703990,广安华泰奎阁医院有限公司,四川
60207,52703991,重庆南滨妇产医院有限公司,重庆
60208,52095858,白银市康复医院,甘肃
60209,52095872,东方市人民医院,海南
60210,52096025,河源市紫金县人民医院,广东
60211,52703952,苏州瑞迎康复医院,江苏
60212,52095893,海南航空股份有限公司航空卫生所,海南
60213,52095951,珠海市金湾区三灶医院,广东
60214,52095897,山西太和堂药业有限公司,山西
60215,52095983,丰城市妇幼保健院,江西
60216,52095901,重庆市梁平县人民医院,重庆
60217,52095995,新疆熙睦圆健康管理有限责任公司,新疆
60218,52096009,临沧市中医医院,云南
60219,52095922,合肥中山医院有限公司,安徽
60220,52096019,汕头市潮阳区人民医院,广东
60221,52095954,庆安县中医院,黑龙江
60222,52096000,安阳市第六人民医院,河南
60223,52095949,深圳和济医院,广东
60224,52095857,宁波镇海区炼化医院,浙江
60225,52095998,闵行区肿瘤医院,上海
60226,52096033,和元生物技术（上海）股份有限公司,上海
60227,52703995,江油爱婴妇产儿童医院有限公司,四川
60228,52703998,大竹中信长生医院有限公司,四川
60229,52704002,平昌安济医院有限公司,四川
60230,52704003,绵阳华厦眼科医院,四川
60231,52704006,广安妇美医院有限公司,四川
60232,52704045,三台华厦眼科医院,四川
60233,52089950,成都医附大甲状腺医院,四川
60234,52089964,襄汾县人民医院,山西
60235,52704070,佛山华厦眼科医院,广东
60236,52704085,海南中联国际医疗投资有限公司,海南
60237,52704136,江门市新会区皮肤病防治院,广东
60238,52704167,湛江爱尔奥理德眼科,广东
60239,52090325,枞阳县人民医院(第一分院),安徽
60240,52095926,德安县中医医院,江西
60241,52096135,海西州蒙藏医院,青海
60242,52704095,南京江宁莱宁门诊部有限公司,江苏
60243,52095866,常熟瑞丽医院,江苏
60244,52096077,汕头市龙湖区第二人民医院,广东
60245,52096108,邳州裕隆神光医学检验所有限公司,江苏
60246,52096050,深圳宝田医院,广东
60247,52090108,瑞金市人民医院,江西
60248,52090415,江西省体育科学研究所,江西
60249,52096039,偏关县人民医院,山西
60250,52096111,晋西机器工业集团有限责任公司医院,山西
60251,52704048,漳州华厦眼科医院,福建
60252,52704049,华厦眼科医院集团莆田眼科医院,福建
60253,52704051,华厦眼科医院集团泉州眼科医院,福建
60254,52089663,浙江安吉健恒糖尿病医院,浙江
60255,52096115,皮山县人民医院,新疆
60256,52089717,青岛市市南区妇幼保健所,山东
60257,52090281,甘孜藏族自治州人民医院第二医疗区,四川
60258,52096104,姚安县中医医院,云南
60259,52096112,瑞丽景成医院有限公司,云南
60260,52096088,麻江县人民医院,贵州
60261,52096109,钦州市钦北区妇幼保健院,广西
60262,52090356,遵义市第一人民医院桃溪院区,贵州
60263,52096120,黑龙江省小儿脑性瘫痪防治疗育中心,黑龙江
60264,52096123,佳木斯市精神病医院,黑龙江
60265,52090655,松溪县中医院,福建
60266,52096178,潜江市中医医院,湖北
60267,52096155,曲靖市中医医院,云南
60268,52090167,昌邑市妇幼保健院,山东
60269,52090280,霸州鑫泰医院,河北
60270,52090346,南昌千麦医学检验实验室有限公司,江西
60271,52090531,蓬莱西山中西医结合医院,山东
60272,52090611,廊坊健康管理医院,河北
60273,52090715,北仑区大港医院,浙江
60274,52090723,南京市儿童医院（河西）,江苏
60275,52090815,世博高新医院,山东
60276,52096202,长沙千麦医学检验实验室有限公司,湖南
60277,52096191,文登整骨烟台医院,山东
60278,52090901,北京远洋健康博雅诊所有限公司,北京
60279,52704236,大连公安医院,辽宁
60280,52704243,丹东泓信医院,辽宁
60281,52704226,常州激光医院,江苏
60282,52704168,湛江骨科医院,广东
60283,52704228,成都高新博力医院有限公司,四川
60284,52704258,广元圣仁康医院,四川
60285,52704311,南部圣仁康医院,四川
60286,52704316,南充圣仁康康复医院,四川
60287,52704403,西安仲德骨科医院,陕西
60288,52704331,平阴县妇幼保健计划生育服务中心,山东
60289,52704406,歙县昌仁医院,安徽
60290,52704407,上海市崇明区向化镇社区卫生服务中心,上海
60291,52704320,南京南部新城瑞慈妇儿医院有限公司,江苏
60292,52704321,南京三胞医院建设管理有限公司,江苏
60293,52704322,南京市建邺医院,江苏
60294,52704332,莆田市肿瘤医院,福建
60295,52704336,上海市浦东新区黄楼社区卫生服务中心,上海
60296,52704344,上海市浦东新区周浦社区卫生服务中心,上海
60297,52704345,上海市浦东新区祝桥社区卫生服务中心,上海
60298,52704512,永川卧龙医院,重庆
60299,52704326,南通良春中医医院,江苏
60300,52704400,无锡顾连医院,江苏
60301,52096159,三亚市中医院,海南
60302,52096169,广西壮族自治区骨伤医院,广西
60303,52704631,上海鹍远医疗科技有限公司,上海
60304,52704352,泉州丰泽新阳光妇科医院,福建
60305,52704536,巴彦淖尔市临河区康复医院,内蒙古
60306,52704496,上海中医药大学南京协爱中医医院,江苏
60307,52704712,淮安兴淮国际医院有限公司,江苏
60308,52096161,汕尾市人民医院,广东
60309,52096059,镇原县中医医院,甘肃
60310,52096172,秭归县中医医院,湖北
60311,52096249,武汉康测科技有限公司,湖北
60312,52096265,天等县妇幼保健院,广西
60313,52096376,广州市白云区黄石医院,广东
60314,52096175,宜都市第一人民医院,湖北
60315,52096366,乐安县人民医院,江西
60316,52096183,琼海市人民医院,海南
60317,52096199,儋州现代医院,海南
60318,52096309,北京中研医院管理中心东城中医医院,北京
60319,52096310,北京市石景山区杨庄医院,北京
60320,52091033,桂林中辉科技发展有限公司,广西
60321,52096215,丽水出入境检验检疫局国际旅行卫生保健中心,浙江
60322,52096379,肇庆市鼎湖区中医院,广东
60323,52091078,吕梁美年爱我家门诊部（有限公司）,山西
60324,52091103,北京市丰台区大红门社区卫生服务中心,北京
60326,52096254,内蒙古易和医院,内蒙古
60327,52096221,宁波市杭州湾医院（KA）,浙江
60328,52096306,阜阳市第四人民医院,安徽
60329,52091142,呼和浩特金域医学检验所有限公司,内蒙古
60330,52096314,北京崇文中方中医医院,北京
60331,52096362,高安市中医院,江西
60332,52096437,周口骨科医院,河南
60333,52091196,上海海雁医药科技有限公司,上海
60334,52096316,北京振国肿瘤康复医院,北京
60335,52096331,南安市中医院,福建
60336,52704672,佳木斯市肿瘤医院,黑龙江
60337,52096179,枣庄市王开传染病医院,山东
60338,52096198,琼中福兴医院,海南
60339,52096205,成都天使儿童医院,四川
60340,52704732,黄岛国际旅行卫生保健中心,山东
60341,52096369,南昌嘉佑健康体检城,江西
60342,52096399,南阳南召县第一人民医院,河南
60343,52096400,镇平县人民医院,河南
60344,52096396,伊川县人民医院,河南
60345,52096102,山东省精神卫生中心,山东
60346,52704724,天津儿童病专科医院,天津
60347,52704762,曲靖九洲医院,云南
60348,52704699,松原市中医院,吉林
60349,52704728,天津市河西区中医医院,天津
60350,52704734,石家庄华创医学检验实验室有限公司,河北
60351,52704774,青岛静康中医肾脏病医院,山东
60352,52704740,来宾市兴宾区迁江镇中心卫生院,广西
60353,52096383,德庆县中医院,广东
60354,52096417,渑池县人民医院,河南
60355,52096418,民权县人民医院（总医院）,河南
60356,52096456,揭阳市复退军人医院,广东
60357,52096412,河南省舞钢市人民医院,河南
60358,52096424,武陟县人民医院,河南
60359,52096405,河南省信阳市新县人民医院,河南
60360,52096429,兰考县中心医院,河南
60361,52096432,河南省封丘县人民医院,河南
60362,52704726,湘潭市中医医院,湖南
60363,52704719,萍乡矿业集团高坑煤矿职工医院,江西
60364,52096465,浑源县人民医院,山西
60365,52096438,滑县人民医院,河南
60366,52096444,新乡县人民医院,河南
60367,52096457,临海市中医院,浙江
60368,52096466,天镇县人民医院,山西
60369,52096470,大同市云州区人民医院,山西
60370,52096476,太原市娄烦县人民医院,山西
60371,52096489,建水县第二人民医院,云南
60372,52096490,金平县人民医院,云南
60373,52096497,会泽县妇幼保健院,云南
60374,52096498,沾益县妇幼保健院,云南
60375,52096505,富源县中医院,云南
60376,52096623,华阴市妇幼保健院,陕西
60377,52096634,礼泉县中医医院,陕西
60378,52096640,陕西兴化集团有限责任公司职工医院,陕西
60379,52096450,陆丰市人民医院,广东
60380,52096732,本溪钢铁(集团)南芬医院,辽宁
60381,52096643,泾阳县中医医院,陕西
60382,52096699,眉山市中铁医院,四川
60383,52096507,会泽县中医院,云南
60384,52096543,北京武圣东里社区卫生服务站,北京
60385,52096548,北京华德眼科医院,北京
60386,52096557,宁津县中医院,山东
60387,52096567,东明县中医医院,山东
60388,52096495,砚山县中医院,云南
60389,52096477,静乐县人民医院,山西
60390,52096478,芮城县人民医院,山西
60391,52096577,共和县中医院,青海
60392,52096580,互助县中医院,青海
60393,52096581,化隆回族自治县人民医院,青海
60394,52096589,白银市平川区人民医院,甘肃
60395,52096597,敦煌市中医院,甘肃
60396,52096734,新宾满族自治县中医院,辽宁
60397,52096514,柳州市人民医院河东分院,广西
60398,52096517,蒙山县第二人民医院,广西
60399,52096612,武威市妇幼保健院,甘肃
60400,52096614,张掖市妇幼保健院,甘肃
60401,52096661,甘谷县人民医院,甘肃
60402,52096672,平凉市中医医院,甘肃
60403,52096496,马关县中医医院,云南
60404,52096648,富县中医医院,陕西
60405,52096652,延川县中医院,陕西
60406,52096619,西宁昆仑医院,青海
60407,52096628,西安工业大学医院,陕西
60408,52096632,咸阳西橡医院,陕西
60409,52096679,南江县中医院,四川
60410,52096683,渠县中医院,四川
60411,52096685,宣汉县中医院,四川
60412,52096687,达州市达川区中医医院,四川
60413,52096691,华蓥市人民医院,四川
60414,52096692,邻水县人民医院,四川
60415,52096406,潢川县人民医院,河南
60416,52096534,北京市通州区东辰医院,北京
60417,52096460,宁海梅桥医院,浙江
60418,52096461,北仑骨科医院,浙江
60419,52096749,松阳县中医院,浙江
60420,52096703,梓潼县中医医院,四川
60421,52096708,苍溪县中医医院,四川
60422,52090900,重庆北部妇产医院,重庆
60423,52090926,新疆医科大学第一附属医院昌吉分院,新疆
60424,52096730,辽阳市传染病医院,辽宁
60425,52096735,彰武县妇幼保健院,辽宁
60426,52096746,沈阳市于洪区人民医院,辽宁
60427,52704801,杭州云呼医学检验实验室有限公司,浙江
60428,52704806,平度市华塞医学检验实验室有限公司,山东
60429,52704814,山东德联医学检验所有限公司,山东
60430,52704815,山东中拓医学检验有限公司,山东
60431,52704817,胶州市塞力斯医学检验实验室有限公司,山东
60432,52704880,华辉安健（北京）生物科技有限公司,北京
60433,52704940,新疆生产建设兵团奎屯中医院,新疆
60434,52704947,南安市卫生局,福建
60435,52704731,博乐市维吾尔医医院,新疆
60436,52704828,汾西矿务局工程处职工医院,山西
60437,52704671,朔州市平鲁区人民医院,山西
60438,52090996,北京王四营社区卫生服务中心,北京
60439,52704689,句容市华阳社区卫生服务中心,江苏
60440,52090942,瑞丽市人民医院,云南
60441,52091000,葫芦岛市妇幼保健院,辽宁
60442,52091273,北京英博中西医结合医院,北京
60443,52704999,云南启迪雅康博医学检验所有限公司,云南
60444,52704718,山东大学齐鲁医院高新区医院,山东
60445,52704779,南方医科大学深圳口腔医院（坪山）,广东
60446,52705041,石家庄荣瑷医学检验股份有限公司,河北
60447,52705025,瓦房店市富再君中医院有限公司,辽宁
60448,52705068,上海中优医学检验所有限公司,上海
60449,52705028,上饶市人民医院城北院区,江西
60450,52705055,南昌大学第一附属医院(象湖院区),江西
60451,52704738,张家界市人民医院（新院）,湖南
60452,52705123,博白海上王仁济医院,广西
60453,52705133,黑龙江农垦神经精神病防治院,黑龙江
60454,52705105,天津宜善肿瘤医院,天津
60455,52705098,常州市肿瘤医院新北院区,江苏
60456,52704825,许昌市中心医院鹿鸣湖院区,河南
60457,52705139,北京广集源医学检验实验室有限公司,北京
60458,52704875,中国石油集团东方地球物理勘察有限责公司公共事业部职工中心医院,河北
60459,52705101,河北省农林科学院遗传生理研究所,河北
60460,52705159,井研县人民医院,四川
60461,52705147,北京安智因医学检验实验室有限公司,北京
60462,52705163,北京华信医学检验实验室管理有限公司,北京
60463,52705170,北京金则医学检验实验室有限公司,北京
60464,52705172,北京基石医学检验实验室有限公司,北京
60465,52705173,北京呈诺医学检验实验室有限公司,北京
60466,52091062,海南省三沙市人民医院,海南
60467,52091156,滨州医学院烟台附属医院,山东
60468,52091200,复旦大学附属中山医院厦门医院,福建
60469,52091201,西安市阎良铁路医院,陕西
60470,52096255,太仆寺旗医院,内蒙古
60471,52096334,厦门海沧新阳医院,福建
60472,52705108,全椒同仁医院,安徽
60473,52096295,高邮市送桥中心卫生院,江苏
60474,52096752,文成县中医医院,浙江
60475,52096343,天津市蓟州区中医医院,天津
60476,52096710,江油市传染病医院,四川
60477,52096712,四川省第十五建筑工程公司职工医院,四川
60478,52096717,巴中市骨科医院,四川
60479,52096755,什邡第二医院,四川
60480,52096781,宿迁市第二医院,江苏
60481,52096821,惠水县中医院,贵州
60482,52096757,什邡市第四人民医院,四川
60483,52096659,佳县中医院,陕西
60484,52096669,靖边县人民医院,陕西
60485,52096797,北京市海淀区北太平庄医院,北京
60486,52096822,松桃苗族自治县民族中医院,贵州
60487,52096828,剑河县民族医院,贵州
60488,52096829,荔波县中医院,贵州
60489,52096798,北京外国语大学医院,北京
60490,52096848,禄劝忠爱医院,云南
60491,52096849,昆明西仪医院,云南
60492,52096864,永平县中医院,云南
60493,52096323,蕲春县妇幼保健院,湖北
60494,52096804,武安市妇幼保健院,河北
60495,52096830,息烽县人民医院,贵州
60496,52096841,黎平县人民医院,贵州
60497,52096913,昭苏县人民医院,新疆
60498,52090992,六里屯社区卫生服务中心,北京
60499,52091126,滨州市沾化区计划生育服务站,山东
60500,52096795,北京京煤集团总医院王平医院,北京
60501,52096885,南华附二醴陵兆和医院,湖南
60502,52096887,新化县妇幼保健医院,湖南
60503,52096906,松溪县妇幼保健院,福建
60504,52091253,德州市陵城区中医院,山东
60505,52096910,浦城县妇幼保健院,福建
60506,52091254,北京国卫生殖健康专科医院,北京
60507,52096925,阿合奇县人民医院,新疆
60508,52096927,农八师石河子总场医院,新疆
60509,52096928,乌苏市妇幼保健院,新疆
60510,52091354,三门峡市湖滨区妇幼保健院,河南
60511,52096458,慈溪市坎墩医院,浙江
60512,52704745,成都高新同爱慧康医院,四川
60513,52096959,汉滨区第一医院,陕西
60514,52096962,白河县人民医院,陕西
60515,52704749,成都锦欣老年病医院,四川
60516,52704750,成都锦欣沙河堡医院,四川
60517,52704752,成都上和医院,四川
60518,52096933,克拉玛依市乌尔禾区乌尔禾镇卫生院,新疆
60519,52704755,成都童康儿童医院,四川
60520,52704756,川北医学院（南充）国际医院有限责任公司,四川
60521,52704759,江苏康瑞家医疗投资管理有限公司成都武侯科华北路综合门诊部,四川
60522,52096941,霍尔果斯市人民医院,新疆
60523,52096944,陕西省交通医院,陕西
60524,52096945,汉中市传染病医院,陕西
60525,52096966,扶风县妇幼保健院,陕西
60526,52096969,岐山县第二医院,陕西
60527,52704764,射洪佳士肿瘤医院,四川
60528,52096970,先机厂职工医院,陕西
60529,52704765,四川锦欣妇女儿童医院,四川
60530,52096976,柞水县人民医院,陕西
60531,52096979,宝鸡卷烟厂职工医院,陕西
60532,52704766,企鹅医生成都诊所,四川
60533,52096981,眉县中医医院,陕西
60534,52097006,重庆市大渡口区中医院,重庆
60535,52097020,合肥市瑶海区第一人民医院（康泰医院）,安徽
60536,52097023,旌德县人民医院,安徽
60537,52096810,宁晋县中西医结合医院,河北
60538,52096883,靖州苗族侗族自治县妇幼保健院,湖南
60539,52096947,西吉县中医院,宁夏
60540,52096948,隆德县中医医院,宁夏
60541,52096950,吴忠市妇幼保健院,宁夏
60542,52096987,中卫市第二人民医院,宁夏
60543,52096988,河北省第七人民医院,河北
60544,52097028,庐江县中医院,安徽
60545,52704772,内蒙古体育医院,内蒙古
60546,52097133,金家庄街道社区卫生服务中心,安徽
60547,52097206,荣成市荫子镇卫生院,山东
60548,52097263,阆中市人民医院（七里院区）,四川
60549,52096996,延庆县精神卫生保健院,北京
60550,52097272,清镇市中医院,贵州
60551,52097001,北京北海医院,北京
60552,52096999,北京市顺义区法医院,北京
60553,52096985,西安市周至县中医医院,陕西
60554,52097025,凤阳县中医院,安徽
60555,52097029,全椒县中医医院,安徽
60556,52097002,北京市宣武区精神病医院,北京
60557,52097014,奉节县人民医院,重庆
60558,52097041,广西千麦品真医学检验有限公司,广西
60559,52096775,寿光市中医医院,山东
60560,52096778,沂源县人民医院,山东
60561,52097071,北京伟达中医肿瘤医院,北京
60562,52097087,上海兰卫医学检验所股份有限公司－杭州分公司,浙江
60563,52097065,连云港市第一人民医院高新院区,江苏
60564,52097068,上海览海门诊部有限公司,上海
60565,52096990,满城县医院,河北
60566,52096992,张家口市第五人民医院,河北
60567,52097235,北京中日友好医院西区,北京
60568,52097255,桐乡市第四人民医院,浙江
60569,52097117,江西奉新第二中医院,江西
60570,52097129,石家庄迪安医学检验实验室有限公司,河北
60571,52097246,临沂市第三人民医院,山东
60572,52705181,北京长峰医院股份有限公司,北京
60573,52705192,北京天元医学检验所有限公司,北京
60574,52705193,北京诺莱医学检验所有限公司,北京
60575,52705204,邯郸市中心医院西院区,河北
60576,52097215,重庆蓝天妇产医院,重庆
60577,52705225,天津协和医学检验有限公司,天津
60578,52705230,天津善通医学检验实验室有限公司,天津
60579,52705275,陕西中医药大学第二附属医院（西咸院区）,陕西
60580,52705255,长沙市第四医院滨水新城院区,湖南
60581,52704827,临汾市中心医院（解放西路院区）,山西
60582,52096601,榆中县中医院,甘肃
60583,52096609,正宁县人民医院,甘肃
60584,52096671,陇南市武都区第一人民医院,甘肃
60585,52705265,北京世和医学检验实验室有限公司,北京
60586,52705270,上海衡道医学病理诊断中心有限公司,上海
60587,52705289,上海药明奥测医疗科技有限公司,上海
60588,52096521,杭锦后旗妇幼保健院,内蒙古
60589,52096528,商都县人民医院,内蒙古
60590,52096565,新泰市妇幼保健院,山东
60591,52096768,山东省警官总医院,山东
60592,52704867,东莞松山湖东华医院,广东
60593,52705326,深河人民医院,广东
60594,52705288,佛山市三水区南山镇卫生院,广东
60595,52091438,杭州市余杭区第三人民医院,浙江
60596,52096523,镶黄旗人民医院,内蒙古
60597,52096737,南票矿区总医院,辽宁
60598,52705058,济宁任城恒康医院,山东
60599,52705290,南宁市儿童医院,广西
60600,52705307,天博金紫里诊所,广东
60601,52705309,深圳云杉云里医院,广东
60602,52705312,广东亿辰康医疗科技有限公司,广东
60603,52705324,中国南方航空股份有限公司航空卫生中心,广东
60604,52705325,深圳大学附属华南医院,广东
60605,52705332,江西省妇幼保健院红谷滩医院,江西
60606,52705375,吉林佰圣医学检验实验室有限公司,吉林
60607,52705351,武汉蒲云医学检验实验室有限公司,湖北
60608,52705545,忠县中医医院,重庆
60609,52705553,贵港红房子妇产医院,广西
60610,52091458,上海瑞亿生物技术有限公司,上海
60611,52705356,北京美尔目医院管理有限公司,北京
60612,52705515,北京京科肝泰医院,北京
60613,52705443,平邑县中医院新院区,山东
60614,52705486,东莞市第三人民医院（东莞市石龙人民医院）-惠育分院,广东
60615,52705524,北京新世纪怡德咨询有限公司新世纪怡德朝外诊所,北京
60616,52705549,忻州亿佳医院,山西
60617,52705573,深圳汉喜心血管病医院,广东
60618,52705590,闽侯县妇幼保健院,福建
60619,52705577,湖南江湾医疗产业发展有限责任公司,湖南
60620,52705593,清丰县第三人民医院,河南
60621,52705190,合肥长兴康复医院,安徽
60622,52705537,威海仁爱百年中医医院,山东
60624,52705600,辉县市第四人民医院,河南
60625,52705570,宁波市北仑区滨海新城医院,浙江
60626,52705530,巴中市巴州区妇幼保健院,四川
60627,52705645,德令哈长江医院,青海
60628,52705074,高博专科门诊部,广东
60629,52705075,广州高博干细胞科技有限公司,广东
60630,52705080,南京威廉医疗科技有限公司,江苏
60631,52091430,莲湖区桃园社区卫生服务中心,陕西
60632,52705208,潍坊市中医院东院区,山东
60633,52705426,青海省海北藏族自治州第一人民医院,青海
60634,52705283,普宁市梅林镇中心卫生院,广东
60635,52705440,湛江国际旅行卫生保健中心,广东
60636,52091494,常州市武进区嘉泽镇成章卫生院,江苏
60637,52091502,蔡甸区人民医院,湖北
60638,52097287,儋州市人口和计划生育服务中心,海南
60639,52091633,赣州中西医结合医院,江西
60640,52097292,六安百佳妇产医院,安徽
60641,52097298,阜阳百佳妇产医院,安徽
60642,52097338,凤庆县人民医院,云南
60643,52097101,邳州市妇幼保健院,江苏
60644,52091708,嘉兴市常春藤老年医院（嘉兴老年医疗中心有限公司）,浙江
60645,52097322,上海百佳医院,上海
60646,52091353,宜春仁德妇幼医院,江西
60647,52091736,北京市大兴区黄村医院,北京
60648,52091816,闽清县总医院,福建
60649,52091564,河北省三河市儿童医院,河北
60650,52091537,潮州市潮安区妇幼保健院,广东
60651,52091713,滨海新仁慈医院,江苏
60652,52096786,盐都区第二人民医院,江苏
60653,52091561,长春中医药大学附属医院白山医院(白山市中医院),吉林
60654,52096909,莆田协和医院,福建
60655,52091917,上海戴是凯门诊部有限公司,上海
60656,52096921,农十二师二二一团医院,新疆
60657,52091798,池州市第三人民医院(池州市精神病医院),安徽
60658,52091824,曹县县立医院,山东
60659,52096842,六盘水市第二人民医院,贵州
60660,52097017,重庆市中医骨科医院,重庆
60661,52097037,都江堰和美妇科医院,四川
60662,52097072,深圳迈奇生物科技有限公司,广东
60663,52097146,恒博集团,四川
60664,52097203,成都百汇医院,四川
60665,52092025,益阳市中心医院高新院区,湖南
60666,52092016,宿州市中医院,安徽
60667,52091996,三亚养生岛体检医院有限公司,海南
60668,52092002,安徽省公共卫生临床中心南区,安徽
60669,52091836,平度市妇幼保健计划生育服务中心(平度市妇幼保健院),山东
60670,52097097,衡山县妇幼保健院,湖南
60671,52097254,无锡凯宜医院,江苏
60672,52092023,合肥华澳临床医学检验所,安徽
60673,52091842,临沂市河东区相公中心卫生院,山东
60674,52092033,福州市经济开发区医院,福建
60675,52092035,芦山县人民医院,四川
60676,52091922,昆明博奥三合医学检验实验室有限公司,云南
60677,52096924,库车县中医医院,新疆
60678,52096930,新疆生产建设兵团第六师医院(五家渠市人民医院),新疆
60679,52091839,北儿医院（烟台）有限公司,山东
60680,52091884,诸城中医医院,山东
60681,52092001,安徽医科大学第一附属医院高新分院,安徽
60682,52092097,乐陵市中医院,山东
60683,52705188,成都长峰医院,四川
60684,52097344,昭通仁安医院,云南
60685,52705216,海门市海门街道第二社区卫生服务中心,江苏
60686,52092037,封丘华康综合医院,河南
60687,52092006,烟台建筑医院,山东
60688,52092056,上海杨思医院,上海
60689,52097294,济南艾玛妇产医院,山东
60690,52097357,慈溪城东医院,浙江
60691,52097358,杭州城东医院有限公司,浙江
60692,52097369,泉州高品医学检验实验室有限责任公司,福建
60693,52097374,淄博市懿仁堂中医院,山东
60694,52097401,景谷傣族彝族自治县妇幼保健院,云南
60695,52097408,哈尔滨市延寿县人民医院,黑龙江
60696,52091670,江阴市周庄医院,江苏
60697,52097507,西安市人民医院（西安市第四医院）航天城院区,陕西
60698,52097383,广州市博精医学科技有限公司,广东
60699,52091703,金坛薛埠卫生院,江苏
60700,52097397,中南大学湘雅五医院,湖南
60701,52097452,北京同善堂中医医院,北京
60702,52097476,长沙昌恒康复医院,湖南
60703,52097371,慧明医疗（宁夏）有限公司,宁夏
60704,52097340,上海和睦家新城医院有限公司,上海
60705,52097398,焦作名仕医院,河南
60706,52097425,微山湖医院,山东
60707,52705466,天津市宝坻区妇产医院,天津
60708,52705582,从都生命健康管理医院,广东
60709,52097515,六盘水安琪儿妇产医院,贵州
60710,52705604,吴川德信综合门诊部,广东
60711,52097547,长春千麦医学检验实验室有限公司,吉林
60712,52097569,杭州市职业病防治院,浙江
60713,52097567,庆安县妇幼保健院,黑龙江
60714,52097592,重庆医科大学附属第二医院江南医院,重庆
60715,52097626,贵州茅台酒厂(集团)有限责任公司,贵州
60716,52097629,衢州市衢江区杜泽中心卫生院,浙江
60717,52705720,临桂梁桥水中西医结合医院,广西
60718,52097528,青岛好美德妇产医院,山东
60719,52097564,吉林省中医药科学院（高新院区）,吉林
60720,52097568,通化市妇幼保健院,吉林
60721,52097607,上海天坛普华医院,上海
60722,52705684,深圳微伴医学检验实验室,广东
60723,52705726,广州艾维迪生物技术有限公司,广东
60724,52092193,国瑞怡康医学检验所（上海）有限公司,上海
60725,52705621,兴安盟蒙医院,内蒙古
60726,52705769,长兴雉州医院,浙江
60727,52705762,广州解序基因科技有限公司,广东
60728,52097331,东莞大岭山俪仁妇产医院有限公司,广东
60729,52097295,常州维思达眼科医院,江苏
60730,52091716,扬州市江都妇幼保健院,江苏
60731,52091718,南京市溧水区中医医院,江苏
60732,52091726,句容市下蜀中心卫生院,江苏
60733,52091728,扬中市八桥中心卫生院,江苏
60734,52091776,济宁市中西医结合医院（济宁市任城区中医院）,山东
60735,52091783,曲阜中医院,山东
60736,52091805,高青县人民医院,山东
60737,52091826,济南市民族医院,山东
60738,52091916,蓝海之略健康管理医院,广东
60739,52091927,莱州市妇幼保健院,山东
60740,52705747,宣威市第一人民医院（新院区）,云南
60741,52091731,镇江市丹徒区中医院,江苏
60742,52091759,泰州妇产医院,江苏
60743,52092028,宁波市北仑区大榭街道社区卫生服务中心,浙江
60744,52092098,德州市第二人民医院,山东
60745,52092177,兰州市西固区中医院,甘肃
60746,52705788,杭州市临安区妇幼保健院,浙江
60747,52097433,遂宁市中心医院河东分部,四川
60748,52097407,四川米诺娃妇女儿童医院,四川
60749,52097448,东莞东华医院生态园门诊,广东
60750,52097665,广元长生肾病医院,四川
60751,52097671,嘉祥县妇幼保健院,山东
60752,52097526,宁波市海曙区高桥镇卫生院,浙江
60753,52097650,五原县世康医院,内蒙古
60754,52097563,昭通市妇幼保健院,云南
60755,52097651,陕西省地质矿产勘查开发局职工医院,陕西
60756,52705770,鄄城马爱云妇儿医院,山东
60757,52705832,北京市新河医院,北京
60758,52705855,江西省地质矿产勘查开发局水文地质工程地质大队山水温泉疗养院,江西
60759,52097432,福州泰禾阿莱恩斯门诊部,福建
60760,52705722,淄博市临淄区中医院,山东
60761,52097648,北京市房山区阎村镇社区卫生服务中心,北京
60762,52097680,深圳天伦医院,广东
60763,52097732,康诺亚生物医药科技(成都)有限公司,四川
60764,52097653,北京市丰台区大红门街道京温社区卫生服务站,北京
60765,52097744,广西壮族自治区皮肤病研究所,广西
60766,52097666,安化县妇幼保健院,湖南
60767,52097667,安化县人民医院,湖南
60768,52097662,萍乡矿业集团有限责任公司总医院,江西
60769,52097750,紫云恒益中医院,贵州
60770,52097751,贵州美兆大健康管理有限公司,贵州
60771,52097806,东莞兰卫医学检验实验室有限公司,广东
60772,52097808,绥化市第一医院,黑龙江
60773,52097473,昌吉市人民医院,新疆
60774,52097580,浙江龙传生物医药科技有限公司,浙江
60775,52097765,柳河县中心医院,吉林
60776,52097821,九江长虹妇产医院,江西
60777,52092437,广东省第二中医院白云分院,广东
60778,52092446,郑州新华医院,河南
60779,52092450,北京市丰台中西医结合医院,北京
60780,52092456,北京亦庄医院,北京
60781,52097863,太谷友好医院,山西
60782,52705765,连云港市妇幼保健院,江苏
60783,52092359,梅州市嘉应医学院附属医院,广东
60784,52092399,温州东瓯医院,浙江
60785,52092011,长岛人民医院,山东
60786,52092451,北京市门头沟区永定镇社区卫生服务中心（北京市门头沟区永定镇卫生院）,北京
60787,52092127,兰坪县妇幼保健院,云南
60788,52092197,芜湖市繁昌区人民医院,安徽
60789,52092457,北京市西城区首都医科大学附属复兴医院月坛社区卫生服务中心,北京
60790,52092401,六盘水慈铭健康体检中心,贵州
60791,52092497,齐齐哈尔电业局职工医院,黑龙江
60792,52092513,故城县妇幼保健院,河北
60793,52092514,海丰生物科技（北京）有限公司,北京
60794,52092596,北京长子营社区卫生服务中心,北京
60795,52092577,南充市顺庆区人民医院,四川
60796,52092603,都匀市人民医院,贵州
60797,52092597,北京市海淀区东升镇社区卫生服务中心（北京市海淀区东升卫生院）,北京
60798,52092609,北京市海淀区羊坊店社区卫生服务中心,北京
60799,52092038,淇县华康医院,河南
60800,52092607,宜兴市妇幼保健所,江苏
60801,52705858,济南远大中医脑康医院,山东
60802,52705804,广州市番禺区何贤纪念医院沙湾分院,广东
60803,52705899,四川大学华西基础与法医学院机能实验室,四川
60804,52705910,镇雄丽人妇产医院,云南
60805,52092600,揭阳市空港经济区渔湖镇中心卫生院,广东
60806,52705846,南京市鼓楼区卫生健康委员会,江苏
60807,52705924,稷山正身医院,山西
60808,52705859,山东亮康眼科医院,山东
60809,52705959,上海康隽健康管理有限公司,上海
60810,52705967,南阳胸科医院,河南
60811,52705977,北京雅和亚运村妇儿门诊部,北京
60812,52706008,金华市婺城区人民医院,浙江
60813,52706049,海城市第二人民医院,辽宁
60814,52706050,文丝健康管理研究院,北京
60815,52706005,凤冈县妇幼保健院,贵州
60816,52705841,华亭煤业集团公司总医院安口分院,甘肃
60817,52705997,温州市体检中心,浙江
60818,52705983,北京翰洁吉源医院,北京
60819,52705828,上海强直医院,上海
60820,52705911,南京市高淳人民医院新区,江苏
60821,52705991,上海古美医院,上海
60822,52705815,克拉玛依市慈慧体检,新疆
60823,52705895,高唐县人民医院,山东
60824,52705908,鄄城县中医医院,山东
60825,52705892,济南市长清区中医医院,山东
60826,52097834,重庆市合川区妇幼保健院,重庆
60827,52097823,衡阳市蒸湘区妇幼保健院,湖南
60828,52097855,赤峰协和医院,内蒙古
60829,52097907,赤峰铭仁医院,内蒙古
60830,52097928,武汉光谷联合医学检验所,湖北
60831,52097910,合肥工业大学医院,安徽
60832,52706203,克拉玛依市诚裕慈惠综合门诊部(有限公司),新疆
60833,52705969,岳阳市中心医院金鹗山院区,湖南
60834,52097904,沁水县人民医院,山西
60835,52097868,甘谷西京医院,甘肃
60836,52097880,西安秦皇医院,陕西
60837,52097869,安徽安琪儿妇产,安徽
60838,52097993,光泽县妇幼保健院,福建
60839,52097925,东营市中医医院,山东
60840,52097934,陆良县中医院南门分院,云南
60841,52097919,五寨县第一人民医院,山西
60842,52097771,武汉市硚口区古田街社区卫生服务中心,湖北
60843,52097885,华容县人民医院,湖南
60844,52097822,菏泽康惠健康管理有限公司,山东
60845,52097867,北京龙山中医医院,北京
60846,52097992,济源市卫生学校附属医院,河南
60847,52097809,泸州锦欣妇产医院有限公司,四川
60848,52098075,天津武清仁和医院,天津
60849,52097729,宁波鄞州区妇幼保健所,浙江
60850,52705939,南京康瑞家门诊部,江苏
60851,52705940,东莞东城康瑞家门诊部,广东
60852,52706217,崂山区社区卫生服务中心,山东
60853,52706243,江苏先声医疗器械有限公司,江苏
60854,52706249,佛山市妇幼保健院新城院区,广东
60855,52706248,太原福瑞德门诊部有限责任公司,山西
60856,52098065,辽阳妇产医院,辽宁
60857,52097861,漳浦金浦医院,福建
60858,52097862,漳浦仁德医院,福建
60859,52706252,衡水高新医院,河北
60860,52706264,成都市龙泉驿区第一人民医院,四川
60861,52706357,南京华大医学检验所有限公司,江苏
60862,52706286,武汉云晟康医学检验实验室有限公司,湖北
60863,52706287,武汉武生医学检验实验室有限公司,湖北
60864,52706295,武汉康复得医学检验实验室有限公司,湖北
60865,52706305,武汉承启医学检验实验室有限公司,湖北
60866,52706254,威海里口山医院有限公司,山东
60867,52706321,河北医科大学第二医院北院区,河北
60868,52706282,济南历下柯莱美妇科门诊部,山东
60869,52706325,商丘新希望门诊部,河南
60870,52706367,江苏金斯瑞生物科技有限公司,江苏
60871,52706306,武汉嘉辰医学检验实验室有限公司,湖北
60872,52706310,武汉思泰得医学检验实验室有限公司,湖北
60873,52706360,南阳康圣医学检验所有限公司,河南
60874,52706379,北京美尔目眼科医院,北京
60875,52706380,北京美尔目第二眼科,北京
60876,52706388,营口何氏眼科医院（有限公司）,辽宁
60877,52706369,临沂高新技术产业开发区马厂湖镇卫生院,山东
60878,52706396,阿勒泰地区中医医院,新疆
60879,52706417,贵阳星力妇产医院有限公司,贵州
60880,52706412,南京昂科利医学检验实验室有限公司,江苏
60881,52706413,郑州大学第三附属医院新区医院,河南
60882,52092493,北京嘉事德康医疗器械经营有限公司,北京
60883,52092619,中国科学技术大学附属第一医院(安徽省立医院)南区,安徽
60884,52706120,江油宝石花医院有限公司,四川
60885,52706127,广西品真供应链管理有限公司,广西
60886,52706391,葫芦岛何氏眼科医院（有限公司）,辽宁
60887,52706377,宁波鄞州东方健康城医院,浙江
60888,52706411,北京清源儿童医院医疗投资有限公司,北京
60889,52092617,攀枝花市中西医结合医院,四川
60890,52092608,绍兴市上虞妇幼保健院,浙江
60891,52706056,南京一德康复医院,江苏
60892,52092700,北京北亚中医医院,北京
60893,52092705,北京市通州区甘棠社区卫生服务中心,北京
60894,52092692,福州市台江区妇幼保健院,福建
60895,52092767,北京前海股骨头医院,北京
60896,52092768,崇州市人民医院,四川
60897,52092622,烟台山-瑞康,山东
60898,52092685,盘山县人民医院,辽宁
60899,52092702,北京朝阳区双井第二社区卫生服务中心,北京
60900,52097944,鹤庆县妇幼保健院,云南
60901,52098046,哈尔滨市南岗区妇产医院,黑龙江
60902,52098160,饶河县人民医院,黑龙江
60903,52092717,宁夏虹桥怡康妇产医院,宁夏
60904,52098067,树兰（宁波）妇产科医院,浙江
60905,52098089,瓦房店国际医学中心,辽宁
60906,52098138,新民市妇婴医院,辽宁
60907,52092821,郸城县人民医院,河南
60908,52092710,晋中市第四人民医院,山西
60909,52098156,汾阳市中医院,山西
60910,52098157,晋城市城区中医院,山西
60911,52092776,大连医科大学,辽宁
60912,52092712,连州市妇幼保健院,广东
60913,52098182,蚌埠第四人民医院,安徽
60914,52098170,广东宝瑞国际医学中心,广东
60915,52092828,左云县人民医院,山西
60916,52092829,大同市新荣区人民医院,山西
60917,52092838,寿阳县人民医院,山西
60918,52092832,繁峙县第一人民医院,山西
60919,52092833,河曲县人民医院,山西
60920,52092837,稷山县人民医院,山西
60921,52098041,广州市荔湾区骨伤科医院,广东
60922,52098074,重庆铂肴医学检验实验室有限公司,重庆
60923,52092822,重庆市万盛经济技术开发区中医院,重庆
60924,52098092,常州市爱心护理院,江苏
60925,52706244,广东省水电医院凤凰城院区,广东
60926,52706533,青岛菩提慧生医学检验有限公司,山东
60927,52706594,深圳市健鹏医药有限公司,广东
60928,52706628,鹤立林业局职工医院,黑龙江
60929,52706262,盐城市大丰中医院,江苏
60930,52706605,黔南州妇幼保健院,贵州
60931,52706395,新疆静宁医院,新疆
60932,52706620,石家庄爱康卓悦健康体检中心有限公司,河北
60933,52706646,大庆北大健康体检中心,黑龙江
60934,52706695,启东市妇幼保健院,江苏
60935,52706702,肇庆市亿康经济发展有限公司肇庆妇产医院,广东
60936,52706608,龙口南山养生谷肿瘤医院,山东
60937,52706690,国药医疗健康产业有限公司,北京
60938,52706692,杭州橙信医疗管理有限公司塘萍路诊所,浙江
60939,52706725,桂林福彗妇产医院有限公司,广西
60940,52706751,沂南县大庄中心卫生院,山东
60941,52706414,内江启春医院,四川
60942,52706418,深圳兔兔诊所,广东
60943,52706419,深圳兔兔医疗管理有限公司,广东
60944,52706465,潍坊市奎文区中心医院,山东
60945,52706475,上海力胜生物科技有限公司,上海
60946,52706647,讷河和一协医院,黑龙江
60947,52706689,武汉瑞泰兰丁医学检验所有限公司,湖北
60948,52092694,绍兴市越城区斗门镇卫生院,浙江
60949,52092714,东莞友华医院,广东
60950,52093066,大庆市第五医院,黑龙江
60951,52092950,杭州市西湖区中西医结合医院,浙江
60952,52706808,灵山县陆屋镇中心卫生院,广西
60953,52092996,延安市中医医院,陕西
60954,52706267,台山市川岛镇下川卫生院,广东
60955,52093100,西北有色医院,陕西
60956,52093104,西安市鄠邑区人民医院,陕西
60957,52093107,百奥泰生物制药股份有限公司,广东
60958,52706333,宣汉县第二人民医院,四川
60959,52706524,渠县汇龙医院,四川
60960,52706606,山东寰基生物科技有限公司济南寰基医学检验所,山东
60961,52706318,上海爱德会CEO健康俱乐部,上海
60962,52706470,漯河市中心医院西城分院(漯河市精神病专科医院),河南
60963,52706679,上海历晶门诊部,上海
60964,52706659,江西省人民医院红谷滩院区,江西
60965,52706698,襄阳市妇幼保健院,湖北
60966,52098248,海伦市二轻医院,黑龙江
60967,52092879,揭阳市揭东区新亨镇中心卫生院,广东
60968,52092948,杭州市老年病医院（杭州市第一人民医院城北院区）,浙江
60969,52092961,清远市连山县人民医院,广东
60970,52092876,大连市甘井子区妇幼保健院,辽宁
60971,52706854,北京博昊云天科技有限公司,北京
60972,52706935,北京中医药研究院,北京
60973,52098274,长沙华夏医院,湖南
60974,52706910,介休三贤健康体检中心医院,山西
60975,52706953,灵石县仁康医院,山西
60976,52706952,深圳深业康复医院有限公司,广东
60977,52093084,渭南市第一医院,陕西
60978,52093085,渭南市第二医院,陕西
60979,52093149,西藏民族大学附属医院,陕西
60980,52092839,翼城县人民医院,山西
60981,52706966,九州通医疗器械集团有限公司,湖北
60982,52706999,桐庐光华未来医院,浙江
60983,52093198,山西吕梁文水县西城乡中心卫生院,山西
60984,52707016,山西弘慈化建医院有限公司,山西
60985,52707022,北京首颐中医医院有限公司,北京
60986,52707037,天津宜善医院,天津
60987,52707040,天津西青区宜善现代医院有限公司,天津
60988,52707062,北京市丰台区益民门诊部,北京
ERROR:  character with byte sequence 0xe2 0x80 0x8b in encoding "UTF8" has no equivalent in encoding "GBK"
